prompt_id,domain,task_type,LLM_name,LLM_Input,LLM_output
1,gymnastics,explanation,Gemini 3.5 Flash-Lite,Explain why maintaining body tension is important during a handstand.,"Maintaining body tension is the single most important factor in achieving a stable, efficient, and safe handstand. Without tension, the body becomes a ""floppy noodle,"" making balance nearly impossible. 

Here is a detailed breakdown of why body tension is crucial during a handstand:

### 1. It Creates a Single, Solid Unit of Balance
When you stand on your feet, your center of mass is close to the ground, and your nervous system easily micro-adjusts your ankles to keep you upright. In a handstand, your hands are the base of support, and your center of mass is far away. 
* **The Physics:** If your body is loose, every joint (hips, knees, spine, shoulders) acts independently. If your hips sag, the weight shifts, and you have to chase the balance point. 
* **The Solution:** Tension locks your joints into alignment. By squeezing your glutes, bracing your core, and pressing through your shoulders, you fuse your entire body into **one rigid lever**. This means when you make a correction, your whole body moves together, making the balance predictable and manageable.

### 2. It Prevents the ""Banana Back"" (Arching)
Without active core and glute tension, gravity will pull the heavy parts of your body—specifically your stomach and thighs—toward the floor. 
* This results in an arched, ""banana"" shape. 
* Arching shifts your center of mass outside of your base of support (your hands), forcing you to fall over.
* Proper tension (a ""hollow body"" shape) stacks your wrists, shoulders, hips, and ankles in a straight vertical line, allowing gravity to work *for* you rather than pulling you down.

### 3. It Reduces Energy Expenditure (Efficiency)
Trying to balance a loose body requires constant, flailing corrections using brute strength. This burns out your muscles very quickly. 
* When you create full-body tension, you distribute the work across multiple muscle groups (wrists, shoulders, core, glutes, quads, and calves). 
* This creates mechanical advantage, allowing you to hold the handstand longer with less fatigue.

### 4. It Protects Your Joints and Prevents Injury
A handstand puts a lot of compressive and shear force on the upper body. 
* **Shoulders:** If you are loose, you ""hang"" in your shoulder joints, which can lead to impingement or injury. Active tension means you are ""pushing the floor away,"" creating shoulder elevation and stability.
* **Lower Back:** An arched back places immense pressure on the lumbar vertebrae. Bracing the core protects the spine by keeping it in a neutral, safe position.
* **Wrists:** Tension allows you to grip the floor with your fingers and distribute pressure evenly across your hands, protecting your wrists from hyperextension injuries.

### 5. It Enables Fine-Tuned Balance Control
Balance in a handstand doesn't come from moving your arms; it comes from **finger pressure** and **wrist manipulation**. 
* If you start to fall toward your stomach, you need to press your fingers into the floor to push your weight back. 
* If your body is tense and connected, pressing with your fingers immediately translates up through your arms, torso, and legs, correcting the imbalance. If your body is loose, the finger pressure gets lost in floppy wrists and a soft midsection.

### Summary Checklist for Handstand Tension:
To maintain proper tension, think of the acronym **H.A.G.S.**:
* **H**ollow core (ribs pulled down, pelvis tucked slightly).
* **A**ctive shoulders (shrugging up, pushing the floor away).
* **G**lutes squeezed hard.
* **S**traight legs with locked knees and pointed toes."
2,gymnastics,explanation,Gemini 3.5 Flash-Lite,Explain why gymnasts use grips on high bar.,"Gymnasts use grips (often called ""dowell grips"") on the high bar for several critical reasons related to **safety, performance, and skin protection**. 

Here is a detailed breakdown of why they are an essential piece of equipment:

### 1. Friction and Grip Security
The high bar is made of polished stainless steel and is often chalked to absorb sweat. However, when a gymnast is swinging at high speeds—sometimes generating centrifugal forces several times their body weight—their hands can easily slip. Grips provide a much more secure connection to the bar, ensuring the gymnast doesn't accidentally fly off during a release move or giant swing.

### 2. The ""Dowell"" (Mechanical Advantage)
The defining feature of a gymnastics high bar grip is the **dowell**—a small rubber or wood cylinder sewn into the leather just below the fingers. 
* When a gymnast grips the bar, they feed a fold of leather and the dowell between their fingers and the bar. 
* This creates a mechanical ""hook"" or lock. Instead of relying solely on forearm and grip strength to hold on, the gymnast's weight hangs from the dowell. This allows them to perform high-speed routines without their hands fatiguing and slipping off.

### 3. Protection Against Rips and Blisters
Gymnastics involves immense friction. Without grips, the intense friction between the hands and the steel bar quickly shears the top layers of skin off, causing painful ""rips."" Grips act as a thick layer of artificial skin, absorbing the friction and protecting the palms. 

### 4. Cushioning and Shock Absorption
Catching the bar after a high-flying release move (like a Tkatchev or Kovacs) puts an immense amount of shock and pressure on the wrists, hands, and shoulders. High bar grips usually feature a thick leather palm piece and a supportive wrist strap with a foam pad. This helps cushion the impact when catching the bar.

### Summary
Ultimately, high bar grips allow gymnasts to push the boundaries of the sport. By preventing slips, reducing hand fatigue, and protecting against painful skin tears, grips enable gymnasts to perform increasingly difficult releases, complex twisting giants, and high-flying aerial maneuvers safely."
3,gymnastics,biomechanics,Gemini 3.5 Flash-Lite,Explain the role of the block during a men's gymnastics vault.,"In men’s artistic gymnastics, the **block** (often referred to as the pre-flight block, table block, or simply the punch) is arguably the most critical technical phase of the vault. It is the explosive moment when the gymnast’s hands make contact with the vaulting table and push off to propel themselves into the air for the execution of their acrobatic elements. 

Without a proper block, a gymnast cannot generate the necessary height and rotation to perform complex, high-difficulty vaults (such as the Ri Se Gwang, Dragulescu, or a Yurchenko double pike).

Here is a detailed breakdown of the role of the block in a men’s vault:

---

### 1. Energy Transfer and Conversion
The primary mechanical role of the block is to convert the horizontal momentum built up during the run and the rotational energy from the round-off/flic-flac into **vertical lift and upward rotation**. 
* **The Approach:** The gymnast runs at maximum speed, hurdles onto the springboard, and (depending on the vault family) either performs a round-off onto the board (Yurchenko) or a front entry (Tsukahara, Kasamatsu, Handspring).
* **The Block:** As the hands strike the table, the body undergoes extreme deceleration for a fraction of a second. The gymnast uses this impact to load their joints and muscles like a spring, instantly redirecting their momentum upward and away from the table.

### 2. The Mechanics: How the Block Works
A successful block is not a ""push"" using arm strength alone; it is a full-body kinetic chain reaction. 
* **Quick Contact:** The hands must spend as little time on the table as possible. A fast, reactive block yields higher energy return. Gymnast hands usually touch the table for only about 0.12 to 0.18 seconds.
* **Shoulder ""Shrug"" (Active Depression):** The most common misconception is that gymnasts bend their elbows during the block. In reality, the arms remain relatively straight (though slight micro-bends occur to absorb shock), and the power comes from the **shoulder girdle**. Gymnast shrug their shoulders *up toward their ears* and press down aggressively through the shoulders and chest to create a rebound effect off the table.
* **Core Tension:** The entire body must remain completely rigid (hollow-body position). If the core is loose, the energy from the table absorption is lost in the midsection rather than transferring to the hips and legs for rotation.

### 3. Creating Height (Amplitude)
Judges heavily penalize vaults that lack height. The block is the sole engine for this elevation. By creating a powerful reactionary force against the vault table, the gymnast achieves maximum height at the apex of the flight path. This high apex is what buys the gymnast the time needed to complete multiple flips and twists before safely landing.

### 4. Facilitating Rotation and Twisting
The angle and placement of the hands during the block determine the trajectory of the vault and initiate the rotation:
* **For front-entry vaults (Handspring-on):** The block initiates backward rotation and upward lift.
* **For round-off entry vaults (Yurchenko):** The block helps the gymnast transition from backward movement into a high, arched or piked forward flight path, while also uncoiling any stored twisting momentum.

### Summary
In short, the block acts as the **launchpad** of the vault. It bridges the gap between the explosive run-up and the aerial acrobatics. A poor block results in a low, dangerous vault with under-rotated skills, while a powerful, technically sound block allows a gymnast to seemingly defy gravity, achieving the height and control necessary to stick the landing."
4,gymnastics,coaching,Gemini 3.5 Flash-Lite,Give three tips to a gymnast who struggles with consistency on pommel horse.,"Pommel horse is widely considered the most difficult and unforgiving apparatus in men’s gymnastics. Consistency on this event usually comes down to rhythm, core tension, and microscopic adjustments rather than pure strength. 

Here are three tips to help a gymnast build a more reliable routine:

### 1. Master the ""Micro-Shape"" (Shoulder Depression and Core Lock)
Pommel horse errors often happen because the gymnast’s body is ""leaking"" energy. When fatigue sets in, shoulders shrug up to the ears, hips pike slightly, and the lower back arches, throwing off the center of gravity.
* **The Fix:** Focus on constant **shoulder depression** (pushing the floor/pommeled hands away to keep the chest proud) and a tight hollow-body hold. Think of your torso as a solid, unbreakable cylinder from the shoulders to the hips. Every circle should originate from the core and shoulders, not just the legs. 

### 2. Guard the ""Power Positions"" (Knee and Hand Placements)
Inconsistent gymnasts often rush to get through the routine, leading to missed beats, clipped ankles, and uncontrolled dismounts. Consistency requires hitting exact spatial checkpoints on *every single circle*.
* **The Fix:** Drill your rhythm using the **""Pass-Throughs.""** Ensure your legs brush past each other cleanly at the front and back extensions, and your hands shift with precision (not slamming down, but placing lightly and quickly). If you can control the tempo of the circle—accelerating through the bottom and floating lightly over the top—you remove the panic that leads to falls.

### 3. Build ""Fatigue Tolerance"" with Routine Sequences
Pommel horse routines rarely fail on the first skill; they fail on the 7th, 8th, or 9th skill when lactic acid sets in. If a gymnast only practices full routines when they are fresh, they will never be consistent under pressure.
* **The Fix:** Implement **""Plus-Two"" training**. If your competition routine has 10 skills, practice doing 12-skill combinations in the gym. Alternatively, practice your full routine immediately after a high-intensity conditioning set (like a full floor routine or heavy leg/core work). Training the body to execute clean pommel circles while already fatigued bridges the gap between gym success and competition reliability."
5,gymnastics,comparison,Gemini 3.5 Flash-Lite,Compare the physical demands of still rings and parallel bars.,"Both still rings and parallel bars are men’s artistic gymnastics apparatuses that demand extraordinary upper body strength, core stability, and precision. However, they condition and challenge the body in fundamentally different ways. 

While still rings are an **isometric (static) strength and joint-integrity nightmare**, parallel bars are a **dynamic, swing-and-release powerhouse of lower-body clearance and shoulder endurance**. 

Here is a detailed comparison of their physical demands.

---

### 1. Primary Muscle Groups Engaged
*   **Still Rings:** Dominated by the pulling muscles and stabilizers. It heavily recruits the latissimus dorsi, rhomboids, teres major, pectorals (for the ""iron cross""), anterior deltoids, biceps, and an ironclad core. Forearm and grip strength are pushed to absolute limits.
*   **Parallel Bars (P-Bars):** Dominated by the pushing muscles and stabilizers. It heavily recruits the triceps, anterior deltoids, pectorals, latissimus dorsi (for press movements), and deep core muscles. Grip strength is less of a limiting factor here than on rings, as the hands mostly push down rather than hang on.

### 2. Nature of Strength: Isometric vs. Dynamic
*   **Still Rings (Isometric Dominant):** The rings are suspended, meaning they move freely in all directions. To hold a position (like a Maltese, Cross, or Planche), a gymnast must fight constant oscillation. This requires **isometric (static) strength**—holding a muscle contraction without movement. Isometric holds put immense, sustained stress on tendons, ligaments, and joints. 
*   **Parallel Bars (Dynamic & Swing Dominant):** P-bars rely heavily on momentum generated through **swings (long swings, underbars)** and **flight elements**. The physical demand comes from transitioning instantly from high-speed momentum into strict, locked-out support positions or handstands. 

### 3. Joint and Connective Tissue Stress
*   **Still Rings:** Notoriously hard on the **shoulders, elbows, and wrists**. The ""Iron Cross"" (arms straight out to the sides) puts severe torque on the pectoral muscles and shoulder capsules. The ""Back Upraise"" or ""Dislocate"" skills strain the anterior shoulder joint. Because the rings are unstable, the rotator cuffs must work overtime to prevent joint dislocation.
*   **Parallel Bars:** Hardest on the **wrists, elbows (triceps tendons), and chest**. Gymnasts support their entire body weight between two wooden or fiberglass rails, often bending the wrists to extreme angles during pirouettes and press handstands. The impact of catching oneself after a saltos (flipping dismounts) also places high compression stress on the wrists and elbows.

### 4. Core and Spinal Demands
*   **Still Rings:** The core must act as a rigid bridge connecting the upper body to the lower body. Moves like the ""Victorian"" (horizontal hold face down) or a simple ""L-sit"" require brutal compression strength of the lower abdominals and hip flexors to keep the body completely straight while fighting gravity.
*   **Parallel Bars:** The core is constantly shifting from a hollow body to an arch during massive swings. Furthermore, holding handstands on two parallel rails requires constant micro-adjustments from the core and scapulae to prevent tipping sideways.

### 5. Risk and Conditioning Profile
*   **Still Rings:** The physical toll is cumulative and degenerative, particularly on the shoulders and elbows (tendonitis is common). Injuries often happen slowly due to overuse of connective tissues, though catastrophic shoulder dislocations or tears can occur during strength holds.
*   **Parallel Bars:** The physical toll includes impact injuries. Because routines involve flying above the bars, letting go, and catching them again (e.g., transitions, Healy turns, and double-somersault dismounts), missed catches can lead to heavy falls, jammed fingers, bruised ribs from hitting the rails, and hyperextended elbows.

---

### Summary Comparison Table

| Physical Demand | Still Rings | Parallel Bars |
| :--- | :--- | :--- |
| **Primary Action** | Pulling, Holding (Isometric) | Pushing, Swinging (Dynamic) |
| **Instability** | Extreme (Rings swing freely in 360°) | Moderate (Bars are rigid, but wide apart) |
| **Grip/Forearm Strain** | Maximum (Constant suspension) | Moderate (Mostly weight-bearing/pushing) |
| **Shoulder Strain** | Severe (Torque from crosses and levers) | High (Extreme ranges of motion in dips/swings) |
| **Elbow/Triceps Demand**| Moderate (Arms kept mostly straight) | Maximum (Deep dips, push-ups, support holds) |
| **Key Physical Asset** | Tendon strength & static power | Explosive swing power & tricep endurance |"
6,gymnastics,planning,Gemini 3.5 Flash-Lite,Create a 60-minute pommel horse practice for an intermediate gymnast.,"Here is a comprehensive, 60-minute pommel horse practice plan designed for an intermediate gymnast. 

At the intermediate level, the focus is on **rhythm, continuous swing, mastery of single-leg work, and introducing basic circles and standard dismounts.**

---

### **Gymnast Level:** Intermediate (USAG Level 7/8 equivalent or equivalent competitive stage)
### **Total Time:** 60 Minutes

---

### **Phase 1: Warm-up & Conditioning (12 Minutes)**
*Pommel horse requires immense shoulder stability, core strength, and wrist flexibility.*

*   **1. Wrist & Shoulder Mobility (3 mins):** 
    *   Wrist stretches (palms out, fingers back, circles).
    *   Active shoulder dislocations with a band or PVC pipe.
    *   Pike stretch and wrist-prep push-ups (knuckle push-ups on floor).
*   **2. Core & Shaping on Floor/P-Bars (4 mins):**
    *   3 sets of 10 hanging leg lifts (focusing on hollow body).
    *   Plank holds with shoulder taps (1 minute total).
*   **3. Mushroom / Floor Drills (5 mins):**
    *   3 sets of 5 continuous circles on the mushroom (or floor handles). Focus on reaching the hips up and keeping arms locked.
    *   Single-leg swings (front and back) on the mushroom, focusing on leg height and an upright torso.

---

### **Phase 2: Basic Swings & Single-Leg Work (15 Minutes)**
*Building the foundation of rhythm and weight transfer.*

*   **1. Front and Back Swings (5 mins):**
    *   Mount to front support. 
    *   Execute sets of 5–8 continuous front and back swings. 
    *   *Coaching Focus:* Push down hard through the shoulders at the end of each swing; maintain an arched position in front and a hollow position in back.
*   **2. Flank Swings / Rear Supports (5 mins):**
    *   Swings ending in rear support (and returning).
    *   Practice clean transitions from front to rear support without touching the leather with the hips.
*   **3. Single-Leg Travels / Kehren / Spindles Prep (5 mins):**
    *   Single-leg cuts over the pommels (from front support to side support).
    *   Mock single-leg travel: Move one leg over the pommel while keeping the other leg extended.

---

### **Phase 3: Circle Work & Combinations (18 Minutes)**
*Moving from the mushroom to the official pommel horse.*

*   **1. Isolated Circles (6 mins):**
    *   Perform sets of 2–3 continuous circles on the real pommel horse.
    *   *Goal:* Focus on the ""front-support"" and ""rear-support"" positions. Avoid bending the elbows (the ""chicken wing"" error).
*   **2. Combining Swings and Circles (6 mins):**
    *   Drill: 2 front/back swings into 2 full circles, followed by a dismount. 
    *   Repeat 5 times, focusing on maintaining rhythm without stopping.
*   **3. Travel Drills (Side Travels) (6 mins):**
    *   Travels down the horse (side travel in circles or travel forward/backward).
    *   *Drill:* Have the coach spot the hips to help the gymnast feel the correct weight distribution over the pommels during travel.

---

### **Phase 4: Routine Construction & Dismounts (10 Minutes)**
*Putting skills together under simulated pressure.*

*   **1. Dismount Practice (4 mins):**
    *   Practice standard intermediate dismounts: **Kehre dismount** or **Flank dismount** from front support.
    *   Focus: High chest lift off the horse and controlled landing.
*   **2. Mock Routine Sets (6 mins):**
    *   Gymnasts perform a mini-routine (e.g., Mount -> 3 Swings -> 3 Circles -> Side Travel -> Dismount).
    *   **Rule:** If they stop or drop to their feet, they must restart the set. 
    *   Each gymnast gets 2–3 turns.

---

### **Phase 5: Conditioning & Cool Down (5 Minutes)**
*Winding down and building sport-specific strength.*

*   **1. Pommel Conditioning (3 mins):**
    *   *Support holds:* Hold front support on the pommels with straight arms and lifted hips for 30 seconds x 2 sets.
    *   *Leg lifts:* In support, lift both legs to a 90-degree L-sit and hold for 5 seconds x 3 sets.
*   **2. Flexibility & Wrist Stretch (2 mins):**
    *   Gentle wrist counter-stretches, hamstring stretches, and shoulder openers.
    *   Quick team wrap-up.

---

### **Coach’s Checklist for the Session:**
*   **Safety First:** Ensure proper mat placement around the horse (especially during dismounts and travel drills).
*   **Wrist Health:** Monitor gymnasts for wrist pain; allow them to use wrist guards or take short breaks if needed.
*   **Form over Quantity:** It is better for an intermediate gymnast to do 3 clean circles than 8 sloppy ones."
7,gymnastics,explanation,Gemini 3.5 Flash-Lite,Explain the difference between difficulty and execution scores in men's artistic gymnastics.,"In Men’s Artistic Gymnastics (MAG), a gymnast’s final score on any given apparatus is the sum of two distinct numbers: the **Difficulty Score (D-score)** and the **Execution Score (E-score)**. 

This separation—known as the ""Open-Ended Scoring System""—was introduced globally in 2006 to reward both incredible acrobatics and flawless technique, replacing the old, rigid ""Perfect 10"" system.

Here is a breakdown of the differences between the two:

---

### 1. The Difficulty Score (D-Score)
**What it is:** The D-score measures *what* the gymnast is doing. It evaluates the technical value, risk, and complexity of the routine. It has no theoretical ceiling; the harder the routine, the higher the D-score.

**How it is calculated:**
* **Element Value (EV):** Every skill in the Code of Points is assigned a letter difficulty rating, ranging from **A** (easiest, worth 0.1 points) up to **I** or higher (extremely difficult, worth 0.9 or 1.0 points). 
* **Content Requirements (CR):** Gymnasts must fulfill four specific group requirements unique to each apparatus (e.g., performing a flip forward, a flip backward, a hold element, and a dismount on the Rings). Each fulfilled requirement is worth **0.5 points**, totaling up to **2.0 points**.
* **Connection Value (CV):** Gymnasts receive bonus tenths of a point for directly connecting two or more difficult skills together (e.g., doing a difficult release move directly into another release move on the High Bar).

**Summary of D-Score:** *It is calculated before the routine even begins based on the gymnast’s planned or submitted card of skills. It answers the question: ""How hard is this routine?""*

---

### 2. The Execution Score (E-Score)
**What it is:** The E-score measures *how well* the gymnast is doing the routine. It evaluates form, technique, amplitude (height/distance), and landing control. 

**How it is calculated:**
* **Starting Point:** Every routine starts with a **10.0 E-score**.
* **Deductions:** Judges watch the routine and subtract points for every error or imperfection they see. 
* **Types of Deductions:**
  * **Small errors (0.1 pts):** Bent knees, slight leg separation, minor balance checks, small hops on a landing.
  * **Medium errors (0.3 pts):** Large steps on landings, significant form breaks, major balance checks.
  * **Large errors (0.5 pts):** Falls from the apparatus, crashing into the equipment.

**Summary of E-Score:** *It is reactive and assessed live by judges as the routine happens. It answers the question: ""How cleanly and beautifully was this routine performed?""*

---

### The Final Score Formula

To find a gymnast's final score, the two numbers are simply added together:

$$\text{Final Score} = \text{D-Score} + \text{E-Score}$$

**Example:**
* If a gymnast performs a very difficult routine, earning a **6.0 D-Score**, but makes a few form errors and takes a step on the landing resulting in an **8.2 E-Score**:
* **Final Score:** $6.0 + 8.2 = \mathbf{14.200}$

### Why the Distinction Matters
The D-score vs. E-score breakdown creates a constant strategic tension in men's gymnastics:
* **The ""Tsaver"" (Execution-focused):** A gymnast might perform slightly easier skills to ensure they do them with absolute perfection, maximizing their E-score.
* **The ""Challenger"" (Difficulty-focused):** A gymnast might attempt the most dangerous skills in the world, accepting that they might wobble or take steps on landings, betting that a massive D-score will outweigh their execution deductions."
8,gymnastics,biomechanics,Gemini 3.5 Flash-Lite,Why does generating more height make it easier to complete multiple twists during a vault?,"Generating more height makes it significantly easier to complete multiple twists during a vault (or any gymnastics/trampoline skill) primarily due to **physics**—specifically, the relationship between **time in the air** and **angular momentum**. 

Here is a breakdown of why height is the ultimate key to multiple twists:

### 1. More Air Time (The Most Obvious Factor)
Twisting requires time. Even the fastest twisters in the world need a certain number of milliseconds to rotate their bodies 360 degrees. 
* **The Math:** Gravity dictates how long you stay in the air once you leave the vault table. The higher you go, the longer you hang in the air before gravity pulls you back down.
* **The Benefit:** Extra height buys you precious fractions of a second. Going from a 6-foot vault height to a 7-foot vault height might not sound like much, but it noticeably increases your hang-time, giving your body the time it needs to finish the 2nd, 3rd, or 4th rotation.

### 2. Conservation of Angular Momentum
In gymnastics physics, you cannot create or destroy twist while in the air; you can only use the momentum you generated *before* your feet or hands left the vault table (the ""block"" and ""repulsion"" phase). 
* Because your total twisting power is capped by how hard you blocked off the table, you are rotating at a set speed. 
* To fit more twists into that set speed, **you simply need more time.** Height provides that time.

### 3. Reduced Psychological Pressure and Better Form
When athletes know they have generated massive height, they feel less rushed. 
* **The Rush Factor:** If a gymnast knows they are low to the ground, they often try to force the twists faster by muscle-tension. Tensing up actually ruins their body alignment, creates drag, and can cause them to check (stop) the twist prematurely.
* **Tightness:** Height allows the gymnast to relax into a tight, straight-body position (layout). A tighter body has a smaller radius of inertia, meaning it naturally twists faster and cleaner, but it still requires that initial window of time to complete the rotations.

### Summary
Think of a vault like a diver jumping off a high dive versus a low springboard. The high dive allows for complex, multi-flipping and multi-twisting dives because the diver has all the time in the world to complete the rotations. On a vault, height acts as your ""high dive,"" buying you the **time** required to let your pre-generated twist speed finish its job safely."
9,gymnastics,coaching,Gemini 3.5 Flash-Lite,A gymnast keeps traveling sideways during twisting skills. Give possible technical causes.,"Traveling sideways (often called ""drifting"" or ""axis displacement"") during a twisting skill usually happens when the gymnast’s center of mass shifts away from the intended axis of rotation. In gymnastics, a twist should ideally happen around the body’s longitudinal axis while that axis is traveling along a parabolic airborne trajectory. 

Here are the most common technical causes of traveling sideways during twisting skills, broken down by phase of the skill:

### 1. Pre-Flight and Takeoff Errors (The Root Cause)
Most twisting errors are established before the gymnast even leaves the ground or apparatus.
*   **A Lateral Block (Uneven Push):** During a round-off, back handspring, or floor punch, if the gymnast pushes off more with one leg or one arm, it imparts a lateral (sideways) force. This sends the center of mass traveling sideways immediately upon takeoff.
*   **Leaning into the Twist:** Gymnasts often subconsciously lean their upper body in the direction they want to twist *before* leaving the floor. This shifts the center of mass off-center, causing the entire body to arc sideways in the air to compensate.
*   **Head Pull:** Initiating the twist by aggressively throwing the head and chin to the side rather than rotating the shoulders and hips together. The head is heavy; wherever the head goes, the body’s mass tends to follow.
*   **Improper Blocking Angle:** On vault or tumbling, if the blocking surface (hands or feet) is not directly under the center of mass at the moment of repulsion, the reaction force will push the gymnast sideways.

### 2. Airborne Body Alignment and Mechanics
Once in the air, maintaining a tight, hollow body shape is essential for staying on axis.
*   **Pike or Arch Break:** If the gymnast breaks at the hips (pikes) or arches their back mid-twist, the body shape becomes asymmetrical. This creates a ""wind-vane"" effect where air resistance pushes the asymmetrical shape to one side, causing horizontal travel.
*   **Loose Core/”Banana” Shape:** A lack of tension in the core allows the upper and lower body to separate. If the hips lag behind the shoulders (or vice versa), the body forms a slight curve, which acts like a wing and causes the gymnast to drift sideways.
*   **Asymmetrical Arm Placement:** 
    *   Tucking or pulling one arm tighter than the other.
    *   Opening the arms too early or unevenly to stop a twist. If one arm drops or opens before the other, it shifts the weight distribution, pulling the body off its vertical axis.

### 3. Biomechanical/Physics Factors
*   **Angular Momentum Vector Tilt:** For a pure vertical twist, the axis of rotation must be perfectly vertical. If the gymnast takes off with a slight lateral tilt to their momentum vector, the physics of the rotation dictate that the body must travel in an arc rather than straight up and down.
*   **Premature Twist Initiation:** Trying to start the twist too early (while still rising off the floor/trampoline) often robs the gymnast of proper height and alignment, forcing the body to travel horizontally to complete the rotations.

### Summary Checklist for Coaches:
If a gymnast is traveling sideways, check:
1. Are both arms and legs pushing equally at takeoff?
2. Is the head neutral before the twist starts?
3. Is the body completely tight (hollow/straight) throughout the rotation?
4. Are the arms pulling inward symmetrically to initiate the twist?"
10,gymnastics,creative,Gemini 3.5 Flash-Lite,Write a short story about a gymnast competing at his first major international competition.,"The smell hit him first: a sharp mix of chalk dust, fresh vinyl, and high-altitude floor polish. Then came the sound—a low, electric hum of ten thousand voices echoing beneath the cavernous rafters of the arena. 

Leo stood in the tunnel, his heart hammering against his ribs like a trapped bird. He looked down at his hands, instinctively rubbing them together. The palms of his hands were chalk-white, but sweat was already cutting tracks through the powder. 

*First major international.* The words on his accreditation badge felt heavy, almost mocking. He was just Leo from Ohio, the guy who trained in a converted warehouse with a leaky roof. Now, he was wearing the national team’s red, white, and blue, standing fifty yards away from Olympic medalists he used to watch on grainy YouTube clips.

“Leo. Eyes on me.” 

It was Coach Sarah. Her voice was a steady anchor in the storm of his anxiety. She grabbed him by the shoulders, her grip firm. “You didn’t fly six thousand miles to watch. You flew here to do what you’ve done ten thousand times in the gym. Breathe.”

Leo inhaled. The air tasted like static electricity. He nodded, unable to form words. 

“Rotation one: Floor Exercise,” the stadium announcer’s voice boomed, bouncing off the concrete walls. 

Leo swallowed hard and stepped out from the tunnel. 

The lights were blinding. Thousands of camera flashes blinked like constellations in the stands. For a terrifying second, vertigo threatened to pull him under. The floor seemed miles away. He felt impossibly small. 

He walked to the corner of the floor mat, his name flashing in giant glowing letters on the Jumbotron above. He looked up, caught his reflection for a split second, and felt a cold spike of panic. *What am I doing here?*

Then, the arena music started—a driving, rhythmic instrumental track. 

Sarah clapped her hands from the sidelines. “Showtime!”

Something clicked. The roaring crowd faded into a dull white noise. The vastness of the arena shrank until it was just him, the bounds of the blue carpet, and the glowing white lines. 

Leo raised his right arm, chest high, fixing his gaze on the judges’ table. He took one final, deep breath, let his shoulders drop, and nodded. 

He charged down the mat. 

One, two, three bounding steps—*boom*—he hammered his roundoff onto the springboard, driving his hands into the canvas with explosive power. He launched backward, tucking his body into a tight, invisible ball, spinning through the air three times before spotting the landing. 

*Stuck.* 

The sound of his feet hitting the floor dead-center sent a shockwave up his shins, but he didn’t move an inch. He threw his arms up in a clean, sharp finish, holding the pose for a beat as a roar erupted from the crowd. 

A grin broke across Leo’s face, hot and sudden. The nerves vanished, replaced by pure, liquid adrenaline. 

As he saluted the head judge and jogged off the floor, Sarah caught him in a crushing hug. 

“Welcome to the world stage, kid,” she whispered, laughing. 

Leo grabbed the chalk bucket, plunged his hands deep into the dust, and smiled. He was right where he belonged."
11,gymnastics,comparison,Gemini 3.5 Flash-Lite,Which requires more consistency for an all-around gymnast: increasing difficulty or improving execution? Explain your reasoning.,"For an all-around gymnast, **improving execution** requires significantly more consistency than increasing difficulty. 

While both are vital to success, they demand different types of mental and physical discipline. Here is the reasoning behind why execution is the ultimate test of consistency:

### 1. Difficulty is a Milestone; Execution is a Daily Standard
* **Increasing difficulty** is progressive. A gymnast works on a new skill (like upgrading a double layout to a triple layout) through repetition, spotting, and foam pits until they land it. Once they achieve it and get it rated by the technical committee, it becomes a permanent addition to their start value. It is a hurdle you eventually clear.
* **Improving execution**, on the other hand, is never ""finished."" A gymnast must perform the exact same pointed toes, straight legs, stuck landings, and tight core on their thousandth repetition just as well as their first. Perfection in gymnastics is a moving target, meaning execution requires relentless, unbroken consistency day in and day out.

### 2. The Margin for Error is Infinitely Smaller in Execution
When increasing difficulty, a gymnast relies on momentum, height, and power—elements where a slight miscalculation can sometimes be ""saved"" by sheer athleticism (e.g., taking a large step on a landing instead of falling). 

However, execution is judged on microscopic details:
* Was the chest slightly low on the landing? (0.1 deduction)
* Were the knees separated by an inch in the air? (0.1 deduction)
* Did the gymnast wobble for a fraction of a second on the beam? (0.1 to 0.3 deduction)

Maintaining the micro-muscle memory required to eliminate these tiny deductions across *four entirely different apparatuses* (Vault, Uneven Bars, Balance Beam, and Floor Exercise) requires a level of unwavering physical and mental consistency that dwarfs the act of learning a new skill.

### 3. The All-Around Factor: Fatigue and Versatility
An all-around gymnast must compete on four apparatuses that demand opposing physical traits—power (vault/floor), grace and balance (beam), and upper-body swing/strength (bars). 

As a competition progresses, physical fatigue sets in. 
* **Difficulty** can often be brute-forced through adrenaline, even when tired. 
* **Execution**, however, collapses under fatigue. Maintaining pristine form, height, and stick-landings on the final tumbling pass of the floor routine—the last rotation of an all-around competition—is the ultimate test of sustained consistency. 

### 4. Scoring Dynamics: Consistency in Execution Wins Championships
In the current Code of Points, difficulty (D-score) is theoretically uncapped, but execution (E-score) is always out of a strict 10.0. 
* A gymnast can have the highest difficulty in the world, but if their execution is sloppy and inconsistent, their final score will plummet due to compounding deductions. 
* Conversely, a gymnast with slightly lower difficulty but near-flawless execution will almost always win because judges can reliably award them high E-scores. History shows that the most dominant all-around champions (such as Simone Biles or Kohei Uchimura) weren't just the ones doing the hardest skills; they were the ones whose execution remained unfailingly pristine under pressure.

### Conclusion
Increasing difficulty requires **bravery and physical progression**, but improving execution requires **obsessive, micro-level consistency**. Anyone can learn a hard skill on a good day; only a truly consistent gymnast can execute every skill perfectly, on demand, across four different events, regardless of fatigue or pressure."
12,gymnastics,explanation,Gemini 3.5 Flash-Lite,Explain a Maltese on still rings to someone who has never watched gymnastics.,"Imagine you are watching a gymnast on the **still rings**—two wooden rings hanging by straps from the ceiling, about ten feet in the air. 

To picture a **Maltese**, imagine the gymnast holding themselves up in the air using only their straight arms, but with their **entire body stretched out completely horizontally**, parallel to the floor, like the hand of a clock pointing straight out to the side. 

Here is what makes it so mind-boggling:

1. **Defying Gravity:** The gymnast's body is sticking straight out sideways from the rings. There is nothing underneath them for support. 
2. **Extreme Leverage:** Think about holding a heavy dumbbell. It’s much easier to hold it close to your chest than it is to hold your arm straight out to the side. Now, apply that physics to the gymnast’s *entire body weight*. Because their body is acting like a long lever, the amount of physical force pulling down on their shoulders, chest, and arms is immense. 
3. **Absolute Stillness:** Gymnastics elements are judged on control. To perform a Maltese, the gymnast has to pull themselves into this horizontal position and **freeze** completely still for at least two seconds. There can be no shaking, no sagging, and no swinging. 

**What it looks like to a newbie:**
It looks almost supernatural—like an action figure glued horizontally in mid-air, or a statue defying gravity. When you watch it, your brain has a hard time processing how human muscles and joints can possibly create that much strength."
13,gymnastics,planning,Gemini 3.5 Flash-Lite,Create a simple weekly training schedule for a six-event men's all-around gymnast.,"Designing a weekly training schedule for a men’s artistic gymnastics (MAG) all-arounder requires a delicate balance of **strength, flexibility, skill acquisition, routine consistency, and recovery**. 

An all-around gymnast must train six very different apparatuses: **Floor Exercise, Pommel Horse, Still Rings, Vault, Parallel Bars, and High Bar**. 

Below is a sample weekly training schedule for an intermediate-to-advanced, competitive all-around gymnast, assuming **2 sessions per day (Double Days)** for high-level preparation, typical of club or collegiate programs.

---

### **Weekly Training Overview**
* **Monday:** Heavy Strength & Routine Construction (Floor, Rings, Vault)
* **Tuesday:** Complex Skills & Endurance (Pommel Horse, Parallel Bars, High Bar)
* **Wednesday:** Active Recovery & Flexibility / Light Skills
* **Thursday:** Full Apparatus Rotation & Set Routines (All 6 Events)
* **Friday:** Technical Refinement & Strength
* **Saturday:** Mock Meet / Simulated All-Around Competition
* **Sunday:** Complete Rest & Recovery

---

### **Detailed Daily Schedule**

#### **Monday: Push/Pull Power (Floor, Rings, Vault)**
*Focus: Explosive power, tumbling, and iron cross/strength holds.*

* **Morning Session (9:00 AM – 11:30 AM):**
  * **Warm-up:** Dynamic stretching, shoulder prehab, core stability.
  * **Floor Exercise:** Tumbling technique, transition passes, working new tumbling lines (e.g., full-ins, double layouts).
  * **Vault:** Yurchenko or handspring double-front entries, landing drills, table work.
* **Afternoon Session (3:30 PM – 6:30 PM):**
  * **Still Rings:** Strength elements (Cross, Maltese, Invert hang), swing-to-handstand consistency, dismounts.
  * **Conditioning:** Heavy upper-body pull (rope climbs, weighted pull-ups, iron cross progressions), leg power (depth jumps).

---

#### **Tuesday: Balance, Timing & Precision (Pommel Horse, P-Bars, High Bar)**
*Focus: Fine motor skills, swing rhythm, and endurance.*

* **Morning Session (9:00 AM – 11:30 AM):**
  * **Warm-up:** Wrist and shoulder mobility, shoulder shrugs.
  * **Pommel Horse:** Flanks, spindles, travel work, full routine sets on the horse and mushroom. (Horse requires high frequency due to its technical nature).
* **Afternoon Session (3:30 PM – 6:30 PM):**
  * **Parallel Bars:** Upper-arm skills (Stutzkehrs, Healys), swing-to-handstands, precise flight elements, dismounts.
  * **High Bar:** Release-and-catch moves (Tkatchev, Kovacs), pirouette work, high-amplitude dismounts.
  * **Conditioning:** Core crushers (leg lifts, V-ups), grip strength endurance.

---

#### **Wednesday: Active Recovery & Flexibility**
*Focus: Injury prevention, healing micro-tears, and mobility.*

* **Single Session (10:00 AM – 12:00 PM):**
  * **Warm-up:** Light cardio, foam rolling.
  * **Flexibility & Mobility:** Deep hamstring, hip flexor, and shoulder stretches. Active shoulder flexibility for rings and p-bars.
  * **Ballet/Dance:** Basic leaps and turning technique for Floor.
  * **Mental Training:** Routine visualization, reviewing competition videos, goal setting.
  * **No high-impact gymnastics or heavy conditioning today.**

---

#### **Thursday: Routine Building & Endurance (All 6 Events)**
*Focus: Putting skills together into full routines under mild fatigue.*

* **Morning Session (9:00 AM – 11:30 AM):**
  * **Floor, Pommel Horse, Still Rings:** Working full routines or 75% routine sets. Focus on execution and avoiding falls.
* **Afternoon Session (3:30 PM – 6:30 PM):**
  * **Vault, Parallel Bars, High Bar:** Full routines with an emphasis on landing sticks and dismount execution.
  * **Conditioning:** Circuit training focusing on cardiovascular endurance and stamina (crucial for surviving a 6-event rotation in competition).

---

#### **Friday: Technical Refinement & Pre-Competition Prep**
*Focus: Fixing minor form errors, handstands, and confidence.*

* **Single Session (2:00 PM – 6:00 PM):**
  * **Warm-up:** Thorough dynamic prep.
  * **Handstand Session:** 10 minutes dedicated purely to holding straight, tight handstands across various surfaces (Floor, P-Bars, Rings).
  * **Spot-Check/Details:** Working on specific problem areas from Thursday's routines (e.g., hand placement on pommels, stuck landings on vault).
  * **Light Strength:** Maintenance conditioning (core and shoulder stability).

---

#### **Saturday: Mock Meet (Simulated Competition)**
*Focus: Mental toughness, pressure management, and scoring readiness.*

* **Single Session (10:00 AM – 1:00 PM):**
  * **The Simulation:** The gymnast treats this like a real competition. They warm up in Olympic order (Floor $\rightarrow$ Pommel Horse $\rightarrow$ Rings $\rightarrow$ Vault $\rightarrow$ Parallel Bars $\rightarrow$ High Bar) with standard touch warm-up times.
  * **Routines:** Full competitive routines with strict judging (focusing on deductions for bent knees, loose form, and steps on landings).
  * **Debrief:** Coach and gymnast review hits, misses, and stamina levels.

---

#### **Sunday: Rest Day**
* **Complete Rest:** Total physical and mental away-time from the gym to allow muscles to rebuild and supercompensate. Proper nutrition, hydration, and sleep are prioritized.

---

### **Key Coaching Notes for This Schedule:**
1. **Grip Care:** Hands take a massive beating on High Bar, Rings, and P-Bars. Rips must be treated immediately, and grip adjustments should be made on Wednesday and Friday.
2. **Periodization:** If the gymnast is far away from competition season, Tuesday and Thursday might feature more *drills and new skill acquisition* rather than full routines. As competition nears, full routines take priority.
3. **Nutrition:** An all-arounder burns an incredible number of calories. High-protein and complex-carbohydrate diets are strictly maintained throughout the week."
14,gymnastics,biomechanics,Gemini 3.5 Flash-Lite,Explain how angular momentum affects twisting in gymnastics.,"In gymnastics, twisting—whether in a floor tumbling pass, a vault, a balance beam dismount, or a dismount from the uneven bars or high bar—looks effortless, but it is deeply rooted in physics. 

To understand how angular momentum affects twisting, we have to look at two main concepts: **Conservation of Angular Momentum** and **Moment of Inertia**.

Here is a breakdown of how gymnasts use physics to initiate, control, and stop their twists.

---

### 1. What is Angular Momentum?
Angular momentum is the rotational equivalent of linear momentum. Once a gymnast leaves the ground, they are in a ""projectile state."" This means **the total amount of angular momentum they possess is constant** and cannot be changed while in the air (barring minor adjustments from air resistance or shifting body parts relative to each other). 

Because angular momentum is conserved, any twist a gymnast does must be set up *before* they leave the ground (or the apparatus).

### 2. The Moment of Inertia (The ""Figure Skater Effect"")
To understand how gymnasts speed up or slow down a twist, we look at the **moment of inertia ($I$)**, which is how mass is distributed relative to the axis of rotation. 
* **Mass close to the axis:** Low moment of inertia = **Faster spin**.
* **Mass far from the axis:** High moment of inertia = **Slower spin**.

You can see this when a figure skater pulls their arms in to spin fast and spreads them out to slow down. Gymnasts use this same principle, but because they are rotating on multiple axes (flipping *and* twisting), it gets more complex.

### 3. How Twisting is Initiated: The ""Cat Turn"" and Torque
A gymnast cannot just decide to twist mid-air from a dead stop; they need torque (rotational force). They generate this torque *before* takeoff by pushing off the floor or bar at an angle. 

* **The Tilt:** To twist, a gymnast must tilt their flip axis slightly off-center during takeoff. If you flip head-over-heels in a pure vertical plane, you won't twist. But if you shift your shoulders or hips slightly to the side as you leave the ground, part of that somersault momentum transfers into a twisting rotation. 
* **The ""Cat"" Physics:** Even if a gymnast takes off with zero initial twist, they can use internal body movements (shifting hips and shoulders in opposite directions while changing their shape) to generate a twist mid-air, similar to how a falling cat rights itself.

### 4. Combining Flips and Twists (The Layout vs. Tucked Position)
Gymnasts usually twist while simultaneously performing a somersault (flip). Managing angular momentum between these two axes requires precise body positioning:

* **The Layout Position:** To twist effectively, the gymnast usually needs to be in a stretched, straight-body position (a layout). In this position, their moment of inertia around their longitudinal (head-to-toe) axis is very small, allowing them to spin rapidly.
* **Separating the Axes:** If a gymnast is tucked tightly (like a ball), it is very hard to twist because their mass is clumped around the flip axis, not the twist axis. Therefore, gymnasts typically flip out of a tight shape, open up into a stretched layout to twist, and then close back up to land.

### 5. Stopping the Twist (Landing)
Because angular momentum is conserved, a gymnast cannot simply ""stop"" twisting mid-air. If they initiate a triple twist (1080 degrees), they *must* complete all 1080 degrees before touching the ground, or they will land off-balance and potentially injure themselves.

To stop the twist just before landing, the gymnast does the opposite of what they did to speed it up: **they open their arms and legs wide.** This dramatically increases their moment of inertia, instantly slowing down the angular velocity so they can spot the ground and stick the landing safely.

---

### Summary
In gymnastics, angular momentum dictates that **what goes up must rotate with the exact same spin it left with.** Gymnasts are essentially master physicists; they use takeoff angles to generate angular momentum, manipulate their body shape (moment of inertia) to speed up or slow down their twists, and widen their bodies at the exact right moment to stop rotating and land successfully."
15,gymnastics,coaching,Gemini 3.5 Flash-Lite,What advice would you give a gymnast who performs a skill confidently into a foam pit but hesitates on a competition surface?,"Transitioning a skill from the safety of a foam pit to a hard competition surface is one of the most common and frustrating mental hurdles in gymnastics. The hesitation usually stems from a very rational source: **fear of pain or injury.** 

To bridge the gap between the foam pit and the hard floor, a gymnast needs a structured physical and psychological progression. Here is advice you can give to the gymnast, broken down into actionable steps:

### 1. Shift the Focus from ""Landing"" to ""Blocking and Shape""
When gymnasts hesitate, it’s usually because they are pre-emptively worrying about the impact of the landing. 
* **The Fix:** Break the skill down in their mind. Tell them, *""Your only job on this turn is to hit a perfect, powerful block and a tight hollow body shape. Let the mats do their job.""* If they focus entirely on the takeoff and the middle of the skill, the landing often takes care of itself.

### 2. Utilize Intermediate Progression Surfaces
Don't jump straight from a foam pit to a hard floor. Create a ""ladder"" of surfaces so the brain barely registers the change:
* **Step 1:** Foam pit with a hard mat placed on top of the pit.
* **Step 2:** Tumble Track into a foam pit or onto a soft mat.
* **Step 3:** Rod floor or spring floor into a resi-pit (large sloping mat).
* **Step 4:** Spring floor with a stack of soft mats (mats stacked under the landing area).
* **Step 5:** Gradual reduction of mat height (e.g., removing one layer of matting every few turns until it's competition height).

### 3. Build ""Impact Confidence"" Separately
Sometimes the fear isn't the skill itself, but the feeling of the hard ground. 
* **The Fix:** Have them practice just the *landing* and *rebound* on the hard surface without doing the full skill. Drop down from a low height, or do drills that require a solid stomp on the floor. Teach them how to absorb impact properly through their ankles, knees, and hips so the hard floor feels less threatening.

### 4. Harness the Power of Visualization and Routine
Hesitation thrives on silence and overthinking. 
* **The Fix:** Establish a strict pre-skill routine. Whether it’s three deep breaths, a specific hand placement, or a specific mental cue (like ""fast arms"" or ""tall chest""), a routine interrupts the fear center of the brain and activates muscle memory. 
* **Mental Rehearsal:** Have them close their eyes and vividly picture themselves landing the skill perfectly on the hard floor multiple times before they actually try it.

### 5. Change the Environment Temporarily
* **The Fix:** Take away the visual cue of the ""dreaded hard floor."" Put a colored line of tape where they need to take off, or use a target on the landing mat. Giving the eyes a specific target to focus on distracts the brain from the fear of the surface.

### 6. Control the Narrative (Language Matters)
* **Avoid:** ""Don't fall,"" ""Don't bail,"" or ""Don't hesitate."" (The brain tends to ignore the word ""don't"" and focuses on the fear).
* **Encourage:** ""Commit to the shape,"" ""Powerful legs,"" or ""Trust your training."" Keep the internal dialogue active, positive, and aggressive.

### 7. Give Themselves Permission to Bail Safely
Paradoxically, knowing *how* to bail safely reduces hesitation. Talk through what happens if the skill goes wrong on the hard floor. Knowing they can land on their feet, tuck and roll, or safely absorb a minor under-rotation takes away the catastrophic ""what if"" scenarios running through their head.

### A Note for Coaches/Supporters:
Be patient. You cannot rush courage. Forcing a gymnast onto a hard surface before they are mentally ready can lead to a mental block that takes months to undo. Celebrate small wins—even if the attempt isn't perfect, acknowledge the **courage** it took to commit to the hard surface."
16,gymnastics,explanation,Gemini 3.5 Flash-Lite,Why are landings important in competitive gymnastics?,"In competitive gymnastics, the landing is often considered the ""period at the end of the sentence"" of a routine. While high-flying flips and complex twists capture the audience's attention, the landing is arguably the most critical component of a routine for several key reasons:

### 1. It Directly Influences the Score (Code of Points)
In the international Code of Points, gymnastics routines are judged on two main components: **Difficulty (D-score)** and **Execution (E-score)**. While difficulty gets you in the game, execution wins medals—and the execution score is heavily impacted by the landing. 
* Judges look for **""sticking""** the landing (not moving the feet).
* Every wobble, step, hop, or fall results in specific, standardized deductions:
  * A small step or hop: usually a **0.1** deduction.
  * A large step or multiple steps: **0.3** deduction.
  * A deep squat on landing: up to **0.3** deduction.
  * A fall to the hands or knees: a **0.5** deduction.
  * A fall completely to the apparatus or floor: a **1.0** deduction.

In tightly contested competitions, the difference between gold and no medal at all often comes down to a single tenth of a point lost on a landing.

### 2. Psychological Impact
Gymnastics is a sport of momentum and psychology. 
* **For the Gymnast:** Landing a difficult routine solidly creates an immense psychological boost. It builds confidence for subsequent events and sends a message to competitors that the gymnast is peaking. Conversely, a poor landing can rattle a gymnast's nerves.
* **For the Judges:** First and last impressions matter. A routine that ends with a chest-pumping, perfectly stuck landing leaves a strong, positive final impression in the minds of the judges, whereas a stumble leaves a sloppy final image.

### 3. Injury Prevention
Beyond the score, landings are vital for the physical safety and longevity of the athlete. Gymnastics is a high-impact sport. When a gymnast lands a vault or a tumbling pass, the forces exerted on their joints (ankles, knees, hips, and spine) can be up to **5 to 17 times their body weight**.
* Proper landing technique—absorbing the force through the balls of the feet, bending the knees, and keeping the core tight—dissipates this extreme energy safely.
* Poor landings (such as landing with stiff legs, twisting awkwardly, or under-rotating) are the leading cause of catastrophic gymnastics injuries, including torn ACLs, Achilles tendon ruptures, and severe ankle sprains.

### 4. Event-Specific Significance
While landings are important across all apparatuses, they carry unique weight in certain events:
* **Vault:** The entire event lasts only a few seconds. The approach, pre-flight, and post-flight are all entirely dedicated to setting up the best possible landing. A great vault with a poor landing will heavily tank the final score.
* **Balance Beam & Floor Exercise:** These events require the gymnast to seamlessly transition from acrobatic elements into choreography. A controlled landing ensures the gymnast stays balanced and avoids falling off the beam or stepping out of bounds on the floor. 
* **Uneven Bars & High Bar:** Dismounts require letting go of the bar at precisely the right moment to complete the flips and stick the landing, often coming after a grueling routine of heavy upper-body fatigue.

### Summary
In short, a gymnast can perform the most difficult skills in the world, but if they cannot control their landing, the routine loses its competitive value. Mastering the landing is the ultimate bridge between raw athleticism and polished, winning execution."
17,gymnastics,comparison,Gemini 3.5 Flash-Lite,Compare floor exercise and high bar in terms of the physical abilities they require.,"While both **floor exercise** and **high bar** are foundational disciplines in artistic gymnastics that demand extraordinary strength, flexibility, and spatial awareness, they test the human body in fundamentally different ways. 

Floor exercise is a **power-endurance** event performed on a dynamic, springy surface, while high bar is an **upper-body dominant, centrifugal-force** event performed on a suspended steel rail. 

Here is a detailed comparison of the physical abilities required for each apparatus.

---

### 1. Strength Requirements
*   **High Bar (Dominant Upper Body & Core):** 
    *   **Grip Strength:** This is the absolute prerequisite for high bar. Gymnasts must support their entire body weight dynamically, catch the bar mid-air after release moves, and execute complex grip changes (e.g., eagle grips, mixed grips) while generating immense rotational velocity.
    *   **Pulling & Pushing Power:** Latissimus dorsi, biceps, and shoulders must be exceptionally strong to perform continuous giant swings, stalder circles, and release-and-catch skills (like the Tkatchev). 
    *   **Iron-Tight Core:** Because the body is extended away from the fulcrum (the bar), the core and lower back must act as a rigid bridge to transfer power through giant swings and dismounts.
*   **Floor Exercise (Total Body Power):**
    *   **Explosive Lower-Body Strength:** Floor requires massive fast-twitch muscle fiber recruitment in the quadriceps, glutes, and calves. Gymnasts must convert a sprinting run into vertical and horizontal power for multiple twisting somersaults.
    *   **Dynamic Upper-Body Strength:** While the upper body doesn't bear continuous weight like on high bar, it must absorb high-impact forces during round-off back handsprings and support the body during intricate press handstands and choreography.

### 2. Flexibility and Mobility
*   **Floor Exercise (Extreme Range of Motion):**
    *   Floor heavily emphasizes dynamic and static flexibility. Gymnasts must perform full splits (leaps and jumps with a 180-degree or greater separation of the legs) and extreme back-extensions for bridges and scale elements. Flexibility is required not just for difficulty points, but for aesthetic lines.
*   **High Bar (Shoulder & Thoracic Mobility):**
    *   Flexibility on high bar is more specialized. It requires exceptional **shoulder extension and thoracic spine mobility** to allow the arms to go behind the ears comfortably during giant swings without arching the lower back excessively. Tight shoulders limit the efficiency of swing mechanics.

### 3. Endurance and Energy Systems
*   **Floor Exercise (Anaerobic Power-Endurance):**
    *   A floor routine lasts up to 70 seconds for men and 90 seconds for women. It is performed to music and requires continuous, high-intensity movement (tumbling passes, dance elements, leaps). It heavily taxes the **glycolytic anaerobic system**, leading to massive lactic acid buildup. By the final tumbling pass, gymnasts are operating under extreme physical fatigue.
*   **High Bar (Burst Anaerobic Power):**
    *   A high bar routine is much shorter—typically around 30 to 45 seconds. However, it is an intense, unbroken chain of continuous movement without a moment to rest. While it doesn't have the cardiovascular ""lung burn"" of a full floor routine, it causes **local muscular failure** (especially in the forearms, hands, and grip) due to the constant tension and centrifugal force.

### 4. Balance, Kinesthetic Awareness, and Air Sense
*   **Floor Exercise:**
    *   Gymnasts must maintain dynamic balance while landing blind (landing backwards out of high-velocity twisting somersaults). They also must integrate artistic choreography, requiring coordination and rhythm.
*   **High Bar:**
    *   Air sense on high bar is vertigo-inducing. Gymnasts routinely let go of the bar, flip or twist in mid-air, and blind-catch a 1.1-inch steel bar. Spatial awareness must be pinpointed; misjudging position by even a fraction of a second can result in a dangerous fall.

---

### Summary Table

| Physical Ability | Floor Exercise | High Bar |
| :--- | :--- | :--- |
| **Primary Limbs** | Legs (Lower Body) | Arms & Hands (Upper Body) |
| **Grip Strength** | Moderate (mostly for support/acrobatics) | **Extreme** (crucial for hanging and catching) |
| **Explosive Power** | **Massive** (spring floor propulsion) | High (release moves and dismounts) |
| **Flexibility** | **High** (splits, leaps, bridges) | Specialized (shoulder/thoracic mobility) |
| **Energy System** | Anaerobic Glycolytic (long duration, high cardio) | Short-duration, high-intensity muscular endurance |
| **Primary Risk** | Impact injuries (ankles, knees, shins) | Fall injuries (shoulders, wrists, head from height) |"
18,gymnastics,coaching,Gemini 3.5 Flash-Lite,Give three ways a gymnast could improve handstand control on parallel bars.,"Here are three ways a gymnast can improve handstand control on parallel bars:

1. **Strengthen the Scapular and Shoulder Stabilizers**
   * **Why it helps:** The parallel bars require immense stabilization because the base of support consists of two independent bars rather than a flat surface. 
   * **How to practice:** Incorporate scapular shrugs in a support position (pushing the chest up by depressing the shoulders), parallel bar shoulder-angle raises, and weighted overhead stability exercises. A strong, stable shoulder girdle prevents excessive wobbling and lateral shifting.

2. **Master the ""Hollow Body"" Tension and Wrist Press**
   * **Why it helps:** Handstand control relies heavily on a tight, aligned core. If the body arches, the center of mass shifts, making it difficult to hold the position. Additionally, because the hands are gripping parallel bars, finger and wrist manipulation is crucial for balance.
   * **How to practice:** Practice hollow-body holds on the floor and high bars. On the parallel bars, focus on actively pressing down with the fingers and heels of the hands (similar to gripping the bar) to micro-adjust the balance forward and backward, preventing the body from tipping over.

3. **Drill Mounts and Presses to Handstand with Isometric Holds**
   * **Why it helps:** Control is best developed through strength through a full range of motion, rather than just relying on momentum. 
   * **How to practice:** Practice slow press handstands or L-sit to handstands on the parallel bars, pausing for a 2-to-3-second hold at various angles. This forces the gymnast to find and maintain muscle engagement at the exact point where balance is most vulnerable, rather than just ""rushing"" through the movement."
19,gymnastics,biomechanics,Gemini 3.5 Flash-Lite,Explain why a gymnast changes body shape during a somersault.,"A gymnast changes their body shape during a somersault primarily to control their **speed of rotation** and to **prepare for a safe landing**. 

This control is governed by one of the fundamental laws of physics: **The Conservation of Angular Momentum**.

Here is a breakdown of the physics and biomechanics behind why gymnasts change their shape (tuck, pike, and layout):

### 1. Controlling Rotation Speed (Physics)
Angular momentum is the quantity of rotation an object has, which stays constant once the gymnast leaves the ground unless an external force acts on them. Angular momentum depends on two things:
*   **How fast** they are spinning.
*   **How their mass is distributed** relative to their axis of rotation (their moment of inertia).

The physics rule is simple: **To keep angular momentum constant, if mass is pulled closer to the center, the speed of rotation must increase.** Conversely, if mass is spread out, the rotation slows down.

Gymnasts use three main body positions to manipulate this:

*   **The Tuck Position (Tight ball):** The gymnast pulls their knees to their chest and tucks their head. This brings their mass as close to the center of rotation as possible, drastically **reducing** their moment of inertia and **maximizing their speed of spin**. This allows them to fit multiple flips into a short amount of air time.
*   **The Pike Position (Bent at the waist, legs straight):** The mass is further away from the center than in a tuck, resulting in a **moderate speed** of rotation. 
*   **The Layout Position (Straight body):** The gymnast extends their body completely straight. This places their mass as far as possible from the center of rotation, significantly **increasing** their moment of inertia and **slowing down** their spin.

### 2. Preparing for the Landing
A common sequence in a tumbling pass or vault is for a gymnast to start in a tight tuck (to get their flips done fast), and then **open up** into a layout or stretched position just before landing. 

By opening up into a straight body, they increase their moment of inertia, which acts like applying the brakes. This slows down the rotation at the exact right moment, allowing them to spot the floor, align their body vertically, and prepare to absorb the impact safely on their feet.

### Summary
In short, a gymnast changes body shape mid-air to act as their own transmission: they **tuck** to speed up their rotation and get their flips around, and they **open up** to slow down and land safely."
20,gymnastics,creative,Gemini 3.5 Flash-Lite,Write a motivational speech for a gymnast before an NCAA competition.,"*(The locker room goes quiet. The only sound is the rhythmic thumping of a medicine ball, the taping of wrists, and heavy breathing. You step into the center of the room. You don’t yell—you command the space with your eyes, looking at every single athlete, from the freshman walking on for the first time to the senior captain holding back tears.)*

Look at me. 

Every single one of you. 

Look at the person to your left. Look at the person to your right. 

Do you know what you’re looking at? You aren’t just looking at teammates. You are looking at the product of early mornings that broke your alarm clocks. You are looking at torn hands, taped ankles, iced shoulders, and exhausted minds that refused to quit. You are looking at thousands of hours spent in a chalk-dusted gym, chasing perfection in a sport that demands the impossible.

Tonight, the judges are going to judge your routines. They’re going to score your landings, your lines, your form. 

**Let them.** 

Because they only see the ninety seconds. They only see the dismount. They don't see the mental battles you won just to get out of bed this morning. They don't see the fear you stared down on beam, the giants you chased on bars, the tumbling passes you landed in the dark when nobody was watching. 

You’ve already done the hard part. The hard part wasn't the routine. The hard part was *becoming* the gymnast who can hit it.

NCAA gymnastics isn't about being flawless. It’s about being fearless. It’s about trusting the body you’ve built and the family that built it with you. When you step out onto that floor, when you chalk up for that bar routine, when you stand at the end of the runway... do not perform for the score. Perform for *each other*. 

Stick the landing not because you have to, but because you *deserve* to feel the earth shake underneath your feet when you nail it. Feed off the roar of this arena. Let the pressure turn into power. 

When you go up there tonight, remember who you are. Remember what you represent. When that hand goes up to salute, take a breath, drop your shoulders, and smile, because there is nowhere else in the world you’d rather be, and no one else you’d rather do this with.

Leave no regrets on the mat. Leave no doubts in the air. 

Let’s go take what’s ours. Team on three. One, two, three—**TEAM!**"
21,gymnastics,explanation,Gemini 3.5 Flash-Lite,What makes pommel horse difficult compared with the other men's gymnastics events?,"The pommel horse is widely considered by gymnasts and coaches to be the **most difficult and unforgiving event** in men’s artistic gymnastics. While events like the rings require immense raw strength and the high bar demands courage, the pommel horse presents a unique combination of biomechanical, physical, and psychological challenges. 

Here is what makes it so uniquely difficult compared to the other apparatuses:

### 1. The Absence of Visual Cues (Blind Execution)
On almost every other apparatus—floor, vault, parallel bars, high bar, and rings—a gymnast can see the equipment, the ground, or their hands during the execution of a skill, allowing them to spot their landings and orientation. 

On the pommel horse, much of the routine is performed **blind**. Because the gymnast is continuously rotating and moving their hands from one pommel to the other, or to the ends of the horse, they spend a significant amount of time not looking where their hands are going. Muscle memory and spatial awareness must be absolute; a fraction of an inch off in hand placement means disaster.

### 2. Relentless Continuous Motion
In events like the still rings or pommel horse's close cousin, the parallel bars, gymnasts are allowed to demonstrate ""holds"" (stopping momentarily in a position of strength). 

The pommel horse permits **zero pauses**. The routine must be a continuous, fluid stream of circular motions, scissor elements, and travels. If a gymnast stops moving, even for a second, they receive a deduction. This requires elite cardiovascular endurance and stamina, as the upper body is under constant, maximum tension for about 50 to 70 seconds.

### 3. Extremely Low Margin for Error
The biomechanics of pommel horse rely heavily on centripetal force, momentum, and precise center-of-gravity management. 
* On the **floor** or **vault**, a slight miscalculation can often be absorbed by a hop or a stumble.
* On the **pommel horse**, a slight height drop in the hips or a bent elbow means the gymnast’s thighs or feet will strike the leather body of the horse. This results in an immediate execution deduction, a broken rhythm, or a fall.

### 4. Brachial Plexus and Wrist Strain
The nature of pommel horse puts immense, unnatural stress on the wrists, shoulders, and the brachial plexus (the network of nerves passing from the neck down to the arm). Gymnasts must constantly bear their entire body weight on their hands while their wrists are bent at extreme angles (often facing backward or sideways relative to the body). Chronic wrist pain is practically a rite of passage for pommel horse specialists.

### 5. The ""Psychological Monster""
Because the event is so unforgiving, it has a massive psychological toll. Gymnasts often talk about the ""pommel horse demons."" A routine can be going perfectly, and a tiny twitch of a finger can cause the gymnast to clip the horse and get violently thrown off (known as a ""fosbury flop"" or a general fall). This makes it the most volatile event in gymnastics; even Olympic and World champions can—and frequently do—fall on pommel horse.

### Summary
While other events test strength, height, or daring, the pommel horse tests **pure geometry, physics, and relentless precision**. It requires the gymnast to act like a human gyroscope, maintaining speed, height, and flawless form without the benefit of sight or a single moment to rest."
22,gymnastics,coaching,Gemini 3.5 Flash-Lite,A gymnast repeatedly takes a large step on landing. What are some possible causes?,"A gymnast taking a large step (or multiple steps) upon landing is a common occurrence, usually indicating an issue with **momentum control, body alignment, or vestibular (balance) processing**. In gymnastics, the goal of a landing is to absorb the force safely and achieve an ""stick"" (complete stillness). 

When a gymnast repeatedly takes steps, it can usually be categorized into biomechanical, physical, technical, or psychological causes. Here is a breakdown of the most common possibilities:

### 1. Biomechanical & Physics Causes
*   **Excess Horizontal Momentum:** If a gymnast travels forward (or backward) through the air and fails to kill that horizontal velocity at the moment of touch-down, physics dictates they must take a step to catch their center of mass.
*   **Poor Center of Mass (COM) Alignment:** 
    *   *Leaning forward:* Causes chest drop, forcing the gymnast to take steps forward.
    *   *Leaning backward:* Causes the gymnast to sit back and potentially step backward or fall.
*   **Incorrect Timing of the Block/Set:** If the gymnast blocks incorrectly off the vault table, floor, or beam, their trajectory might be too low or too far forward, making a clean landing nearly impossible.

### 2. Technical & Execution Errors
*   **Landing Too Deep (Poor Leg Strength/Stiffness):** If the gymnast's legs are not strong enough to absorb the impact at an optimal squat depth (around 90 degrees at the knees), their legs will buckle. To prevent collapsing, they must take a step.
*   **Looking Down Too Early:** Gymnasts are taught to spot the landing, but if they drop their head and look at the floor too early in their final rotation, their spine curves, throwing off their balance.
*   **Staggered Feet:** If one foot touches down slightly before the other, the asymmetrical impact creates rotational force, causing the gymnast to spin or step out of the landing to regain balance.
*   **Lack of Core Tension:** A ""loose"" body will absorb impact unevenly. If the core, glutes, and upper back are not tight at impact, the body's segments will wobble, requiring corrective steps.

### 3. Physical & Conditioning Factors
*   **Fatigue:** As practice goes on and the gymnast tires, fast-twitch muscle fibers lose responsiveness. The eccentric leg strength required to stick landings diminishes, leading to steps.
*   **Ankle or Calf Stiffness (Lack of Dorsiflexion):** If a gymnast has tight calves or restricted ankle mobility, they cannot properly flex their ankles to absorb the shock, pushing their weight forward onto their toes and causing a step.
*   **Vestibular/Inner Ear Issues:** Gymnasts spin rapidly. If the fluid in the inner ear does not resettle quickly, or if the gymnast fails to ""spot"" during flips, mild disorientation upon landing will cause balance adjustments (steps).

### 4. Psychological & Habitual Causes
*   **Fear of Impact (Landing ""Soft""):** Sometimes gymnasts are subconsciously afraid of the jarring impact on their knees and joints. To soften the landing, they purposely ""run out of it"" by taking steps.
*   **Rush to Finish:** Beginners or nervous competitors sometimes try to finish the routine so quickly that they mentally check out before the landing is completely secured.

### How Coaches Typically Fix It:
*   **Depth Drops & Complex Training:** To build the eccentric leg strength needed to absorb heavy impacts without moving.
*   **Target Landings:** Landing on a specific painted line or foam target to provide immediate visual feedback on foot placement.
*   **Over-rotation Drills:** Practicing landings into pits or onto elevated mats where they are forced to stick dead-center without traveling."
23,gymnastics,planning,Gemini 3.5 Flash-Lite,Design a short warm-up for a gymnast preparing to train floor exercise.,"This 10-minute, dynamic warm-up is designed specifically for a gymnast preparing for floor exercise. It prioritizes ankle and wrist preparation, core activation, and explosive leg power—the essential ingredients for tumbling and leaping safely.

### **Phase 1: Pulse Raiser & Mobility (3 Minutes)**
*Goal: Increase core temperature and lubricate the joints.*

1. **Jog with Arm Circles (45 seconds):** Light jogging across the floor. Alternate 10 forward arm circles and 10 backward arm circles to open up the shoulders.
2. **Inchworms with a Push-Up (5 reps):** Stand tall, fold forward, walk hands out to a plank, perform one strict push-up, and walk feet into hands. *Focus: Hamstring stretch and shoulder stability.*
3. **Lateral Lunges (10 reps total / 5 per side):** Step wide to the side, sinking hips back while keeping the opposite leg straight. *Focus: Opening the groin and hips for leaps.*

### **Phase 2: Specific Prep – Wrists & Ankles (3 Minutes)**
*Goal: Prepare high-impact joints for tumbling and handstands.*

1. **Wrist Conditioning Circuit (1 minute):** 
   * On hands and knees, rock forward and backward over the wrists (10x).
   * Flip hands so fingertips face knees, gently lean back (5x).
   * Roll wrists in circles and shake them out.
2. **Ankle Prep & Relevé Walks (2 minutes):**
   * **Ankle Rolls:** 10 circles clockwise and counter-clockwise per foot.
   * **Relevé Walks:** Walk across the floor on high tiptoes, arms in high V, squeezing glutes and core. (30 seconds)
   * **Pogo Hops:** Small, quick bounces on the balls of the feet, focusing on stiff ankles and minimal knee bend. (30 seconds)

### **Phase 3: Core & Shape Activation (2 Minutes)**
*Goal: Establish body tension required for tumbling takeoff and landing.*

1. **Hollow Body Rocks (10-15 reps):** Lie on back, lower back pressed firmly into the floor, shoulders and straight legs lifted. Rock gently back and forth without losing the ""hollow"" shape.
2. **Arch Body Lifts (10 reps):** Lie on stomach, arms extended overhead. Simultaneously lift chest, arms, and straight legs off the floor, squeezing glutes. Hold for 2 seconds at the top.
3. **Tuck Jumps to Straight Jump (5 reps):** Focus on a quick, powerful rebound from the floor, driving knees to chest, landing in a tight, controlled squat with arms up.

### **Phase 4: Dynamic & Power (2 Minutes)**
*Goal: Neurological readiness for explosive tumbling.*

1. **Chasse to Straight Leap (3 attempts per side):** Practice the setup for floor leaps, focusing on height, split angle, and a soft landing.
2. **Round-Off or Handstand Drills (3-5 reps):** Depending on the gymnast's level, execute a few sub-maximal cartwheels, handstands, or round-offs to connect movement to the floor surface. 

*Ready to train!*"
24,gymnastics,comparison,Gemini 3.5 Flash-Lite,Compare training for an all-around gymnast with training for a one-event specialist.,"Training for an all-around gymnast versus a one-event specialist is a fascinating study in sports science, physical conditioning, and psychological endurance. While both athletes possess elite levels of strength, flexibility, and air awareness, the pathways to achieving their goals are vastly different. 

Here is a detailed comparison of their training regimens across key areas:

---

### 1. Breadth vs. Depth of Skill
* **All-Around Gymnast:** The all-arounder must master four events (for women: Vault, Uneven Bars, Balance Beam, Floor Exercise) or six events (for men: Floor Exercise, Pommel Horse, Still Rings, Vault, Parallel Bars, Horizontal Bar). Training requires a ""jack-of-all-trades"" approach. The gymnast must constantly split their time, energy, and mental bandwidth to maintain high proficiency across vastly different disciplines—from the raw power of vault to the delicate balance of beam and the supreme upper-body strength of rings.
* **Specialist:** The specialist focuses exclusively on one apparatus (e.g., a pommel horse worker or balance beam specialist). Their training is defined by extreme depth. Instead of learning basic routines on four to six events, they spend years mastering the hardest possible skills, intricate combinations, and unique releases or turns on their single apparatus. They often have ""A-routine"" and ""B-routine"" variations that push the absolute limits of the Code of Points.

### 2. Physical Conditioning and Body Composition
* **All-Around Gymnast:** Conditioning must be balanced. All-arounders need explosive leg power for tumbling and vaulting, immense upper-body and core strength for bars and rings, and exceptional flexibility for beam and floor. Their physiques tend to be exceptionally symmetrical and functional for overall body control. However, they carry more cumulative fatigue because every muscle group is taxed daily.
* **Specialist:** Conditioning is highly targeted and hyper-specific. 
    * *Example:* A **Pommel Horse specialist** will spend hours developing extreme shoulder girdle stability, core endurance, and specific wrist/forearm strength, sometimes with less emphasis on heavy leg-jumping conditioning. 
    * *Example:* A **Vault/Floor specialist** will focus heavily on fast-twitch muscle fibers, explosive plyometrics, and landing absorption mechanics. 
    * Consequently, specialists often develop unique, asymmetric physiques optimized entirely for the biomechanics of their specific event.

### 3. Injury Management and Wear-and-Tear
* **All-Around Gymnast:** The sheer volume of impact is staggering. All-arounders take hundreds of landings per week on hard mats from high elevations, exposing their knees, ankles, wrists, and lower backs to chronic stress. Managing minor tweaks across multiple events is a constant battle.
* **Specialist:** Specialists also face high injury rates, but they are concentrated in specific joints. For instance, parallel bars and high bar specialists deal with chronic shoulder and hand/wrist tears, while floor and vault specialists face severe Achilles and knee issues. However, specialists have the luxury of *avoiding* high-impact training on the events they don't compete in, which can sometimes allow them to manage workload better than an all-arounder.

### 4. Psychological Approach and Pressure
* **All-Around Gymnast:** The psychological load is about consistency and resilience. An all-arounder cannot afford a ""mental lapse"" on any single event without destroying their overall ranking. They must learn to quickly flush a bad routine on one apparatus and immediately pivot to peak mental focus for the next. 
* **Specialist:** The psychological load is about perfection and high-risk execution. Because specialists are often judged on difficulty as much as execution, they must throw the hardest skills in the world with absolute confidence. A single fall or wobble on their only event ruins their entire competition. They also face a unique psychological hurdle: waiting hours during a competition just to perform a 60-second routine.

### 5. Career Longevity
* **All-Around Gymnast:** All-around careers tend to peak in the late teens to early twenties (often coinciding with an Olympic quadrennial). The relentless pounding of training all events usually forces all-arounders to either retire or *transition into specialists* as they get older.
* **Specialist:** Specialists often have much longer competitive lifespans. By dropping the training volume for the other events, veteran gymnasts can preserve their bodies, bypass the burnout of all-around training, and compete well into their late twenties or thirties (e.g., legend Oksana Chusovitina on vault, or Marian Dragulescu). 

---

### Summary Comparison Table

| Feature | All-Around Gymnast | One-Event Specialist |
| :--- | :--- | :--- |
| **Primary Goal** | High cumulative score across 4–6 events | Maximizing difficulty and execution on 1 event |
| **Training Focus** | Breadth, versatility, and time-management | Depth, innovation, and micro-details |
| **Physical Toll** | Widespread fatigue and multi-joint impact | Concentrated wear-and-tear on specific joints |
| **Physique** | Symmetrical, balanced, functional | Highly specialized, optimized for specific biomechanics |
| **Career Length** | Generally shorter (peaks in early 20s) | Often longer (can extend well into late 20s/30s) |
| **Strategic Value** | Crucial for team finals and individual all-around | Fills specific gaps on a team; gold-medal threat on apparatus |"
25,gymnastics,biomechanics,Gemini 3.5 Flash-Lite,Explain how shoulder angle can affect a handstand.,"In a handstand, the shoulder angle—specifically the degree of flexion (how open your shoulders are)—is arguably the single most important factor determining your alignment, balance, and energy expenditure. 

Ideally, a handstand requires a **180-degree shoulder angle**, meaning your arms are perfectly in line with your torso, mimicking a straight line from your wrists to your toes. 

Here is a breakdown of how different shoulder angles affect a handstand:

---

### 1. The Ideal Angle: 180 Degrees (Open Shoulders)
When your shoulders are fully open (biceps touching or near your ears), your body stacks efficiently.
* **Bone Stacking:** Gravity runs in a straight line down through your hands, wrists, forearms, shoulders, hips, and ankles. Your skeletal system bears the weight, requiring minimal muscular effort.
* **Easy Balance:** Because your center of mass is directly over your base of support (your hands), micro-adjustments with your fingers are all that is needed to maintain balance.
* **Energy Efficient:** You can hold this position for a long time because you are resting on your bones rather than fatiguing your muscles.

### 2. Acute Angle: Less than 180 Degrees (""Banana"" or Piked Handstand)
If your shoulders are tight (lack of overhead mobility) or weak, you won't be able to open them fully. This creates two common compensations:

* **The ""Banana"" Handstand (Arching):** To make up for the lack of shoulder opening, your body compensates by arching your lower back and ribs pop forward. 
    * *The Effect:* Your center of mass shifts out of alignment. Gravity pulls your hips and legs to one side, forcing you to constantly strain your lower back and core to avoid falling over. It is exhausting and puts heavy compressive stress on the lumbar spine.
* **The Piked Handstand:** Alternatively, if your shoulders won't open and your core is too tight to arch, your hips will pike forward, making your body look like a ""V"" shape rather than a straight line.
    * *The Effect:* Your weight shifts too far forward over your fingertips, making it very difficult to balance and requiring immense wrist and forearm strength to keep from tipping over.

### 3. Hyper-Extension: Greater than 180 Degrees (The ""Over-Open"" Shoulder)
Some gymnasts and contortionists possess hyper-mobile shoulders, allowing them to push past the 180-degree mark.
* **The Effect:** The chest pushes through the line, and the upper back arches backward slightly (often referred to as a ""Mexican"" handstand or hollow-back). 
* **Balance Implication:** While aesthetically pleasing in certain artistic disciplines, this shifts the center of mass *behind* the hands. To counteract this, the handstander must actively press down through their shoulders and use their fingers aggressively to pull the weight back over the base. It requires immense upper-body strength and body awareness.

---

### How Shoulder Angle Dictates Balance Mechanics

Your shoulders act as the ""steering wheel"" of your handstand. The angle dictates *how* you recover when you start to fall:

* **When falling toward your back (over-balancing):** If your shoulders are fully open, you simply push down firmly through your shoulders and fingers to block the fall. If your shoulders are closed (tight), you have no range of motion left to push against the floor, and you will inevitably fall over.
* **When falling toward your front (under-balancing):** You use your fingers to pull your weight back, but having an open shoulder angle allows your upper body to shift fluidly to catch the weight.

### Summary
* **Closed shoulders** = Poor alignment, back pain (""banana back""), high fatigue, difficult balance.
* **Open (180-degree) shoulders** = Perfect alignment, effortless stacking, low fatigue, easy balance. 

If you struggle to hold a straight handstand, the root cause is very often tight lats, tight shoulders, or lack of thoracic spine mobility preventing that crucial 180-degree angle."
26,gymnastics,explanation,Gemini 3.5 Flash-Lite,Why do gymnasts swing before performing many release skills on high bar?,"Gymnasts swing before performing release skills on the high bar for several interconnected **physics, biomechanical, and psychological** reasons. 

In short: **You cannot fly without momentum, and you cannot generate massive momentum from a dead hang.** 

Here is a detailed breakdown of why the swing is essential:

### 1. Generating Centrifugal Force and Momentum
Release skills (like a Tkatchev, Kovacs, or Gienger) require the gymnast to let go of the bar, travel several feet above and away from it, perform multiple flips and twists, and somehow catch the bar again. 
* To get that kind of height and distance, the gymnast needs enormous **linear and rotational velocity**. 
* Pumping the swing allows the gymnast to build potential and kinetic energy with every single giant swing, acting like a pendulum to build up the necessary speed.

### 2. Timing the ""Block"" (Conversion of Energy)
Physics dictates that energy cannot be created from nothing; it must be transferred. The swing allows the gymnast to convert their downward momentum into upward propulsion.
* Just before the release, the gymnast aggressively blocks (stops their body's downward swing against the bar while maintaining forward momentum). 
* This sudden deceleration snaps the gymnast’s body upward and outward off the bar, acting like a catapult. Without a powerful swing to feed into this block, the gymnast would simply drop to the mat.

### 3. Spatial Awareness and Proprioception
Gymnastics relies heavily on ""air awareness""—knowing exactly where your body is in space while upside down and moving fast. 
* The rhythmic, repetitive nature of giant swings helps the gymnast establish a baseline of timing, rhythm, and body tension. 
* Entering the release skill out of a fluid swing ensures the gymnast knows their exact rotational speed and trajectory, making the catch safer and more precise.

### 4. Code of Points (Execution and Flow)
In modern gymnastics (governed by the Fédération Internationale de Gymnastique, or FIG), the execution score depends heavily on **smoothness, continuity, and amplitude** (height/distance). 
* Pausing or hanging dead on the bar before a skill results in massive deductions for lack of rhythm. 
* Linking the swing directly into the release skill shows mastery and earns higher execution scores.

### Summary
Think of the high bar gymnast like a person on a playground swing: you have to pump your legs and swing back and forth to build the energy needed to eventually jump off the swing and land as far away as possible. On the high bar, that ""jump"" just happens to involve flying 8 feet above the bar and doing a double backflip."
27,gymnastics,coaching,Gemini 3.5 Flash-Lite,Give advice to a gymnast learning a new skill who is physically capable but afraid to attempt it.,"Being physically ready for a skill while your brain is holding you back is one of the most frustrating and common walls in gymnastics. Your body knows how to do it, but your survival instinct is screaming, *""Danger!""* 

Here is a step-by-step mental and physical playbook to bridge the gap between ""I can"" and ""I will.""

---

### 1. Shift Your Mental Framework
*   **Acknowledge fear as a protector, not an enemy:** Your brain isn’t being a coward; it’s doing its job of keeping you safe from the unknown. Thank it for trying to protect you, then remind it that you have prepared for this.
*   **Stop waiting to ""feel ready"":** Fear rarely goes away completely before a big mental breakthrough. If you wait until you aren't scared, you might be waiting forever. You have to learn to act *while* feeling scared. 
*   **Focus on the *process*, not the *outcome*:** Instead of thinking about the whole scary skill (e.g., ""I'm going to throw a back tuck""), focus only on the very first micro-movement (e.g., ""I am just going to set hard with my arms by my ears""). 

### 2. Control the Controllables (Safety Nets)
*   **Build an impenetrable safety net:** Talk to your coach and set up every possible precaution. Use a pit, mats stacked high, a safety harness/belt, or a coach spot. Knowing that a bad fall still won't hurt lowers the stakes.
*   **Visualize the worst-case scenario:** Ask yourself: *If I mess this up completely, what actually happens?* Usually, the answer is: ""I land on my hands and knees in a foam pit."" Once you realize the worst-case scenario is totally survivable, the fear loses its grip.
*   **Master the drills:** If doubt creeps in, go back to basics. Do the drills that lead up to the skill ten times perfectly. This proves to your nervous system that the building blocks are rock-solid.

### 3. Techniques for the Moment of Execution
*   **The ""3-Second Rule"":** When you step up to the equipment, do not stand there overthinking for five minutes—that gives fear time to grow. Give yourself a strict countdown (e.g., ""On the count of three, I go""). Commit to the timer.
*   **Create a pre-skill routine:** Just like a basketball player bounces the ball twice before a free throw, create a physical trigger. Tap your legs twice, adjust your grips, take a deep breath, and go. This signals to your brain that it’s time to switch from ""thinking mode"" to ""action mode.""
*   **Use aggressive visualization:** Close your eyes and vividly picture yourself doing the skill successfully. Feel the air, see the landing, hear the stick. Do this 3 times right before you try it.

### 4. Talk to Your Coach
*   Communication is key. Tell your coach: *""I know I'm ready, but my brain is blocking me today. Can you help me break this down?""*
*   Ask for **tactile cues** (where the coach touches you to guide you through) or verbal cues at exact moments during the attempt.
*   Give yourself permission to walk away *if* you are truly frozen, but make a deal with yourself: ""I will try it three times with a spot, and if I can't do it today, I will live to fight another day."" Never let fear win by letting you leave without at least one honest attempt.

### A Final Thought
That first successful attempt is going to feel terrifying until it’s over. But the exact second your feet hit the mat on the other side, the fear will instantly transform into pure electricity and confidence. You just have to buy the ticket and take the ride. You've got this!"
28,gymnastics,reasoning,Gemini 3.5 Flash-Lite,Why might a gymnast perform better in practice than in competition?,"The phenomenon of performing better in practice than in competition is extremely common in gymnastics, as well as in many other individual sports. Gymnastics is a sport of extreme precision, split-second timing, and high psychological demand, making athletes particularly vulnerable to the pressure of competition. 

Here are the primary reasons why a gymnast might struggle to replicate their practice success when it counts:

### 1. Psychological Pressure and Anxiety
* **Fear of Failure/Judgement:** In practice, the stakes are low. If a gymnast falls, they simply get back up and try again. In competition, judges are scoring, a crowd is watching, and teammates or coaches are relying on them. This creates a fear of making mistakes.
* **Overarousal (The ""Yips""):** Adrenaline is helpful, but too much of it causes ""hyper-arousal."" This can lead to tight muscles, rushed timing, and overthinking automatic movements (known as ""paralysis by analysis""). 
* **Outcome Focus vs. Process Focus:** In practice, gymnasts focus on the *process* (e.g., ""squeeze my core, spot the landing""). In competition, their minds often drift to the *outcome* (e.g., ""I need to stick this to make finals""), which increases anxiety.

### 2. Lack of Routine Environment and Warm-up Structure
* **The ""Waiting Game"":** In practice, a gymnast is constantly moving, stretching, and doing turns. In a competition, there is a lot of downtime. A gymnast might warm up on beam, and then sit and wait for 20 minutes before it’s actually their turn to compete, causing their muscles to cool down and their focus to drift.
* **Unfamiliar Surroundings:** Gymnasiums used for competitions often look and feel different than the home gym. The lighting is brighter, the equipment (vault runways, spring boards, bars) might be a different brand or feel firmer/bouncier, and the background is filled with distracted movement (spectators, other events happening simultaneously).
* **Warm-up Restrictions:** In practice, a gymnast can take as many turns on an apparatus as they need to feel confident. In competition, they get a strictly limited official warm-up time (often just 30 to 60 seconds per apparatus), which may not be enough to find their rhythm.

### 3. Physiological Differences
* **Fatigue and Adrenaline Clash:** Competition days involve long hours, travel, and often disrupted sleep schedules. Furthermore, a massive surge of adrenaline can deplete energy quickly, leading to heavy legs or a feeling of physical exhaustion that doesn't happen during a standard afternoon practice.
* **Muscle Tension:** Anxiety causes the nervous system to tense up. In a sport where flexibility, fluidity, and explosive power are paramount, extra muscle tension ruins the biomechanics of difficult skills (e.g., a slightly tight shoulder can cause a missed handstand on beam or a crooked tumbling pass).

### 4. The ""In-The-Zone"" Paradox of Practice
* **Repetition Builds Comfort:** In practice, a gymnast might hit a routine 10 times in a row simply because they are warm, relaxed, and in a state of ""flow."" They are relying on muscle memory. 
* **Conscious Interference:** When the stakes are high in competition, the brain tries to take conscious control over movements that *should* be entirely automatic. Thinking about *how* to do a backflip while you are in the middle of doing it almost always results in a fall.

### Summary
Ultimately, practicing a skill requires physical capability, but performing it in competition requires **mental resilience and emotional regulation**. Gymnasts often spend years perfecting the physical side in the gym, but learning to bridge the gap between practice and competition—often called ""competition temperament""—is a separate skill that takes time, mental coaching, and experience to master."
29,gymnastics,planning,Gemini 3.5 Flash-Lite,Create a simple strategy for preparing for a gymnastics competition one week away.,"With one week until your gymnastics competition, the physical hard work is already done. Now, the goal is to **fine-tune your routines, build confidence, and keep your body fresh and healthy.** 

Here is a simple, stress-free 7-day strategy.

---

### **The Golden Rules for the Week**
*   **No new skills:** This is not the time to learn a new pass or release move. Stick to what you know you can land.
*   **Consistency over intensity:** Focus on clean execution, sticking your landings, and stamina.
*   **Mental rehearsal:** Visualize your routines hitting to perfection every single day.

---

### **The 7-Day Timeline**

#### **Day 7 (One week out): Routine Check & Clean-Up**
*   **Gymnastics:** Do full routines on all your events, but take extra rest between them. Focus on high-quality execution (straight legs, pointed toes, stuck landings).
*   **Mental:** Write down your goals for the competition. (Hint: Make them about *performance and execution*, not about placing or winning).

#### **Day 6: Details & Stamina**
*   **Gymnastics:** Practice individual parts of your routines (e.g., just tumbling passes, or just your beam series) to ensure precision. Do at least one full endurance run-through if cardio is usually an issue for you.
*   **Care:** Spend 15 minutes stretching. Hydrate well.

#### **Day 5: Confidence Builder**
*   **Gymnastics:** Focus heavily on your strongest events. End practice on a high note by hitting a great routine and walking out of the gym feeling amazing.
*   **Nutrition:** Start paying closer attention to eating healthy, balanced meals and drinking plenty of water.

#### **Day 4: Light Mechanics & Rest**
*   **Gymnastics:** Low-impact day. Work on dance, leaps, presentation, and mental visualization. Do some light tumbling into pits or onto mats, but avoid hard surfaces if you feel sore.
*   **Rest:** Get to bed early. Sleep is when your muscles repair and grow.

#### **Day 3: The ""Polish"" Practice**
*   **Gymnastics:** A normal or slightly shorter practice. Walk through your routines in your head before doing them. Practice your salutes—judges notice confidence!
*   **Bag Check:** Start gathering your competition gear (leos, grips, tape, hair ties, warm-ups, snacks) so you aren't rushing later.

#### **Day 2: Active Recovery & Prep**
*   **Gymnastics:** Very light workout or complete rest, depending on how your body feels. Some gymnasts like to do a 30-minute ""stretch and tumble"" session to stay loose; others prefer total rest.
*   **Mental:** Pack your competition bag completely. Fill your water bottle, lay out your competition leotard, and double-check the meet schedule/reporting time.

#### **Day 1: The Day Before**
*   **Gymnastics:** Zero to light workout (maybe some stretching or a quick beam routine just to feel the floor). The goal is to sweat a little, loosen up, and save 100% of your energy for tomorrow.
*   **Mindset:** Avoid stressful environments. Watch a movie, listen to your favorite hype playlist, and go to bed early. 

---

### **Competition Day Checklist**
1.  **Fuel:** Eat a familiar, high-carb, easy-to-digest breakfast (like oatmeal, a banana, or toast). Avoid anything greasy or heavy.
2.  **Arrive Early:** Give yourself plenty of time to find your coach, use the restroom, and get through open stretch without rushing.
3.  **Have Fun:** Remember why you started gymnastics in the first place. Breathe, trust your training, and stick your landings!"
30,gymnastics,creative,Gemini 3.5 Flash-Lite,Describe the final rotation of a close gymnastics team championship from the perspective of one athlete.,"Chalk dust hangs in the air like a fine, glittering mist, illuminated by the blinding glare of the arena spotlights. My lungs burn. My hands, taped and bleeding slightly through the wrap, throb with a dull, familiar ache. 

*Fourth rotation.* 

We’ve clawed our way back from the abyss on bars, survived a wobble-filled beam rotation, and held our breath through floor. Now, it all comes down to vault. Just forty-two feet of runway, the springboard, the table, and the hard landing mat. 

The scoreboard overhead blinks in glaring red LED. *State College: 151.450. Us: 151.300.* 

We are down by half a tenth. One step on a landing. That’s all it takes to lose a year of sweat, tears, and dawn practices. 

Coach’s hand is heavy on my shoulder, breaking through the white noise of the crowd—the rhythmic stomping, the brassy pep band, the screaming of our alternates. 

""Breathe, kid,"" she says, her voice tight, betraying the calm she’s trying to project. ""Trust your legs. Do what you’ve done a thousand times.""

I nod, though my stomach is a knot of lead. I'm the anchor. Everything rests on this. 

Before me, Sarah just stuck her Yurchenko double full. The replay on the jumbo screen shows her feet hitting the mat like a dropped anchor, not an inch of movement. The team erupts, a huddle of leotards and tears. *10.450.* 

We are ahead by one tenth. 

Now, the spotlight swings to the end of the runway. The announcer’s voice booms through the speakers, echoing off the rafters. *""Competing for Westside, anchoring the vault rotation... [My Name].""*

The silence in my head is deafening. I step up to the white tape marking the start of the runway. I don't look at the judges. I don't look at the scoreboard. I look down the long, red carpet stretching toward the vaulting table. It looks miles long. 

I close my eyes. *Run fast. Block hard. Tight core. Stick.* 

I raise my arm. The head judge raises his yellow flag. 

In gymnastics, you live for fractions of a second. The run starts slow, accelerating into a freight train of momentum. *One, two, three, four, five, six steps.* My spikes grip the rubber. 

I hit the board. 

Explosion. My legs drive upward, my arms punch the table, blocking with every ounce of power left in my body. I flip backward into the void, the arena spinning in a dizzying blur of lights and color—blue mats, yellow scoreboard, red leotards. 

I spot the landing too early, a rookie mistake, and force myself to wait. *Come around. Pull in.* 

The floor rushes up to meet me. 

*Boom.* 

My feet hit the apex of the landing mat. The impact shoots up my shins, through my spine, threatening to tip me backward. My chest drops, my arms fly out for balance to fight the momentum—*don't step, don't hop, just hold it*—my heels grind into the foam. 

Stillness. 

For a microsecond, time stops. I am frozen in a deep squat, arms out, chest proud. 

Then, the arena explodes. 

It’s not a sound you hear; it’s a physical force that hits my back. My teammates are already tackling me, a tidal wave of glitter and weeping humanity, knocking me flat onto the blue mat. Someone is screaming my name. Someone else is pounding the mat so hard the floor vibrates. 

I’m pinned beneath a pile of my best friends, staring up at the vaulted ceiling, gasping for air, tears finally breaking free and cutting tracks through the chalk dust on my cheeks. 

The score flashes on the board. The numbers don't even matter anymore, but when they appear—*9.900*—the roaring gets louder. 

We didn't just win. We survived."
31,random,explanation,Gemini 3.5 Flash-Lite,Explain how a microwave heats food in simple terms.,"Imagine your food is made up of tiny, microscopic magnets. 

Here is how a microwave heats your food in 3 simple steps:

1. **Invisible Waves:** Inside the microwave is a part that creates invisible waves of energy (microwave radiation). 

2. **The Water Dance:** Most food contains water molecules. These water molecules act like tiny magnets. The microwave's energy causes these ""magnets"" to flip back and forth **millions of times every second**. 

3. **Friction Creates Heat:** Because the water molecules are spinning and bumping into each other so fast, they create **friction**. Friction creates heat—just like when you rub your hands together really fast to warm them up on a cold day. 

That heat then warms up the rest of the food! 

*(Fun fact: This is why dry plates don't get very hot in the microwave—they don't have water molecules for the waves to spin!)*"
32,random,creative,Gemini 3.5 Flash-Lite,Write a short story about a dog that accidentally becomes mayor of a small town.,"Barnaby was not a political animal. He was, by all accounts, a beagle-basset hound mix whose primary platform consisted of sunbeams, half-eaten tennis balls, and the eternal pursuit of the mail carrier. 

His owner, Martha, served as the town clerk of Oakhaven, a village so sleepy that the local newspaper once ran a front-page story about a particularly large pumpkin. Because Martha couldn’t afford a pet sitter, Barnaby went to work with her every day, sleeping under her desk and snoring in a rhythm that kept the town council meetings mercifully short.

The political crisis of Oakhaven began in October. Mayor Grumpf, a man who had held office since the invention of the fax machine, abruptly retired to Florida. By town charter, a special election was required. Unfortunately, the filing fee was fifty dollars, and the only two human candidates—eccentric taxidermist Mr. Higgins and overly enthusiastic aerobics instructor Brenda—were locked in a bitter feud over whether the town’s annual festival should feature line dancing or a zucchini-weighing contest.

Voter turnout was projected to be dismal. 

On election day, Martha brought Barnaby to the community center. Tied up outside near the bake sale table while Martha went inside to vote, Barnaby tilted his head at a passing butterfly, his long velvety ears flapping in the autumn breeze. 

Local teenager Leo, bored out of his mind working the sign-in table, decided to play a joke. When his friend Toby came in to cast his ballot, Leo slid an official write-in slip across the table. 

""Write in Barnaby,"" Leo whispered. ""For the bit.""

Toby laughed and wrote *BARNABY THE HOUND* in bold, messy crayon. 

Word spread. By noon, half the town’s seventy-two registered voters thought it would be hilarious to cast a protest vote for the dog. By 4:00 PM, the local pub had started a sweepstakes. 

When the polls closed at 7:00 PM, Martha was in the back room helping tally the votes. Suddenly, the election official, an 80-year-old woman named Gladys, gasped so loudly she dropped her bifocals into her tea. 

""My word,"" Gladys whispered. 

Martha rushed over. ""What is it? Did Mr. Higgins win?""

""No, Martha,"" Gladys said, turning the ledger around. ""Barnaby received forty-six votes. Brenda got fourteen. Higgins got eight.""

Martha stared at the paper. ""My dog is a registered write-in candidate?""

""Your dog is the new Mayor of Oakhaven,"" Gladys corrected, adjusting her glasses. ""Democracy has spoken.""

Panic ensued, briefly, until the town lawyer checked the municipal bylaws from 1884. Nowhere did it explicitly state that the mayor *had* to be human; it merely stated they had to be a resident of Oakhaven, over the age of two (Barnaby was five, or thirty-five in dog years), and possess a ""clean moral character"" (Barnaby had once stolen a turkey off a counter, but the statute of limitations had allegedly passed).

The inauguration was held the following Tuesday. Barnaby wore a red bowtie clipped awkwardly to his collar. He didn't give a speech, choosing instead to lick the microphone, which produced a booming feedback squeal that startled the town council into immediate silence. 

To everyone’s surprise, Mayor Barnaby’s administration was the most productive Oakhaven had seen in decades. 

Town council meetings were moved to the grassy park, where the new mayor insisted on keeping sessions brief by yawning loudly whenever discussions dragged on past twenty minutes. Citizens found it impossible to argue about zoning laws while a sad-eyed hound rested his chin heavily on their knees. Compromises were reached faster. Property disputes vanished. 

Best of all, the town’s tourism skyrocketed. People drove hours just to buy ""Barnaby for Mayor"" bumper stickers and pet the chief executive, who spent his mornings snooping around the bakery for smuggled bacon and his afternoons sleeping on a plush velvet cushion behind the mayor’s desk.

One rainy Friday evening, Martha sat at her desk, working late. Barnaby was curled up at her feet, dreaming of rabbits. 

""Well, Mr. Mayor,"" Martha murmured, scratching him behind the ears. ""Approval ratings are up. The budget is balanced. How do you plan to celebrate?""

Barnaby opened one brown eye, gave a single, lazy thump of his tail against the linoleum, and went right back to sleep."
33,random,advice,Gemini 3.5 Flash-Lite,Give five practical tips for improving time management as a college student.,"Here are five practical time-management tips designed specifically for college students:

### 1. Use the ""Digital Ecosystem"" Method (and Keep It Minimal)
Don't rely on your brain to remember every syllabus deadline, club meeting, and social event. Put everything into a digital calendar (like Google Calendar or Apple Calendar). 
* **The Tip:** Color-code your commitments (e.g., Blue for classes, Green for study blocks, Red for exams, Orange for personal time). Set reminders for 24 hours and 1 hour before assignments are due. Stick to *one* main calendar app to avoid double-booking yourself or missing updates.

### 2. Implement the ""Pomodoro Technique"" for Studying
College reading and writing can lead to burnout if you try to power through for four hours straight. 
* **The Tip:** Work with uninterrupted focus for 25 minutes, then take a 5-minute break. After four cycles, take a longer break (15–30 minutes). During the 25-minute work block, put your phone in another room and use website blockers (like Freedom or Cold Turkey) to stay off social media. You’ll be surprised how much more you get done.

### 3. Tackle ""Eat the Frog"" First
Mark Twain famously said that if the first thing you do each morning is to eat a live frog, you can go through the day with the satisfaction of knowing that is probably the worst thing that is going to happen to you all day.
* **The Tip:** Identify the hardest or most dreaded task of your day—whether it’s a physics problem set or starting a history paper—and do it first. Once that ""frog"" is eaten, your brain relaxes, and the rest of your daily tasks will feel much easier to manage.

### 4. Build a ""Weekly Review"" Habit
Time management isn't just about daily tasks; it’s about anticipating the weeks ahead. Midterms and major papers often sneak up on students.
* **The Tip:** Spend 15 minutes every Sunday evening looking at the week ahead. Ask yourself: *What are my top three priorities this week? When are my exams or big assignments? Do I need to start studying for anything early?* Planning your week in advance prevents panic-driven all-nighters.

### 5. Learn to Say ""No"" and Protect Your Whitespace
College is full of opportunities—clubs, parties, study groups, and jobs. It’s easy to overcommit and end up exhausted and unproductive.
* **The Tip:** Recognize that saying ""yes"" to one thing means saying ""no"" to your rest, your health, or your study time. It is okay to decline a committee or a social outing during heavy midterm weeks. Furthermore, schedule ""whitespace""—free time with zero obligations—into your calendar so you actually have time to rest and recharge."
34,random,comparison,Gemini 3.5 Flash-Lite,Compare reading a physical book with reading an ebook.,"Comparing reading a physical book to reading an ebook is a debate of **tradition versus technology**. While both deliver the same core experience—immersing yourself in a story or absorbing information—they offer vastly different sensory and practical experiences. 

Here is a detailed comparison across several key categories:

---

### 1. Sensory Experience & Immersion
*   **Physical Books:** Win hands-down for sensory engagement. You have the tactile feel of paper, the distinct smell of old or new books, the weight in your hands, and the satisfying sound of turning pages. Many readers find this physical interaction deepens their focus and helps them get ""lost"" in a book.
*   **Ebooks:** Offer a more streamlined, minimalist experience. There is no sensory feedback from the medium itself, which some readers find makes it easier to focus purely on the text. However, others find the lack of physical presence makes the reading experience feel less memorable.

### 2. Convenience & Portability
*   **Physical Books:** Bulky and heavy. Carrying more than one or two books can strain your bag and your back. They also require good lighting to read in the dark.
*   **Ebooks:** Unbeatable for portability. You can carry an entire library of thousands of books on a device that weighs less than a single paperback. E-readers (like a Kindle) fit easily into a coat pocket or purse, making them the ultimate travel companion.

### 3. Eye Strain & Health
*   **Physical Books:** Generally better for the eyes. Traditional paper reflects ambient light rather than shining it directly into your eyes. Furthermore, physical books don’t emit blue light, meaning they won’t disrupt your circadian rhythm if you read before bed.
*   **Ebooks:** Standard tablets and smartphones cause digital eye strain and emit blue light that can interfere with sleep. However, **dedicated e-readers using E-Ink technology** (like Kindle Paperwhite or Kobo) mimic real paper, have no glare in sunlight, and usually feature warm-light adjustments for comfortable nighttime reading.

### 4. Retention & Comprehension
*   **Physical Books:** Studies frequently suggest that readers retain information better when reading on paper. The physical layout of pages, the thickness of the read versus unread portions of the book, and the act of physically flipping pages provide spatial landmarks that help the brain map and remember the narrative or information.
*   **Ebooks:** Can sometimes lead to ""skimming"" behavior and lower retention rates. Because an ebook screen looks the same whether you are on page 10 or page 300, it lacks the physical cues that anchor memory. 

### 5. Cost & Accessibility
*   **Physical Books:** Often more expensive to purchase new, though you can find great deals at thrift stores, garage sales, and libraries. They also take up physical space at home, which can become a burden.
*   **Ebooks:** Usually cheaper to buy than hardcover or paperback editions. Furthermore, public libraries allow you to borrow ebooks instantly from home via apps like Libby or OverDrive, without late fees. You can also instantly download a sample or a full book the moment you want it.

### 6. Special Features
*   **Physical Books:** Limited to physical annotations (dog-earing pages, underlining with a pen, using sticky notes). 
*   **Ebooks:** Packed with useful tech features. You can highlight text, instantly look up definitions in a built-in dictionary, translate foreign words with a tap, change the font size for accessibility, and search for specific keywords within the entire text.

---

### Summary Comparison Table

| Feature | Physical Book | Ebook |
| :--- | :--- | :--- |
| **Portability** | Low (heavy, bulky) | High (thousands of books in your pocket) |
| **Sensory Appeal** | High (smell, touch, weight) | Low to Moderate (utilitarian) |
| **Eye Strain** | Low (reflective light) | Varies (High on phones/tablets; Low on E-Ink) |
| **Memory/Retention**| Generally higher | Generally lower |
| **Cost** | Varies (can be high, free at libraries) | Often cheaper; many free classics available |
| **Convenience** | Requires a bookstore/library trip | Instant downloads |
| **Special Features** | None | Built-in dictionary, search, adjustable fonts |

---

### The Verdict: Which is Better?

*   **Choose a Physical Book if:** You love the ritual of reading, want a break from screens, enjoy collecting books, or want to remember and retain complex information.
*   **Choose an Ebook if:** You travel frequently, read in bed in the dark, live in a small space, need adjustable text sizes, or want instant access to a vast library at a lower cost. 

Many modern readers actually use **both**: physical books for relaxing at home or studying, and an ebook/e-reader for commuting, traveling, and reading before bed."
35,random,reasoning,Gemini 3.5 Flash-Lite,Why do people often procrastinate even when they know a task is important?,"Procrastination is one of the most common human paradoxes. We willingly delay things that we *know* will improve our lives, reduce our stress, or advance our careers—often suffering a great deal of anxiety while we wait. 

Psychologists and neuroscientists have found that procrastination is rarely about ""laziness"" or poor time management; **it is an emotional regulation problem.** 

Here is why we procrastinate, even on tasks we know are important:

### 1. Emotional Regulation and Stress Relief
At its core, procrastination is a coping mechanism. When faced with an important task, we often experience negative emotions: fear of failure, boredom, self-doubt, overwhelm, or resentment. 
* **The Trap:** Our brains are hardwired to seek immediate comfort and avoid distress. Engaging in an unpleasant or daunting task causes an immediate spike in negative emotions. To escape that discomfort, we turn to distractions (social media, cleaning, gaming) which provide an *immediate* dopamine reward and temporary emotional relief. 

### 2. The Battle of Two Brains (Neurobiology)
Inside your head, there is a constant tug-of-war between two main regions:
* **The Limbic System:** The oldest part of your brain, which is impulsive, emotional, and seeks instant gratification (""Let's watch Netflix now"").
* **The Prefrontal Cortex:** The newer, rational part of your brain, which plans for the future, weighs consequences, and sets long-term goals (""We need to finish this report so we don't get fired"").
Because the limbic system is older and stronger, it often wins the tug-of-war in the short term, overriding the rational prefrontal cortex.

### 3. Temporal Discounting (The ""Future Self"" Disconnect)
Humans suffer from a cognitive bias known as *temporal discounting*, meaning we value immediate rewards much more than future rewards. 
When you put off a task, the negative consequences (a bad grade, a missed deadline, a stressed-out weekend) belong to your ""future self."" Because your brain has trouble vividly imagining the future, your future self feels almost like a stranger. It is easy to burden a stranger with extra work so that your ""present self"" can be comfortable right now.

### 4. Perfectionism and Fear of Failure
Paradoxically, high achievers and perfectionists are often chronic procrastinators. 
If you tie your self-worth to your output, a difficult task feels extremely threatening. If you do a mediocre job, it might mean you aren't as smart or capable as you think. 
* **The Subconscious Logic:** If you procrastinate and finish an essay in two hours, you have an excuse if it isn't great (""Well, I didn't have enough time!""). Procrastination acts as a shield for your ego.

### 5. Task Aversiveness (Lack of Clarity)
Sometimes we procrastinate simply because a task is vague, complex, or overwhelming. 
If your to-do list says *""Work on taxes""* or *""Write business plan,""* your brain doesn't know where to start. The sheer size of the mountain makes you freeze. Without a clear, microscopic first step, the task feels too heavy to lift.

---

### How to Overcome It
Understanding *why* you procrastinate helps you fix it. Instead of beating yourself up (which only increases the stress and drives more procrastination), try these strategies:
* **Lower the bar (Beat perfectionism):** Give yourself permission to write a terrible first draft or do a mediocre job. You can always edit later; you can't edit a blank page.
* **Reduce the friction:** Make the starting step ridiculously small. Don't commit to ""writing the essay""—commit to ""opening the document and writing one sentence.""
* **Forgive yourself:** Research shows that students who forgive themselves for procrastinating on an exam procrastinate *less* on the next exam because they carry less anxiety."
36,random,planning,Gemini 3.5 Flash-Lite,Plan a relaxing Saturday for someone with no work or school obligations.,"Here is a blueprint for the ultimate, guilt-free, deeply relaxing Saturday. The overarching rule of the day: **No rushing.** 

### **Phase 1: The Gentle Awakening (8:30 AM – 10:30 AM)**
*Resist the urge to set a loud alarm. Let the natural light wake you.*

*   **8:30 AM:** Wake up slowly. Do not check your phone immediately. Spend 5–10 minutes just stretching in bed, feeling the sheets, and noticing how nice it is to have *nothing* to do.
*   **9:00 AM:** Put on your most comfortable loungewear or robe. 
*   **9:15 AM:** Brew something warm—pour-over coffee, loose-leaf tea, or a rich matcha latte. 
*   **9:30 AM:** Enjoy a leisurely breakfast. Eat something that feels like a treat, whether that’s avocado toast with a soft-boiled egg, warm pastries from a local bakery, or pancakes. Sit by a window or on a balcony if you have one, and just sip and eat while listening to the birds or ambient music.

### **Phase 2: The Cozy Reset (10:30 AM – 1:00 PM)**
*Time to tend to your comfort and your space so you can truly unwind.*

*   **10:30 AM:** Take a long, warm shower or bath. Use nice-smelling products (think eucalyptus or lavender). Wash the stress of the week down the drain. Do an extra step in your routine, like a hair mask or body lotion.
*   **11:30 AM:** Do a very low-effort, grounding activity:
    *   Read a fiction book or a magazine.
    *   Do a puzzle or listen to a new album from start to finish without multitasking.
    *   Water your plants while listening to a slow podcast.
*   **12:45 PM:** Keep lunch light and nourishing. A big, colorful salad with a great dressing, a warm bowl of soup, or leftovers you don’t have to cook. 

### **Phase 3: The Afternoon Drift (1:00 PM – 5:00 PM)**
*This is the ""choose your own adventure"" block, but the theme is pure leisure.*

*   **Option A: The Out-and-About Stroll** (If the weather is nice)
    *   Take a slow walk through a park, botanical garden, or a quiet neighborhood. No destination, no step-count goal. Stop to look at flowers, grab an iced drink, or browse a local bookstore.
*   **Option B: The Nesting Route** (If you want to stay in)
    *   Build the ultimate nest on the couch with extra pillows and blankets. 
    *   Put on a comforting movie you’ve seen a dozen times (e.g., *Studio Ghibli films, *The Lord of the Rings*, *Pride & Prejudice*, or a nostalgic 90s comedy).
    *   Allow yourself a guilt-free afternoon nap. 

### **Phase 4: The Evening Unwind (5:00 PM – 9:00 PM)**
*Transitioning smoothly from daytime relaxation to nighttime coziness.*

*   **5:00 PM:** Put on a relaxing playlist (jazz, lo-fi beats, or acoustic folk). Dim the lights in your home and turn on a lamp or light a candle.
*   **6:30 PM:** Dinner time. Choose maximum comfort:
    *   Order high-end takeout from your favorite local spot.
    *   Cook something slow and aromatic, like a simple pasta or a cozy curry, with a glass of wine, cider, or sparkling water.
*   **8:00 PM:** Screen-free or low-screen wind down. Take time for skincare, journal a bit if you feel like it, or stretch your limbs.

### **Phase 5: The Deep Sleep (9:00 PM Onward)**
*   Get into fresh sheets. 
*   Read until your eyelids feel heavy. 
*   Fall asleep knowing you have zero obligations waiting for you tomorrow morning, either."
37,random,explanation,Gemini 3.5 Flash-Lite,Explain how airplanes stay in the air to a ten-year-old.,"Imagine you are riding in a car with your hand out the window. If you hold your hand flat, the wind just pushes it straight back. But if you tilt your hand up just a little bit, what happens? Your hand shoots up into the air, right? 

That is basically how an airplane flies! It’s all about teamwork between the airplane's **engines** and its **wings**. 

Here is how it works in three easy steps:

### 1. The Shape of the Wing
Airplane wings aren't flat like a board. If you sliced a wing in half and looked at it from the side, you’d see it is curved on top and flatter on the bottom—kind of like a teardrop. 

### 2. The Power (Thrust)
Airplanes can’t just float; they need to move fast. That’s what the giant engines (or propellers) are for. They act like super-powerful leaf blowers, pushing the airplane forward very, very fast. We call this **thrust**. 

### 3. The Magic Lift
As the airplane rushes down the runway and into the sky, the air splits in two. Some air goes *over* the curved top of the wing, and some goes *under* the flat bottom. 

Because the top is curved, the air going over the top has to move **super-fast** to catch up with the air going underneath. When air moves that fast, it creates a ""low-pressure zone"" (think of it like an invisible vacuum cleaner pulling *up*). At the same time, the air hitting the bottom of the wing pushes *up*. 

This teamwork creates a strong upward push called **Lift**. Once the lift is stronger than the heavy weight of the plane pulling it down to the ground... *whoosh!* The plane is flying!

To steer, the pilot uses little flaps on the wings and tail to tilt the plane left, right, up, or down—just like how you steer a bicycle. 

Pretty cool, right? You're basically riding inside a giant, flying metal tube that tricks the wind into holding it up!"
38,random,creative,Gemini 3.5 Flash-Lite,Invent a new holiday and describe how people celebrate it.,"**Name of the Holiday:** *St. Echo’s Day* (or simply *Echo-tide*)  
**Date:** The second Saturday of November (the transition period between autumn and winter in the Northern Hemisphere).  

### **The Origin**
St. Echo’s Day was established in the late 21st century as a response to the hyper-connected, notification-heavy nature of modern life. It commemorates the mythical ""Great Offline,"" a legendary 24-hour global internet blackout that accidentally forced humanity to rediscover the joy of analog existence, face-to-face conversation, and the literal echoes of their own voices in nature. 

The core philosophy of the holiday is simple: **To hear yourself think, you must first stop listening to everyone else.**

---

### **How People Celebrate**

#### **1. The Digital Purge (Sunset to Sunset)**
The holiday officially begins at sunset on Friday. The primary ritual is the *Great Muting*. Phones, laptops, tablets, and smart-home devices are powered down and placed inside a decorative cardboard box called the *Quiet Vault*. These boxes are often sealed with wax or tape and placed on a high shelf, not to be opened until Sunday morning. 

#### **2. The Dawn Resonance Walk**
On Saturday morning, people wake up early and head to open spaces—parks, canyons, mountains, or even empty multi-level parking garages. At precisely 8:00 AM, communities engage in the *Calling of the Echo*. Everyone takes a deep breath and shouts a single word or phrase into the open air (common choices are ""Hello,"" ""Reset,"" or a person's own name) to listen for the literal acoustic echo. It’s a playful, booming moment that fills cities and countrysides with whimsical noise before the day grows quiet.

#### **3. The Feast of the Unfiltered**
There are no recipes tied to St. Echo’s Day, but there is one strict rule: **No screens at the table, and no small talk.** Meals are designed to be slow and tactile. People bake rustic breads, roast root vegetables, and drink warm spiced cider. During the meal, families and friends play the *Echo Game*, where one person shares a memory from the past year, and the person next to them must share a time they felt a similar emotion, passing the ""resonance"" around the table. 

#### **4. Analog Crafting and ""Trash Art""**
With no internet for tutorials or inspiration, the afternoon is dedicated to making things with one’s hands using whatever is lying around the house. People carve wood, knit poorly fitting scarves, write terrible poetry, or build sculptures out of recycling. Perfection is actively discouraged; the clumsier the creation, the more authentic the celebration.

#### **5. Lanterns of Reflection**
As night falls, electricity usage is kept to a bare minimum. Instead, homes are lit by candles and oil lamps. People write down anxieties, regrets, or digital habits they want to break on scraps of paper, and—in safe, designated community fire pits—throw them into the flames, watching the sparks float up like vanishing data packets.

### **Traditional Greeting**
Instead of ""Happy holidays,"" people on St. Echo’s Day greet one another by cupping a hand to their ear and saying:  
*“May your signal be clear.”*  
To which the reply is:  
*“And your echo true.”*"
39,random,advice,Gemini 3.5 Flash-Lite,What should someone consider when choosing between two job offers?,"Choosing between two job offers is a great problem to have, but it can also be deeply stressful. To make the best decision, you need to look beyond the immediate excitement and evaluate how each role aligns with your career trajectory, financial needs, and personal well-being. 

Here is a comprehensive framework of factors to consider, broken down from most tangible to most intangible:

### 1. Compensation and Total Rewards
Money isn’t everything, but it is a primary reason we work. Don't just look at the base salary; calculate the **total compensation package**:
*   **Base Salary:** How do they compare? Is there room for negotiation?
*   **Bonuses and Commissions:** Are these guaranteed, performance-based, or discretionary? What is the history of payouts at the company?
*   **Benefits:** Compare health, dental, and vision insurance premiums, deductibles, and out-of-pocket maximums. 
*   **Retirement:** Does the company offer a 401(k) match? How long is the vesting schedule?
*   **Equity/Stock Options:** If offered, what is the current valuation? What is the potential upside and vesting schedule?
*   **Other Perks:** Stipends for wellness, phone, internet, education, or commuting can add up.

### 2. Day-to-Day Work and Career Growth
Consider what you will actually be doing 40 hours a week and where those tasks will lead you in 3 to 5 years.
*   **The Work:** Does the role excite you? Are you solving interesting problems, or is it mostly administrative?
*   **Skill Development:** Which job will teach you new, high-demand skills or software? Which looks better on a resume?
*   **Upward Mobility:** Is there a clear path to promotion? Or is it a flat structure where you might get stuck?
*   **Mentorship:** Will you have access to leaders who can teach you and advocate for your career?

### 3. Culture, People, and Leadership
You can love the work, but if you hate the people or the environment, you won't stay long.
*   **Leadership:** Do you trust the executives? Do they communicate transparently about the company's health and direction?
*   **Direct Manager:** This is often the most important factor in job satisfaction. Did your prospective manager seem supportive, organized, and invested in your success during the interview?
*   **Team Dynamics:** Did you vibe with the team members you met? Do they collaborate well, or is it siloed/toxic?
*   **Company Values:** Do the stated values match the actual behavior you observed during the interview process?

### 4. Work-Life Integration and Flexibility
Protecting your time and mental health is crucial for long-term sustainability.
*   **Remote/Hybrid/On-site:** What is the policy? Is it strictly enforced, or is there flexibility? 
*   **Schedule:** Are standard hours respected, or is there an unspoken expectation of constant availability (even on weekends)?
*   **Commute:** If on-site or hybrid, calculate the actual time, cost, and stress of the commute. Two hours a day in traffic is 10 hours a week—time you won't get back.
*   **Time Off:** How many vacation days do you get? Is there a ""use-it-or-lose-it"" policy, or unlimited PTO (which often results in people taking *less* time off)? What are the parental leave policies?

### 5. Company Stability and Industry Health
You want to make sure the job will still exist (and thrive) a year from now.
*   **Financial Health:** Is the company profitable? If it’s a startup, how much runway do they have left, and who are their investors?
*   **Industry Trends:** Is the industry growing, stagnating, or being disrupted? 
*   **Job Security:** How critical is this specific role to the company’s bottom line? (Remember the rule of thumb: ""Last hired, first fired"" during downturns).

---

### Practical Decision-Making Exercises

If you are still torn after weighing the factors above, try these exercises to cut through the noise:

1.  **The Weighted Scorecard:** List the factors above that matter most to you (e.g., Salary, Commute, Boss, Growth). Assign each a weight based on importance (1 to 10). Then, score each job offer from 1 to 10 on those factors. Multiply and add them up. Let the math guide you.
2.  **The Coin Flip Trick:** Assign Job A to ""Heads"" and Job B to ""Tails."" Flip a coin. As the coin is in the air—or the second it lands—pay attention to your gut reaction. Are you secretly hoping it lands on a specific one? Your subconscious usually knows what you want before your brain does.
3.  **The 5-Year Test:** Fast forward five years. Looking back, which job sets you up better for the life and career you want to have? 
4.  **Negotiate:** Remember, you don't necessarily have to choose blindly between the offers as they stand. You can use one offer to negotiate better terms (salary, sign-on bonus, extra vacation days) with your preferred company."
40,random,comparison,Gemini 3.5 Flash-Lite,Compare living in a large city with living in a small town.,"Living in a large city versus living in a small town offers two vastly different life experiences. Each setting shapes a person’s daily routine, social life, and overall worldview. 

Here is a comparison of the two, broken down into key aspects of daily life:

### 1. Pace of Life and Atmosphere
* **Large City:** Life in a metropolis is fast-paced, energetic, and constantly in motion. The streets are busy, public transportation runs around the clock, and there is a pervasive ""buzz."" It is an environment of sensory overload, filled with neon lights, sirens, and crowds.
* **Small Town:** The pace of life is significantly slower and more relaxed. Mornings are often quiet, traffic is minimal, and the general rhythm allows people to take their time. Nature is usually close by, offering a peaceful and grounding atmosphere.

### 2. Community and Social Life
* **Large City:** Cities offer immense anonymity. While this means you can easily reinvent yourself and enjoy privacy, it can also lead to feelings of isolation. However, finding niche communities—whether for a specific hobby, art scene, or subculture—is much easier because the population pool is so large.
* **Small Town:** Small towns feature tight-knit communities where ""everyone knows everyone."" Neighbors look out for each other, and social bonds run deep. While this fosters a strong sense of belonging and support, it also means a lack of privacy; gossip can travel fast, and your business is often public knowledge.

### 3. Career and Economic Opportunities
* **Large City:** Cities are economic hubs. They offer a vast array of job opportunities across diverse industries, higher earning potential, and greater room for career advancement. Networking is much easier due to the concentration of professionals and businesses.
* **Small Town:** Economic opportunities are often limited to local industries, such as education, healthcare, small business, agriculture, or tourism. Commuting to a nearby city for work is common. However, the lower cost of living can sometimes offset the lower average salaries.

### 4. Amenities, Entertainment, and Culture
* **Large City:** Cities are cultural powerhouses. Residents have access to world-class museums, theaters, concerts, professional sports teams, and diverse culinary scenes. There is always something to do, regardless of the day or time.
* **Small Town:** Entertainment is more self-made and community-focused. Activities might include local diner visits, high school football games, community festivals, and outdoor recreation (hiking, fishing, camping). Dining and cultural options are limited, though often cherished for their authenticity.

### 5. Cost of Living and Housing
* **Large City:** The cost of living is notoriously high. Housing is expensive, and you often get significantly less space (an apartment or condo) for your money. Taxes, dining out, and services also tend to be pricier.
* **Small Town:** Your money stretches much further. Housing is generally much more affordable, and residents often get spacious homes with large yards. Everyday expenses like groceries, services, and property taxes are usually lower.

### 6. Transportation and Convenience
* **Large City:** Public transportation (subways, buses, trains) is robust, making car ownership optional and often a burden due to traffic and parking costs. Everything you need—groceries, healthcare, entertainment—is usually within walking distance or a short transit ride.
* **Small Town:** A car is an absolute necessity. Distances between locations require driving, and public transit is practically non-existent. While you avoid traffic jams, running errands can involve driving to neighboring towns for specialized shopping or medical care.

---

### Summary: Which is Better?

* **Choose a large city** if you thrive on energy, value career mobility, want cultural diversity, and prefer the convenience of having everything at your doorstep. 
* **Choose a small town** if you value peace and quiet, a strong sense of community, affordable living, and a closer connection to nature. 

Ultimately, the choice comes down to personal priorities and what stage of life you are in. Many people find a sweet spot by living in the suburbs or mid-sized cities that offer a hybrid of both experiences."
41,random,reasoning,Gemini 3.5 Flash-Lite,Why can two people remember the same event differently?,"It is a common misconception that human memory works like a video camera, recording events objectively to be played back later. In reality, memory is a **reconstructive process**. Every time we recall an event, we aren’t just pulling up a file; we are actively rebuilding it using fragments of information. 

Two people can experience the exact same event and walk away with significantly different memories due to several psychological, neurological, and emotional factors:

### 1. Different Perspectives and Attention
We can only process a fraction of the sensory information around us at any given time. 
* **Physical standpoint:** Two people literally see things from different angles. One person might have had a clear view of a person's face, while the other was looking at their hands.
* **Selective attention:** Our brains filter out what we deem irrelevant. If Person A is anxious about being late, they might focus on the clock, while Person B is focused on the conversation. Therefore, they encode different details into their memories.

### 2. Emotional States and Stress
Emotion acts as a powerful filter for memory. 
* **The ""Weapon Focus"" Effect:** High stress or fear narrows our focus. If an argument breaks out, one person might be terrified and laser-focus on a raised voice, while the other feels angry and focuses on the words being said.
* **Mood-congruent memory:** How we feel *during* an event—and how we feel *when we recall* it—colors the memory. If you are currently in a cynical mood, you are more likely to remember a past event more negatively than someone who is currently happy.

### 3. Confirmation Bias and Prior Beliefs
We filter new experiences through our existing beliefs, values, and past experiences (our ""schema""). If two people witness a political debate or a sports foul, their existing loyalties will often shape *how* they interpret what they see. They don't just see the event; they see it through the lens of what they *expect* or *want* to happen.

### 4. Post-Event Information and Misinformation
What happens *after* an event greatly alters how we remember it.
* **Leading questions:** If someone asks, ""How fast were the cars going when they *smashed* into each other?"" people remember a higher speed than if they were asked how fast the cars were going when they *hit* each other.
* **Conversing with others:** If Person A and Person B talk about the event afterward (""Remember how crazy he was?""), Person A’s description can unintentionally rewrite Person B’s memory. This is called **memory conformity**.

### 5. The Fragility of Consolidation and Reconsolidation
When a memory is first formed, it needs time to solidify in the brain (consolidation). Furthermore, **every time we recall a memory, it becomes malleable again** before being stored back away (reconsolidation). During this process, we accidentally update the memory with current information, biases, or things we *think* must have happened to make the story make sense.

### Summary
Memory is less about the objective ""truth"" of what happened and more about **meaning-making**. Our brains prioritize survival, narrative coherence, and emotional protection over factual accuracy. As a result, two honest people can recall the exact same moment in entirely different ways—and both genuinely believe they are right."
42,random,planning,Gemini 3.5 Flash-Lite,Create a simple morning routine for a busy college student.,"Here is a realistic, 30-minute morning routine designed for a busy college student. It’s fast, energizing, and requires zero preparation the night before. 

### **The 30-Minute ""Busy Student"" Routine**

#### **Minute 0–5: Rise & Hydrate**
*   **The Alarm:** Set your alarm across the room so you physically have to get out of bed to turn it off. No snooze button.
*   **Water First:** Chug a full glass of water immediately. Sleep dehydrates you, and water wakes up your brain faster than coffee.

#### **Minute 5–15: The ""Get Dressed & Fresh"" Dash**
*   **The Outfit:** Wear the clothes you laid out the night before (or grab a reliable ""uniform""—jeans and a hoodie). 
*   **Hygiene:** Brush your teeth, wash your face with cold water, and apply deodorant. 
*   *Pro-tip:* If you shower in the morning, do it the night before to save time, or keep it to a strict 3-minute shower.

#### **Minute 15–25: Grab-and-Go Fuel**
Skip cooking a big breakfast. Instead, choose something you can eat while walking to class or on the shuttle:
*   **Option A:** A banana, a handful of almonds, and a protein bar.
*   **Option B:** Greek yogurt cup and a piece of fruit.
*   **Option C:** Instant oatmeal cup made with hot water from a campus dining hall or dorm kettle.
*   *Coffee/Tea:* Make it in a travel mug at home, or grab it on campus.

#### **Minute 25–30: The Backpack Check & Launch**
Do a 30-second mental (or physical) checklist before walking out the door:
*   [ ] Keys
*   [ ] Student ID / Wallet
*   [ ] Phone & Charger
*   [ ] Laptop & Charger
*   [ ] Today’s assignments/books

---

### **3 Golden Rules to Make It Stick:**

1.  **Pack the night before:** Put your laptop, charger, keys, and outfit in one spot before you go to sleep. This saves 10–15 minutes of panicking in the morning.
2.  **Limit phone scrolling:** Do not open Instagram, TikTok, or your email until you are walking out the door. Phone scrolling is a notorious time-sink.
3.  **Keep it consistent:** Try to wake up at the exact same time every day—even on weekends (give or take an hour). It trains your body to wake up naturally without feeling groggy."
43,random,explanation,Gemini 3.5 Flash-Lite,Explain why the sky appears blue during the day.,"The sky appears blue during the day due to a phenomenon called **Rayleigh scattering**, which involves sunlight, Earth’s atmosphere, and the way human eyes perceive color. 

Here is the step-by-step breakdown of how it works:

### 1. Sunlight is made of all colors
Although light from the sun looks white, it is actually a combination of all the colors of the rainbow. Light travels in waves, and each color has a different wavelength:
* **Red and orange light** have longer, lazier wavelengths.
* **Blue and violet light** have much shorter, choppier wavelengths.

### 2. The light hits Earth's atmosphere
When sunlight reaches Earth, it enters our atmosphere, which is filled with gases (mostly nitrogen and oxygen) and tiny particles. 

### 3. Rayleigh scattering occurs
Because red and yellow light have long wavelengths, they pass right through the atmosphere’s gases without hitting much, continuing straight down to the surface. 

However, because blue light has short, smaller wavelengths, it collides with the gas molecules in the air. When the blue light hits these molecules, it **scatters**—meaning it bounces around in every direction. When you look up at the sky, you are seeing this scattered blue light.

### A Common Question: Why isn't the sky violet?
Violet light actually has an even shorter wavelength than blue light, meaning it scatters *even more*. So why doesn't the sky look violet? There are two main reasons:
1. **The Sun's output:** The sun simply emits much more blue light than violet light.
2. **Human vision:** Human eyes have color receptors (cones) that are much more sensitive to blue, green, and red than to violet. 

### Bonus: Why is the sky red at sunset?
When the sun sets, it is lower on the horizon, meaning the sunlight has to travel through much more of the atmosphere to reach your eyes. By the time the light gets to you, almost all the blue light has been scattered away in other directions, leaving only the longer red, orange, and yellow wavelengths to pass straight through to your eyes."
44,random,creative,Gemini 3.5 Flash-Lite,Write a dialogue between two astronauts who discover something unexpected on the Moon.,"**Location:** Shackleton Crater, Moon. 
**Time:** Lunar Dust-Dawn.
**Characters:** 
*   **Commander Elena Vance** (Veterans of two Artemis missions, pragmatic, cautious)
*   **Lieutenant Marcus ""Mac"" Brody** (Geologist, easily excitable, talks too much when nervous)

*(The crunch of hard vacuum boots on lunar regolith. The rhythmic hiss of life-support systems.)*

**MAC:**
(Heavy breathing)
Vance, I’m looking at the LIDAR readout for the interior of the ridge. I’m telling you, the dielectric permittivity down there is all over the place. It’s reading less like anorthosite and more like… I don’t know. Dense polymer? 

**ELENA:**
(Voice crackling slightly over the short-range comms)
Mac, focus. We are out here to core-sample the shadowed regions for water ice, not chase ghost anomalies in your sensor suite. Solar flare warning is still active for another six hours. 

**MAC:**
I *am* focused, that’s the problem. Look at your helmet HUD. Switch to sub-surface radar. Tell me if I’m having oxygen deprivation hallucinations, because my eyes are saying one thing and my brain is screaming at mission control.

*(A pause. A digital chime rings in Elena’s helmet as she toggles her visor display.)*

**ELENA:**
…What am I looking at? That’s not a lava tube.

**MAC:**
Right? Lava tubes are jagged, chaotic. This is… geometric. It’s too smooth. Too symmetrical. Like an acoustic dampening wall. 

**ELENA:**
Could be a telemetry glitch from the seismic activity last Tuesday. 

**MAC:**
At three meters deep? Under solid basalt? Negative, Commander. I’m dropping a marker. Hand me the sonic drill. We’re brushing off the dust.

**ELENA:**
Mac, standard protocol dictates we report this to Houston *before* we—

**MAC:**
Houston has a forty-minute communication blackout behind the lunar limb right now, in case you forgot. Besides, it’ll take us two minutes to clear five centimeters of regolith. Look at the contour. It’s… it’s a seam, Elena. Like a hatch.

*(The harsh, high-pitched whine of the sonic drill cuts through the silence. A fine spray of gray dust and pulverized rock plio-rises in the zero-gravity vacuum, floating outward in slow-motion dust-angels before settling back to the ground.)*

**MAC:**
(Muttering)
Easy… easy… clear the lip… brush away the fines…

*(A sharp metallic ping echoes through the suits—bone-conduction carrying the vibration directly into their skulls.)*

**ELENA:**
Did you hear that?

**MAC:**
I felt it. That wasn't rock. Rock doesn't resonate at four hundred hertz. 

*(More brushing. The beam of their suit-lights hits a surface that doesn't scatter the light like stone. It gleams—not with a golden or silver metallic sheen, but with a flat, light-absorbing matte black, interwoven with faint, hair-thin lines of glowing blue bioluminescence… or something very much like it.)*

**MAC:**
(Voice dropping to a whisper)
Oh, wow. 

**ELENA:**
Mac… step back. Step back right now.

**MAC:**
Elena, look at the lines. They’re… they’re pulsing. Like a heartbeat. A very, very slow heartbeat.

**ELENA:**
(Reaching for her shoulder-mounted transponder)
I’m breaking radio silence. Emergency channel. Houston, this is—

*(A low, sub-audible hum vibrates through the lunar floor, traveling up through the struts of their boots. The dust around the exposed seam begins to lift, defying gravity as a localized electrostatic charge activates.)*

**MAC:**
The dust… it’s floating. Elena, the hatch… it’s cycling. 

**ELENA:**
*(Staring, hand frozen over her radio toggle)*
…God help us. It’s breathing."
45,random,advice,Gemini 3.5 Flash-Lite,Give practical advice for someone giving their first public speech.,"Congratulations on landing your first public speech! It is completely normal to feel terrified—even seasoned speakers get butterflies. The secret isn't getting rid of the nerves; it’s learning how to channel that adrenaline into energy.

Here is some practical, battle-tested advice to help you survive and thrive on your first time out.

---

### 1. Preparation (Before the Day)
*   **Know your audience:** Tailor your content to them. Why are they in the room? What do they want to hear? What problem are you helping them solve?
*   **Focus on one core message:** If the audience remembers only *one sentence* from your speech, what should it be? Build your entire talk around supporting that single idea.
*   **Write for the ear, not the eye:** Spoken English is different from written English. Use shorter sentences, simpler words, and conversational phrasing. Avoid jargon unless the audience expects it.
*   **Don't memorize word-for-word:** This is a trap. If you forget one word, you’ll panic. Instead, memorize your **outline** (Introduction, 3 main points, Conclusion). Know the *flow* of your ideas, and let the exact words come naturally.
*   **Time yourself:** Aim to speak at 130 to 150 words per minute. If you have a 10-minute slot, aim for an 8-minute speech. Rushing is the number one sign of a nervous speaker; leaving a buffer lets you breathe.

### 2. Practice (The Rehearsal Phase)
*   **Practice out loud:** Reading silently in your head does not count. Your mouth, tongue, and lungs need to get used to forming the words.
*   **Stand up while practicing:** Practice in the physical posture you will use on stage. 
*   **Record yourself:** Yes, it’s cringe-worthy to watch or listen to yourself, but it is the fastest way to catch nervous habits (like saying ""um,"" swaying, or rushing).
*   **Rehearse the rough spots:** Don’t just start from the beginning every time. If you stumble on paragraph three, practice just that paragraph ten times.

### 3. Logistics (Before You Walk On)
*   **Arrive early:** Give yourself at least 30–45 minutes. Walk the room, stand at the podium (or stage), check the microphone, and test your slides if you have them. Familiarity kills anxiety.
*   **Meet friendly faces:** Arriving early lets you chat with a few people in the audience before you start. When you take the stage, those friendly faces will nod back at you, making you feel less alone.
*   **Check the tech have-nots:** Always have a backup plan. If your PowerPoint fails, can you still give your speech? (Yes, you can).

### 4. Delivery (On Stage)
*   **Breathe into your belly:** Right before you speak, take three deep, slow breaths. This lowers your heart rate and sends oxygen to your brain.
*   **Pause before you speak:** When you get to the stage, don't rush. Stand still, plant your feet, look at the audience, and count to three silently (*1, 2, 3*) before saying your first word. It makes you look confident and commands the room's attention.
*   **Use the ""Three-Person"" eye contact rule:** Don’t stare at the back wall (it looks robotic), and don't scan like a tennis match. Instead, pick three friendly people—one on the left, one in the middle, and one on the right—and deliver a sentence or two to each, as if you are having a conversation with them individually.
*   **Embrace the pause:** Silence feels like an eternity to you, but to the audience, it feels like a dramatic, thoughtful pause. Use silence to let important points sink in, or to gather your thoughts if you lose your place.
*   **Ignore minor mistakes:** If you mispronounce a word or skip a sentence, **keep going.** The audience doesn’t know your script; they have no idea you made a mistake unless you stop and draw attention to it.

### 5. Mindset Shift
*   **It’s not about you; it’s about them:** Shift your focus from *“What do they think of me?”* to *“How can I help them?”* You are delivering a gift of information, inspiration, or entertainment. Focus on sharing that gift.
*   **The audience is rooting for you:** Nobody sits in an audience hoping the speaker fails. Everyone in that room wants you to succeed because your success makes their time worthwhile.

**Final thought:** Your first speech doesn't need to be TED-talk perfection. It just needs to be authentic. Be yourself, share what you know, and enjoy the rush!"
46,random,comparison,Gemini 3.5 Flash-Lite,Compare studying alone with studying in a group.,"Studying alone and studying in a group are two completely different learning approaches, each with its own distinct advantages and disadvantages. The best choice often depends on your personal learning style, the subject matter, and your deadlines. 

Here is a detailed comparison of studying alone versus studying in a group:

---

### 1. **Focus and Productivity**
*   **Studying Alone:** Generally offers higher control over your environment. With no distractions from socializing or off-topic conversations, you can achieve deep focus, work at your own pace, and cover more material in a shorter time.
*   **Studying in a Group:** Carries a higher risk of getting off track. Conversations can easily drift to personal matters or non-academic topics. However, for some, the presence of peers creates a sense of accountability that prevents procrastination.

### 2. **Comprehension and Perspective**
*   **Studying Alone:** You rely entirely on your own resources (textbooks, notes, internet). If you hit a difficult concept and cannot figure it out, you may get stuck or waste valuable time trying to decode it.
*   **Studying in a Group:** Offers **""collective intelligence.""** If you don’t understand a concept, a peer might explain it to you in a way that finally makes sense. Discussing topics exposes you to different perspectives and ways of thinking that you might not have considered on your own.

### 3. **Active vs. Passive Learning**
*   **Studying Alone:** Tends to be more passive (reading, summarizing, making flashcards), though you can practice active recall. 
*   **Studying in a Group:** Is inherently **active**. Teaching a concept to someone else in the group is one of the most effective ways to solidify your own understanding (known as the *Feynman Technique*). Group quizzes, debates, and Q&A sessions test your knowledge in real time.

### 4. **Pace and Flexibility**
*   **Studying Alone:** Maximum flexibility. You decide when, where, and how long to study. If you already know a chapter well, you can skip it; if you struggle, you can spend hours on it without holding anyone else back.
*   **Studying in a Group:** Requires coordination. You have to align schedules, commute to a meeting spot, and move at the collective pace of the group. This can be frustrating if members are at drastically different skill levels.

### 5. **Soft Skills and Motivation**
*   **Studying Alone:** Can feel isolating, leading to burnout or a drop in motivation over long periods. It does not help build teamwork or communication skills.
*   **Studying in a Group:** Builds essential soft skills like communication, leadership, negotiation, and compromise. It also boosts morale, reduces the anxiety of heavy workloads, and makes studying more enjoyable.

---

### Summary Comparison Table

| Feature | Studying Alone | Studying in a Group |
| :--- | :--- | :--- |
| **Speed** | Faster (no waiting on others) | Slower (requires discussion) |
| **Distractions** | Low (unless using social media) | High (social chatter, off-topic) |
| **Problem Solving** | Limited to your own knowledge | Enhanced by diverse viewpoints |
| **Accountability** | Self-driven | Peer-driven |
| **Best For** | Memorization, deep focus, personal pacing | Complex problem-solving, exam review, motivation |

---

### The Verdict: Which is Better?

Neither method is universally superior; **the best approach is usually a hybrid of both.** 

*   **Study alone first** to build a baseline of knowledge, read the material, and identify the areas you struggle with. 
*   **Study in a group later** to test your knowledge, clarify difficult concepts, debate ideas, and practice teaching the material to others."
47,random,reasoning,Gemini 3.5 Flash-Lite,Why are habits difficult to change?,"Habits are difficult to change because they are deeply embedded in the physical structure and chemical reward systems of the brain. When you repeat an action over and over, your brain creates efficient neural pathways to automate that behavior so you don’t have to waste mental energy thinking about it. 

Here is a breakdown of the specific reasons why changing habits is such an uphill battle:

### 1. The Brain Prefers Efficiency (Neuroplasticity and Basal Ganglia)
The brain is an energy-saving organ. Running conscious thoughts and making decisions takes a lot of glucose and oxygen. By turning a routine into an automatic habit, the brain shifts control from the prefrontal cortex (the area responsible for logical decision-making and self-control) to the **basal ganglia** (the area responsible for emotions, memories, and pattern recognition). Once a habit lives in the basal ganglia, it runs on autopilot. Breaking it requires waking up the prefrontal cortex, which takes conscious effort and energy.

### 2. The Dopamine Loop
Habits are driven by a psychological loop: **Cue $\rightarrow$ Routine $\rightarrow$ Reward**. 
* The **cue** triggers the urge.
* The **routine** is the habit itself.
* The **reward** gives your brain a hit of dopamine, the ""feel-good"" neurotransmitter associated with motivation and pleasure. 

Over time, your brain begins to release dopamine not just when you *get* the reward, but the moment you encounter the *cue* in anticipation of the reward. This creates a powerful craving that feels almost physical, making it hard to resist.

### 3. Neural Pathways Get ""Wired""
Every time you perform a habit, you reinforce a specific neural pathway—much like walking through a grassy field. The more you walk the path, the clearer and more entrenched it becomes. When you try to stop a habit, you aren't actually erasing that pathway; you are trying to force your brain to carve a *new* path through the grass, which takes much more work than walking the old, familiar route.

### 4. Stress and Fatigue Deplete Willpower
Willpower is often compared to a muscle: it gets fatigued with use (a phenomenon called *ego depletion*). When you are stressed, tired, hungry, or overwhelmed, your prefrontal cortex goes offline, and your brain defaults to its oldest, most deeply ingrained survival mechanisms and habits. This is why people trying to quit smoking often relapse during a stressful workday, or why dieters raid the fridge late at night when they are exhausted.

### 5. Emotional and Identity Attachment
Many habits serve a deeper psychological purpose, such as stress relief, comfort, boredom-busting, or a sense of belonging. If a habit (like emotional eating or smoking) helps you cope with anxiety, simply removing the habit leaves a void. Furthermore, habits are often tied to our **identity** (""I'm a stressed person who needs a drink,"" or ""I'm just not a morning person""). Changing the habit often requires changing how you view yourself, which can be identity-threatening and uncomfortable.

### 6. Environmental Triggers
We often underestimate how much our environment controls our behavior. Cues are everywhere—smells, places, times of day, and even specific people. If you try to change a habit while remaining in the exact same environment surrounded by the same triggers, you are fighting a constant psychological battle against your surroundings.

---

### How to Overcome These Barriers
Because your brain's wiring works against sudden changes, behavioral experts recommend working *with* your brain rather than fighting it:
* **Don't rely on willpower; change your environment:** Remove cues (e.g., keep junk food out of the house).
* **Habit stacking:** Attach a new desired habit to an existing old habit (e.g., ""After I pour my morning coffee [old cue], I will meditate for one minute [new habit]"").
* **Focus on identity:** Instead of saying ""I'm trying to quit smoking,"" say ""I am a non-smoker.""
* **Make it small:** Lower the barrier to entry so it doesn't trigger resistance in the prefrontal cortex (e.g., commit to reading just *one page* of a book a day)."
48,random,planning,Gemini 3.5 Flash-Lite,Plan a low-cost weekend road trip for four college students.,"Here is a budget-friendly, highly social, and memorable weekend road trip designed specifically for four college students. 

Since I don't know your exact starting location, this itinerary uses a **""formula""** you can apply to any region within a 3-to-4-hour driving distance of your campus. 

---

### **The Concept: ""The State Park & College Town"" Loop**
* **The Vibe:** A mix of outdoor adventure, cheap thrills, great food, and zero expensive tourist traps.
* **The Distance:** 2–3 hours each way (keeps gas costs low and leaves maximum hangout time).
* **The Budget Target:** ~$60–$90 per person for the *entire* weekend (excluding personal spending).

---

### **The Crew & Car Logistics**
* **The Vehicle:** 1 reliable sedan or compact SUV (better gas mileage). 
* **The Math:** If you drive 300 total miles, get 30 MPG, and gas is $3.50/gallon, your total gas cost is **$35**. Split four ways, that’s less than **$9 per person**.
* **The Rule:** Download a free app like *GasBuddy* to find the cheapest fuel along the route.

---

### **The Itinerary**

#### **Friday Afternoon: The Departure & Camp Setup**
* **4:00 PM – Pack & Roll:** Load up the car with sleeping bags, tents (or crash pads), clothes, and pre-packed food. 
* **5:00 PM – The Road Trip Playlist:** Assign everyone 5 songs. Stop at a grocery store *before* leaving town to buy camp food and snacks (buying groceries near state parks is way more expensive).
* **7:30 PM – Arrival & Camp:** Arrive at a nearby State Park or National Forest. 
    * *Budget Hack:* National Forests often allow free ""dispersed camping."" State park campsites usually cost $15–$25 a night (split four ways, that’s about $5/person/night).
* **9:00 PM – Campfire Night:** Roast hot dogs, make s'mores, and stargaze. 

#### **Saturday: Nature & A College Town**
* **8:30 AM – Camp Breakfast:** Egg-and-cheese burritos wrapped in foil and heated over the campfire stove, plus instant coffee.
* **10:00 AM – The Big Hike:** Pick a state park trail with a payoff—a waterfall, a summit, or a swimming hole. *Cost: Usually free or a $5 vehicle entry fee.*
* **1:00 PM – Picnic Lunch:** Sandwiches made at the trailhead.
* **3:00 PM – Explore a Nearby College Town:** Drive into a nearby cool, artsy, or college town. Walk around the campus, check out local thrift shops, and window shop. 
* **6:30 PM – Dinner:** Skip the sit-down restaurants. Hit up the local college-town legend (the best cheap pizza joint, taco truck, or slider shack). 
* **8:30 PM – Night Vibe:** Hit a local college bar for one drink (or mocktail), check out a local live music spot with a cheap cover, or head back to the campfire for late-night stories.

#### **Sunday: Recovery & Return**
* **9:30 AM – Pack Up:** Leave the campsite cleaner than you found it.
* **10:30 AM – Diner Brunch:** Find a greasy-spoon diner for massive, cheap pancakes and coffee to cure any lingering fatigue. 
* **1:00 PM – The ""Side Quest"":** Pick a weird roadside attraction on the way home (e.g., world's largest ball of twine, a quirky roadside museum, or a thrift store with bizarre antiques). *Look for free or under-$5 spots.*
* **4:00 PM – Unload & Decompress:** Back on campus just in time for Sunday night homework panic.

---

### **The Budget Breakdown (Per Person)**

| Expense | Estimated Cost |
| :--- | :--- |
| **Gas** (Split 4 ways for ~300 miles) | $10 |
| **Campsite** (1 night, split 4 ways) | $5 |
| **Groceries** (Camp meals & snacks) | $15 |
| **Dining Out** (1 cheap diner meal + college town food) | $25 |
| **Activities / State Park Fees** | $5 |
| **TOTAL PER PERSON** | **~$60** |

---

### **Pro-Tips for College Road Trips**
1. **The Aux Cord Rules:** No skipping songs mid-way through unless all four people agree. 
2. **Download Offline Maps:** You *will* lose cell service near state parks and forests. Download Google Maps offline for your destination area.
3. **The Cooler Strategy:** Freeze water bottles instead of buying ice. They keep your food cold, and as they melt, you get cold drinking water.
4. **Wet Wipes & Hand Sanitizer:** Essential since you won't have immediate access to a bathroom while hiking or camping."
49,random,explanation,Gemini 3.5 Flash-Lite,Explain how noise-canceling headphones work.,"Noise-canceling headphones (specifically **Active Noise Control** or ANC headphones) might seem like magic, but they are a brilliant application of physics and digital signal processing. 

To understand how they work, you first need to understand how sound travels.

---

### 1. The Physics of Sound: Waves and Inversion
Sound travels through the air in waves, which consist of **compressions** (high-pressure areas) and **rarefactions** (low-pressure areas). Think of these as peaks and valleys on a graph.

Every sound wave has an opposite. If you take a sound wave and flip it upside down—so that the peaks become valleys and the valleys become peaks—you create an **inverse wave** (also called anti-phase). 

When you play a sound wave and its exact inverse simultaneously into the same space, they collide and **cancel each other out**. This is a phenomenon called **destructive interference**. The high-pressure peak of one wave fills in the low-pressure valley of the other, resulting in silence (or a massive reduction in volume).

---

### 2. How ANC Headphones Do This (Step-by-Step)
Noise-canceling headphones use a continuous, split-second loop to create these inverse waves. Here is the process happening inside your headphones thousands of times every second:

1. **Listening to the outside world:** Tiny microphones mounted on the *outside* of the earcups pick up ambient environmental noise (like the drone of an airplane engine, train tracks, or office chatter).
2. **Analyzing the noise:** A tiny computer chip inside the headphones (a Digital Signal Processor, or DSP) instantly analyzes the incoming sound wave's frequency, amplitude, and pattern.
3. **Generating the ""Anti-Noise"":** The chip instantly generates a sound wave that is the exact mathematical opposite (180 degrees out of phase) of the incoming noise.
4. **Playing the anti-noise:** This anti-noise is played through the headphone speakers right along with whatever music or podcast you are listening to. 
5. **Cancellation:** When the outside noise enters your ear and meets the headphone's anti-noise, they collide and cancel each other out. 

---

### 3. Passive vs. Active Noise Cancellation
True noise cancellation relies on two layers of defense:

* **Passive Noise Isolation:** This is the physical blocking of sound. Thick memory foam ear cushions and a tight seal around your ears act as physical earplugs, blocking out high-frequency sounds like human voices, crying babies, and barking dogs.
* **Active Noise Cancellation (ANC):** This is the electronic wizardry described above. It is exceptionally good at handling **low-frequency, continuous, predictable sounds**—like the hum of an airplane engine, air conditioning units, or road rumble. 

#### Why don't they block *everything*?
While ANC is amazing, it struggles with **high-frequency, sudden, unpredictable sounds** (like a gunshot, a sudden shout, or a siren). Because these sounds change too fast for the microphone and computer chip to analyze, invert, and play back in real-time, they still reach your ears (though passive isolation helps muffle them).

---

### Summary
Noise-canceling headphones don't just block sound with padding; they **listen** to the noise around you, calculate its exact opposite, and **inject that anti-noise into your ears** to actively erase the outside world."
50,random,creative,Gemini 3.5 Flash-Lite,Describe a future city where cars are no longer used.,"The air in the year 2140 tastes different. It is crisp, smelling faintly of damp earth, blooming jasmine, and ozone after a light rain. There is a distinct absence of the low, rumbling bass of internal combustion engines and the harsh shriek of friction brakes. 

Welcome to Veridia, a metropolis once choked by asphalt and exhaust, now reborn as the City of the Living Breath.

To walk through Veridia is to experience a profound psychological shift. Without the constant, subterranean threat of vehicular violence, human posture has changed. People walk with their heads up, eyes taking in the architecture rather than scanning the pavement for danger. Children chase each other across grand public plazas that used to be six-lane highways. 

The physical landscape is unrecognizable. The grey grid of the 20th century has been peeled away, replaced by a sponge-city infrastructure. Where asphalt once baked in the sun, there are now spongy bioswales, rain gardens, and intricate root systems of urban forests that cool the city naturally. 

Transportation is multi-tiered, silent, and fluid. There are no private cars parked along the curbs—in fact, there are no curbs at all, just gentle, moss-covered slopes where the pedestrian pathways bleed seamlessly into garden beds. 

Instead of cars, the city moves via a choreography of alternative motion. Beneath the pedestrian layer runs the ""Pulse,"" a network of magnetic levitation pods that can be summoned via neural-link or wrist-slate to whisk commuters across the city at subsonic speeds through transparent tubes. 

At the surface level, the pace slows down. Elevated, glowing glass rails support magnetic gliders—lightweight, open-air carriages for those who prefer to travel at street level. For shorter trips, citizens use personal electric micro-mobility devices that hover an inch off the ground, or simply walk. 

Goods and freight are handled by an invisible logistics network. Autonomous underground tunnels, once used for nothing, now house robotic rail carts that deliver everything from groceries to industrial steel directly to the basements of buildings, entirely out of sight and earshot. 

Architecture, too, has been liberated. Without the need to accommodate sprawling parking lots and wide multi-lane roads, buildings now grow toward each other, connected by sky-bridges draped in hanging flora. Ground floors, once dark and walled off to face the hostile street, are now entirely open-air bazaars, cafes, and community spaces that spill out into the pedestrian corridors. 

The soundscape of Veridia is organic. It is a symphony of rustling leaves, rushing water from bio-filtration fountains, distant acoustic music played in open-air amphitheaters, and the chatter of human voices. 

As the sun begins to set, casting a warm golden hue over the terracotta and living-wall towers, a profound quiet settles over the city. There are no traffic jams, no honking horns, no road rage, and no sirens wailing in the distance. There is only the steady, peaceful pulse of a city moving together, at human speed."
51,random,advice,Gemini 3.5 Flash-Lite,Give three ways someone can become a better listener.,"Here are three ways someone can become a better listener:

1. **Practice Active Listening (and Avoid Distractions)**
   Active listening means fully concentrating on what is being said rather than just passively hearing the words. Put away distractions—especially smartphones—maintain open body language (like nodding and making eye contact), and focus entirely on the speaker’s message.

2. **Listen to Understand, Not to Reply**
   A common conversational habit is waiting for your turn to speak, which often means you stop paying attention while formulating your response. To improve, resist the urge to interrupt, judge, or immediately offer advice. Focus solely on understanding the other person's perspective and emotions. 

3. **Ask Clarifying Questions and Reflect Back**
   Show the speaker that you are truly engaged by asking open-ended questions for more detail (e.g., ""How did that make you feel?"" or ""What happened next?""). Additionally, practice paraphrasing—summarizing what you heard in your own words (e.g., ""It sounds like you felt overwhelmed by that project"")—to ensure you understood correctly and to make the speaker feel truly heard."
52,random,comparison,Gemini 3.5 Flash-Lite,Compare cooking at home with eating at restaurants.,"Comparing cooking at home with eating at restaurants involves weighing several factors: **cost, health, time, convenience, and the overall experience.** Both have distinct advantages and drawbacks, and most people find a balance between the two depending on their lifestyle. 

Here is a detailed comparison across key categories:

---

### 1. Cost
*   **Cooking at Home:** **Significantly cheaper.** You pay wholesale prices for raw ingredients, and one batch of a meal often yields leftovers. You also save money by avoiding tips, service charges, and marked-up drinks.
*   **Eating at Restaurants:** **Much more expensive.** You are paying for the labor, overhead (rent, utilities), service, and a profit margin for the restaurant. Alcohol and appetizers dramatically inflate the bill.
*   *Winner:* **Cooking at Home**

### 2. Health and Nutrition
*   **Cooking at Home:** **Total control.** You decide the quality of the ingredients, the amount of oil, butter, and salt used, and portion sizes. It is much easier to adhere to specific dietary needs (gluten-free, low-sodium, vegan, etc.).
*   **Eating at Restaurants:** **Hidden calories.** Restaurant meals are notoriously heavy on butter, salt, and sugar to maximize flavor. Portion sizes are also often oversized, leading to overeating. 
*   *Winner:* **Cooking at Home**

### 3. Time and Convenience
*   **Cooking at Home:** **Time-consuming.** It requires planning, grocery shopping, food prep, cooking, and—worst of all—doing the dishes. Total time from thought to plate can easily be over an hour.
*   **Eating at Restaurants:** **Maximum convenience.** You sit down, order, eat, and leave without lifting a finger to clean up. It is the ultimate time-saver when you are busy or exhausted. (Even ordering takeout requires no cleanup).
*   *Winner:* **Eating at Restaurants**

### 4. Taste, Variety, and Skill
*   **Cooking at Home:** **Limited by your skill and equipment.** While you can make delicious meals, you might not have a commercial-grade pizza oven, a deep fryer, or the knife skills of a professional chef. However, it’s a great way to learn a new skill.
*   **Eating at Restaurants:** **Culinary expertise and variety.** You can enjoy foods that are too difficult, messy, or expensive to make for just one person (e.g., authentic sushi, slow-roasted barbecue, or complex pastries). It’s also an opportunity to try new flavor profiles and cuisines.
*   *Winner:* **Eating at Restaurants**

### 5. Social Experience and Atmosphere
*   **Cooking at Home:** **Intimate and cozy.** Cooking together can be a fun, bonding activity for couples, families, or friends. It allows for quiet conversation without loud background noise, but it puts pressure on the host to do the work.
*   **Eating at Restaurants:** **An event.** Going out is a form of entertainment. It removes the stress of hosting, gets you out of the house, and provides an atmosphere—whether lively and bustling or romantic and quiet—that is hard to replicate at the kitchen table.
*   *Winner:* **Tie (depends on the occasion)**

---

### Summary Comparison Table

| Feature | Cooking at Home | Eating at Restaurants |
| :--- | :--- | :--- |
| **Cost** | Low | High |
| **Health** | High control, nutritious | Harder to monitor calories/sodium |
| **Time/Effort** | High (prep + cooking + cleanup) | Low (sit down, eat, leave) |
| **Skill/Variety** | Depends on the cook | Professional quality, endless variety |
| **Ambiance** | Relaxed, personal | Social, energetic, experiential |

### Conclusion: Which is better?
Neither is universally better; they serve different purposes. 

*   **Cooking at home** is the champion of **daily life**—saving money, improving health, and building practical life skills.
*   **Eating at restaurants** is the champion of **leisure and connection**—treating yourself, celebrating milestones, socializing, and taking a well-deserved break from chores. 

The ideal lifestyle usually involves cooking the majority of meals at home during the week, while saving restaurant visits for the weekend or special occasions."
53,random,reasoning,Gemini 3.5 Flash-Lite,Why does music sometimes bring back strong memories?,"Music has a unique and powerful ability to transport us back in time, often evoking vivid memories and intense emotions associated with them. This phenomenon is driven by a combination of neurological, psychological, and evolutionary factors. Here is a breakdown of why music is such a potent trigger for memory:

### 1. Neural Wiring and Brain Connectivity
Music processing is not isolated to one small area of the brain; it is a whole-brain experience. When we listen to music, it activates auditory cortexes, motor areas (making us want to tap our feet), and emotional centers. 

Crucially, music deeply engages the **hippocampus** (the brain’s hub for forming and retrieving autobiographical memories) and the **amygdala** (which processes emotions). Because music stimulates these interconnected regions simultaneously, it creates a robust neural ""highway"" between a specific song and the emotions or events happening at the time you first heard it.

### 2. The ""Reminiscence Bump""
Psychologists have found that people tend to have the strongest and most numerous memories from their adolescent and early adult years (roughly ages 10 to 30). This period is known as the **reminiscence bump**. 
During this time of rapid neurological, social, and emotional development, people experience many ""firsts""—first loves, first cars, graduating, and gaining independence. The soundtrack of those years becomes permanently etched into our memories because the music was the backdrop to high-emotion, formative experiences.

### 3. Emotional Resonance
Memory and emotion are deeply intertwined. The brain tends to prioritize remembering events that carried strong emotional weight (a survival mechanism to help us remember threats and rewards). Because music is a universal language of emotion, it amplifies whatever we are feeling. When a song makes us feel joyful, melancholic, or nostalgic, that heightened emotional state acts like a highlighter, cementing the surrounding context into our long-term memory.

### 4. A Direct Shortcut (Bypassing the Censor)
Most everyday memories are triggered by visual cues, words, or deliberate reflection. These often require conscious effort to retrieve. Music, however, acts almost like a sensory shortcut. You don’t have to *try* to remember; the first few notes of a song can instantly bypass your conscious thought process and drop you directly into a past emotional state. This is why people with Alzheimer’s disease or dementia, who may struggle to remember recent events or names of loved ones, can often still sing along word-for-word to songs from their youth.

### 5. Social Bonding and Shared Experiences
Humans are deeply social creatures, and music has historically been used to bond groups—through rituals, dances, concerts, and parties. Songs associated with groups of friends, family road trips, or weddings tie our personal memories to collective experiences. Hearing that music reactivates not just the memory of the event, but the feeling of connection to the people who were there.

***

In short, music acts as a **time capsule**. Because of the way sound weaves through our emotional and memory centers, a simple melody can instantly rebuild the sights, smells, and feelings of a moment long gone, making the past feel vibrantly alive in the present."
54,random,planning,Gemini 3.5 Flash-Lite,Create a simple plan for learning a new language over six months.,"Here is a simple, realistic, and effective six-month plan for learning a new language. It assumes you can dedicate about **30 to 45 minutes a day**. 

The strategy is divided into three 2-month phases: **Foundation, Application, and Fluency.**

---

### Phase 1: The Foundation (Months 1 & 2)
**Goal:** Build your core vocabulary and understand basic grammar. Do not worry about speaking perfectly yet; focus on input.

*   **Month 1: Alphabet, Sounds, & Survival Words**
    *   **Pronunciation:** Learn the sounds of the language. If it uses a new alphabet (like Cyrillic, Greek, or Hangul), master that first.
    *   **Core Vocabulary:** Learn the top 200 most frequent words (pronouns, basic verbs like *to be/to have*, common nouns).
    *   **Tool:** Use an app like Duolingo, Memrise, or flashcards (Anki) for 15 minutes a day.
*   **Month 2: Basic Grammar & Simple Sentences**
    *   **Grammar:** Learn how to form simple sentences (Subject + Verb + Object). Understand present tense and basic negation (""I want,"" ""I don't want"").
    *   **Listening:** Start listening to beginner podcasts or YouTube channels made for learners (e.g., *Easy Languages*). Don't worry if you only catch a few words.
    *   **Milestone:** You can introduce yourself, order food, and ask basic directions.

---

### Phase 2: The Application (Months 3 & 4)
**Goal:** Start using the language actively and expand your vocabulary to everyday topics.

*   **Month 3: Expand Vocabulary & Past/Future Tenses**
    *   **Vocabulary:** Learn words related to your daily life: work, hobbies, family, food, and shopping. Aim for 500–1,000 total words.
    *   **Grammar:** Introduce past and future tenses. 
    *   **Reading:** Read children’s books, comic books, or very simple news articles in your target language.
*   **Month 4: The First Conversation**
    *   **Speaking:** This is the scariest step, but crucial. Book a tutor on **iTalki** or **Preply** for a 30-minute beginner session. Tell them you only know the basics. 
    *   **Writing:** Write a short daily journal entry (3–5 sentences) about what you did today, using a dictionary to help.
    *   **Milestone:** You complete your first awkward, but successful, basic conversation with a native speaker.

---

### Phase 3: Immersion & Fluency (Months 5 & 6)
**Goal:** Shift from ""studying"" the language to ""living"" in the language.

*   **Month 5: Total Immersion (Media)**
    *   **Listening:** Switch your music, podcasts, and YouTube viewing habits to the target language. Watch shows you already know well (like *Friends* or Disney movies) with subtitles in the target language.
    *   **Speaking:** Have at least one conversation per week with a tutor or language exchange partner (using apps like Tandem or HelloTalk). Focus on getting your message across rather than grammar perfection.
*   **Month 6: Consolidation & Confidence**
    *   **Review:** Go back over grammar rules or vocabulary words that still trip you up.
    *   **Real-World Practice:** Try to hold a 15-minute conversation entirely in the target language without switching to your native tongue.
    *   **Milestone:** You can comfortably watch simple native media, hold a basic conversation about various topics, and travel in a country that speaks the language.

---

### 3 Golden Rules for Success:
1.  **Consistency > Intensity:** Studying for 30 minutes every day is 10 times better than studying for 3.5 hours on Sunday.
2.  **Embrace Mistakes:** You cannot learn to speak without sounding silly at first. Laugh it off and keep going.
3.  **Make it Fun:** If flashcards bore you, drop them. Watch movies, listen to music, or chat with people instead. You will stick with what you enjoy."
55,random,explanation,Gemini 3.5 Flash-Lite,Explain how a refrigerator keeps food cold.,"At its core, a refrigerator doesn’t actually ""create"" cold. Instead, **it removes heat** from the inside and dumps it outside into your kitchen. 

To do this, it uses the laws of physics, a closed loop of tubing, and a special chemical called a **refrigerant** (which easily turns from a liquid into a gas and back again at low temperatures).

Here is a step-by-step breakdown of how the process works in a continuous cycle:

---

### 1. The Refrigerant Absorbs Heat (Inside the Fridge)
The cycle starts inside the freezer and refrigerator compartments. Liquid refrigerant flows through a set of pipes called **evaporator coils**. 
* Because the refrigerant is extremely cold and under low pressure, it boils and turns into a gas. 
* As it evaporates, it **absorbs the heat** from the air inside the fridge. 
* Fans blow the chilled air around the interior, keeping your milk, vegetables, and leftovers cold.

### 2. The Compressor Squeezes the Gas (Raising the Temperature)
Now a warm gas, the refrigerant travels out of the fridge and into the **compressor** (located at the bottom back of the fridge). 
* Think of the compressor as a motorized pump. It squeezes (compresses) the refrigerant gas.
* When you compress a gas, its molecules get packed tightly together, which drastically **increases its temperature and pressure**. It becomes much hotter than the air in your kitchen.

### 3. The Condenser Coils Release Heat (Outside the Fridge)
The high-pressure, hot gas then flows into the **condenser coils**, which are the zig-zagging pipes usually located on the back or underneath the refrigerator.
* Because the refrigerant is hotter than your kitchen, the heat naturally radiates out of the coils and into your room. 
* As it loses heat, the refrigerant cools down and **condenses back into a high-pressure liquid**. 
*(This is why the back or bottom of your fridge feels warm if you touch it).*

### 4. The Expansion Valve Cools It Down
Before the liquid refrigerant can go back inside the fridge to absorb more heat, its pressure needs to be dropped. It passes through an **expansion valve** (or a tiny capillary tube).
* This acts like a tiny nozzle. When the liquid squirts through the valve, the pressure drops suddenly.
* This sudden drop in pressure causes the refrigerant to expand rapidly and **drop to an extremely low temperature** instantly.

---

### Back to the Beginning
Now super-cold and back in liquid form, the refrigerant re-enters the evaporator coils inside the fridge. The cycle repeats continuously, removing heat from the inside 24 hours a day to keep your food fresh and safe from bacteria."
56,random,creative,Gemini 3.5 Flash-Lite,Write a short mystery that takes place inside a university library.,"The neon sign at the Special Collections desk buzzed with a low, agonizing frequency: *11:45 PM.* 

Archivist Arthur Pendelton adjusted his half-moon spectacles and stared down at the empty velvet-lined cavity inside the cherrywood display case. 

Gone. 

The *Libellus Artis*, a 15th-century illuminated manuscript worth roughly half a million dollars, had vanished during the fifteen-minute window Arthur spent fetching a fresh pot of Earl Grey from the breakroom. 

He locked the heavy glass doors and surveyed the reading room. Only three students remained, scattered among the labyrinthine mahogany stacks of the subterranean library, illuminated by harsh cones of green-shaded desk lamps. 

Arthur’s heart hammered against his ribs. He was sixty-four; his retirement was scheduled for next spring. This theft meant prison, or at least financial ruin. Taking a deep breath, he picked up his brass bell, rang it once, and stepped into the center aisle.

""Attention, please,"" Arthur called out, his voice cracking slightly in the cavernous silence. ""The library is officially closed. Please pack your belongings and proceed to the exit.""

Three heads popped up from the sea of textbooks. 

At Table 4 sat Chloe, a jittery biology major whose laptop screen flashed with DNA strands. At Table 9 was Julian, a doctoral candidate in history who was furiously shoving loose-leaf notes into a leather satchel. Near the back, leaning against a towering shelf of encyclopedias, stood Marcus, a sophomore whose hands were shoved deep into the pockets of an oversized puffer jacket.

Arthur blocked the single exit archway, his arms crossed. ""Before anyone leaves, I must ask you to open your bags.""

Julian scoffed, slamming his satchel onto a study carrel. ""This is absurd, Pendelton. You know who I am. I’ve been researching the Medici family for six months. I wouldn’t steal from this library; I practically live in it.""

""Standard protocol, Julian,"" Arthur said flatly, gesturing to the open leather bag. 

Julian unzipped it. Inside were stacks of index cards, a bruised apple, and a thermos. No manuscript.

Next was Chloe. Her hands trembled as she unzipped her canvas backpack. Out spilled highlighters, a half-empty bag of gummy bears, and a biology textbook. Clean.

Finally, Marcus slouched forward, his boots clicking heavily against the parquet floor. He stopped a few feet from Arthur, his jaw tight. 

""I’m not opening my jacket,"" Marcus muttered, his eyes darting toward the exit.

""Son,"" Arthur said, his voice dropping into a dangerous, gravelly register. ""That jacket is large enough to conceal a folio twice the size of the *Libellus Artis*. Open it, or I call campus security right now.""

Marcus hesitated. Slowly, he unzipped the zipper. 

Arthur held his breath.

Marcus reached inside—and pulled out a paperback copy of *Calculus: Early Transcendentals*, followed by a crumpled gym towel. 

Arthur blinked, utterly baffled. The jacket was empty. The manuscript wasn't in anyone's bag. 

He looked from Marcus, to Chloe, to Julian. They all looked exhausted, annoyed, and entirely guilty of nothing more than pulling a late-night study session. A cold sweat broke out on the back of Arthur’s neck. If the book wasn't on them, where on earth—?

He stopped. He looked down at Julian’s bruised apple. Then at Chloe’s open laptop. Then, finally, back to Julian’s desk, where a thick, hardcover volume sat half-hidden beneath a pile of photostats. 

The binding was old. *Very* old. 

Arthur walked past Marcus, ignoring the student's sigh of relief, and marched straight to Table 9. He reached down and ripped away Julian’s notes. 

Beneath them lay the *Libellus Artis*. Julian had simply rebound it inside the cardboard-and-canvas casing of a generic 19th-century German lexicon, slipping it into plain sight.

Julian went pale, stepping back until his knees hit a chair. ""I... I needed it for my dissertation. Just for the weekend! I was going to return it Monday morning.""

Arthur picked up the disguised manuscript, his hands trembling with a mix of fury and profound relief. He cradled the ancient text against his chest like a newborn child. 

""Julian,"" Arthur said quietly, pressing the silent alarm button beneath the mahogany desk with his elbow. ""You’re about to write the longest chapter of your life from a jail cell."""
57,random,advice,Gemini 3.5 Flash-Lite,What advice would you give someone moving away from home for the first time?,"Moving away from home for the first time is a massive, exciting, and sometimes terrifying milestone. It’s a huge growth period. 

Here is some practical, emotional, and financial advice to help you navigate the transition:

### 1. Financial Reality Checks
*   **Build a basic budget:** List your fixed expenses (rent, utilities, insurance, phone) and variable expenses (groceries, transport, fun). Track every penny for the first three months so you know where your money actually goes.
*   **The ""Rule of Three"" for groceries:** When shopping, buy three things you *need* (vegetables, proteins, grains) for every one thing you *want* (snacks, fancy drinks). Eating out is the #1 budget killer for people living on their own.
*   **Have an emergency fund:** Try to save even a small amount each month until you have at least one month’s worth of living expenses saved. Car trouble or a medical bill *will* pop up when you least expect it.

### 2. Setting Up Your Space
*   **Don't buy everything at once:** You don’t need a fully decorated, Pinterest-ready apartment on day one. Buy the essentials (mattress, shower curtain, basic cookware) and let the rest accumulate naturally over time.
*   **Learn basic maintenance:** Learn how to use a plunger, how to reset a circuit breaker, where your water shut-off valve is, and how to change a lightbulb or smoke detector battery. YouTube is your best friend here.
*   **Introduce yourself to your neighbors:** You don't have to be best friends with them, but a friendly wave goes a long way. If you ever lock yourself out or need a package held, a good neighbor is invaluable.

### 3. Domestic Life (The Unsexy Stuff)
*   **Establish a cleaning routine:** Chores multiply instantly when no one else is doing them. Pick one small task a day (e.g., wipe counters on Monday, take out trash on Tuesday) rather than spending your entire Saturday knee-deep in mess.
*   **Meal plan:** The hardest part of living alone isn't cooking—it's deciding *what* to cook every single day. Plan three or four meals a week and utilize leftovers. 

### 4. Mental Health & Loneliness
*   **Expect a ""crash"":** The first two weeks are usually high-adrenaline and exciting. Weeks 3 through 6 are often when loneliness and homesickness hit hard. **This is completely normal.** Give yourself grace.
*   **Embrace the silence (and fill it):** The quietness of a new home can feel deafening. Combat this by playing music, podcasts, or the radio in the background while you unpack or cook.
*   **Put yourself out there:** Making friends as an adult takes deliberate effort. Say yes to invitations, join clubs, go to local coffee shops regularly, or use apps like Bumble BFF. Everyone is looking for connection.

### 5. Relationships Back Home
*   **Set up regular check-ins:** Call your parents or family, especially if they are worried about you. A quick Sunday morning phone call can save you a lot of nagging and keep you feeling connected.
*   **Set boundaries:** You are an independent adult now. It's okay to say no to visits, advice, or expectations that don't fit your new life. 

### A Final Thought
Remember: **You are going to mess up.** You might burn dinner, overdraw your account by $4, or cry because you bought the wrong brand of dish soap. That isn't failure—that is the learning curve. Every independent adult before you went through the exact same awkward phase. Give yourself permission to figure it out as you go."
58,random,comparison,Gemini 3.5 Flash-Lite,Compare working from home with working in an office.,"Comparing working from home (WFH) to working in an office reveals a classic trade-off between **flexibility and focus** versus **collaboration and culture**. 

Both environments have distinct advantages and disadvantages that affect productivity, well-being, and career progression. Here is a detailed comparison across key categories:

---

### 1. Productivity and Focus
*   **Working from Home:** 
    *   *Pros:* Fewer distractions from chatty colleagues, impromptu meetings, and office noise. Deep work is often easier to achieve.
    *   *Cons:* Domestic distractions (laundry, pets, family members) and the temptation of procrastination (TV, social media) can derail focus.
*   **Working in an Office:** 
    *   *Pros:* A dedicated, professional workspace designed specifically for work minimizes home-related distractions. 
    *   *Cons:* Constant interruptions from colleagues stopping by your desk, background office noise, and unnecessary meetings drain time and energy.

### 2. Flexibility and Work-Life Balance
*   **Working from Home:**
    *   *Pros:* Eliminates the daily commute, saving time and money. Greater flexibility to handle personal errands (e.g., waiting for a delivery, starting dinner early).
    *   *Cons:* The ""blurring of lines."" It is easy to overwork because your office is also your home, making it hard to ""switch off"" at the end of the day.
*   **Working in an Office:**
    *   *Pros:* A clear physical boundary between work and home. When you leave the office, your workday is truly done.
    *   *Cons:* Commuting eats into personal time and can be physically and mentally exhausting. Rigid schedules leave little room for personal appointments during the day.

### 3. Collaboration and Communication
*   **Working from Home:**
    *   *Pros:* Written documentation (Slack, Teams, email) creates a clear record of decisions. Tools like Zoom allow for global collaboration.
    *   *Cons:* Spontaneous brainstorming and creative problem-solving are harder. Communication can feel transactional, and waiting for replies can bottleneck projects.
*   **Working in an Office:**
    *   *Pros:* ""Watercooler moments""—chance encounters in the hallway or breakroom—often lead to innovative ideas and rapid problem-solving. Face-to-face communication builds stronger rapport.
    *   *Cons:* Meetings can become excessive, and physical presence is often mistaken for actual productivity (presenteeism).

### 4. Socialization and Mental Health
*   **Working from Home:**
    *   *Pros:* Introverts often thrive without the sensory overload of an open-plan office. More time for family, pets, and hobbies.
    *   *Cons:* Loneliness and social isolation are major risks. A lack of human connection can negatively impact mental health over time.
*   **Working in an Office:**
    *   *Pros:* Built-in social interaction. It’s easier to make friends, build a professional network, and feel part of a team culture.
    *   *Cons:* Exposure to office politics, personality clashes, and the stress of navigating physical social dynamics daily.

### 5. Career Progression and Visibility
*   **Working from Home:**
    *   *Pros:* Performance is judged purely on output rather than face time.
    *   *Cons:* The ""out of sight, out of mind"" phenomenon. Remote workers may miss out on high-profile projects, spontaneous mentorship, and networking with senior leadership.
*   **Working in an Office:**
    *   *Pros:* Easier to get noticed by leadership, showcase your work, and build relationships that lead to promotions. 
    *   *Cons:* Risk of rewarding ""presenteeism"" (being seen at your desk late) rather than actual results.

### 6. Financial and Environmental Costs
*   **Working from Home:**
    *   *Pros:* Saves money on gas/public transit, professional wardrobe, and buying lunch. Reduces carbon footprint through zero commuting.
    *   *Cons:* Higher utility bills (electricity, heating, internet) and the cost of setting up an ergonomic home office.
*   **Working in an Office:**
    *   *Pros:* Employers typically provide all equipment, stationery, coffee, and sometimes snacks or meals.
    *   *Cons:* Expensive commuting costs, parking fees, and daily spending on lunches and coffee.

---

### Summary Table

| Feature | Working from Home | Working in an Office |
| :--- | :--- | :--- |
| **Commute** | None (saves time/money) | Daily (costs time/money) |
| **Distractions** | Household chores, pets | Chatty coworkers, meetings |
| **Collaboration** | Digital (Slack, Zoom) | Face-to-face, spontaneous |
| **Work-Life Balance** | Harder to disconnect | Clear physical boundary |
| **Social Connection** | Low (risk of isolation) | High (built-in community) |
| **Career Visibility** | Lower (""out of sight, out of mind"")| Higher (facetime with leadership) |

### The Modern Solution: Hybrid Work
Because both extremes have significant flaws, many companies and employees now favor a **hybrid model** (e.g., 2–3 days in the office, 2–3 days at home). This approach attempts to capture the best of both worlds: the deep focus and flexibility of working from home, combined with the social connection and collaborative energy of the office."
59,random,reasoning,Gemini 3.5 Flash-Lite,Why do people sometimes perform worse when they feel pressure?,"Performing worse under pressure—often called **""choking""**—is a common human experience that affects everyone from students taking SATs and athletes shooting free throws to public speakers and surgeons. 

Psychologists and neuroscientists have studied this extensively. The drop in performance happens due to a combination of cognitive, physiological, and psychological factors. Here is why it happens:

### 1. Overthinking Automatic Processes (Reinvestment)
When you practice a skill (like playing the piano, driving a golf ball, or typing), it becomes stored in your procedural memory. It becomes ""automatic,"" meaning you don’t have to consciously think about every little step. 

However, when pressure is introduced, people often try to ensure success by **consciously monitoring** what they are doing. This is called *reinvestment*. By forcing your conscious brain to take over a task that your subconscious brain was handling smoothly, you disrupt the flow. 
* *Example:* If you walk normally, you don't think about which muscle to flex next. But if someone offers you $1,000 to walk a straight line without wobbling, you start overthinking every footstep, which actually makes you more likely to stumble.

### 2. Working Memory Overload
Your brain has a ""working memory""—a mental scratchpad that holds and manipulates information in real-time (like remembering a phone number just long enough to type it). 

Under high pressure, your working memory gets flooded with **anxious thoughts**: 
* *“What if I fail?”*
* *“What will people think of me?”*
* *“I need to remember step A, B, and C.”*

Because your brain's processing capacity is limited, worrying about the consequences leaves less mental bandwidth for the actual task at hand. 

### 3. The Fight-or-Flight Response
When you perceive a high-stakes situation as a threat, your sympathetic nervous system triggers the acute stress response (fight-or-flight). 
* Adrenaline and cortisol flood your system.
* Your heart rate increases, your breathing becomes shallow, and your muscles tense up.
* Blood flow is redirected away from the prefrontal cortex (the area responsible for complex problem-solving and decision-making) and toward the limbs for physical action.

While this response is great for running away from a predator, it is terrible for fine motor skills (like steady hands in surgery) or nuanced cognitive tasks (like creative writing). 

### 4. Attentional Narrowing (Tunnel Vision)
Stress causes a physiological narrowing of focus. While this can help in a physical emergency, in complex tasks, it causes you to miss critical cues. An athlete might get so focused on the defender right in front of them that they miss an open teammate. A test-taker might fixate so hard on a difficult math problem that they miss an obvious error.

### 5. The ""Expectation Gap""
Sometimes, performance drops simply because the cost of failure is suddenly much higher. When the stakes are low, you are relaxed, and your baseline ability shines through. When the stakes are high, the perceived gap between *where you are* and *where you feel you need to be* creates anxiety, which disrupts your natural execution.

---

### Can it be prevented?
Yes. People who perform well under pressure (like elite athletes, emergency responders, and seasoned performers) typically use specific strategies:
* **Overlearning:** Practicing a skill until it is so deeply ingrained that even conscious interference can't ruin it.
* **Reframing Anxiety:** Telling yourself ""I am excited"" rather than ""I am nervous,"" which shifts the brain's interpretation of physiological arousal from a threat to a challenge.
* **Routine and Focus Cues:** Using a pre-performance routine (like a deep breath or a specific physical motion) to crowd out anxious thoughts and trigger ""autopilot"" mode."
60,random,creative,Gemini 3.5 Flash-Lite,Imagine humans establish a permanent settlement on Mars. Describe an ordinary day there.,"The digital alarm in Habitation Module 4 doesn’t ring with a chime; it pulses with a warm, amber light that gradually brightens to mimic a Terran dawn. Outside the triple-paned silica windows, the Martian sky is already shifting from the cold, bruised purple of night to its characteristic butterscotch-pink. 

It’s Sol 842. Another Tuesday, more or less.

Elena stretches, her joints popping slightly in the 38% gravity. She’s a structural hydrologist, one of the 150 souls living in New Hope, a subterranean network of reinforced lava tubes and inflated geodesic domes. She floats lightly out of her sleeping pod—just a gentle push off the bulkhead—and drifts toward the hygiene station. Water is precious, so her morning shower is a recycled sonic mist that leaves her feeling clean with the loss of barely a cup of liquid.

Breakfast is served in the central mess hall, affectionately known as ""The Crater."" Elena grabs a tray from the automated dispenser: reconstituted whole milk in her coffee, a slice of yeast-fermented bread grown in the bio-dome, and a steaming portion of scrambled algae protein seasoned with pungent greenhouse-grown garlic. 

Around her, the settlement is waking up. The air smells faintly of damp regolith, ozone, and the distinct, roasted-nut aroma of the hydroponic gardens. People chatter in a messy dialect of English, Mandarin, and Spanish—the lingua franca of the early crews. Elena sits with Marcus, a roboticist whose fingernails are permanently stained with machine grease, and Chen, a pale-skinned physicist who hasn't seen the sun in three months because she lives in the deep-core labs.

""Radiation spike coming in from the north today,"" Chen mutters over her coffee, scrolling through telemetry on her wristpad. ""Solar flare. Non-lethal, but maintenance is locking down the surface bays by noon.""

""There goes my afternoon EVA,"" Marcus groans, rubbing his eyes. ""I was supposed to fix the solar array tracking motor.""

At 08:00 hours, the shift begins. Elena’s commute doesn’t involve traffic or subways. She simply walks down Sector 4, swiping her biometric ID at the airlock junction, and steps into the subterranean tunnels carved into basalt rock. Her job today is to inspect the subsurface ice-mining drills three kilometers out. 

She suits up in a semi-rigid pressurized mobility suit, a bulky contraption that smells of cold metal and sun-baked dust. Cycling through the airlock, she steps out onto the surface. 

Even after two years, the scale of it takes her breath away. The landscape is an ocean of rust-red dunes stretching to jagged horizons under a sky the color of a dried peach. The sun is noticeably smaller than it is on Earth, a sharp, piercing white diamond. 

She climbs into an electric rover, the tires crunching loudly on the frozen permafrost. As she drives toward the extraction site, she watches the horizon. In the distance, a dust devil dances—a towering column of swirling red talcum powder moving gracefully across the plains. There is a profound, aching silence here. No birds, no wind rustling leaves, just the hum of the rover’s electric motors and the steady, reassuring hiss of oxygen in her helmet.

By noon, true to Chen’s warning, the telemetry flashes red. *Solar Event in Progress.* Elena aborts the outer drill check, turns the rover around, and heads back to the airlock just as the automated blast shields begin to groan into place over the surface installations.

Back inside, the afternoon is spent in the labs, analyzing ice core samples for ancient microbial biosignatures—the holy grail of the mission. Hours blur by in the quiet hum of mass spectrometers and centrifuges.

As the Martian day winds down, the settlement’s artificial lighting dims. The evening is when New Hope truly comes alive. Elena meets friends in the ""Greenhouse Lounge""—a massive inflatable dome where towering eucalyptus trees and weeping willows pump out oxygen and the illusion of an earthly park. They drink low-gravity, home-brewed stout made from experimental barley, trading complaints about broken equipment and sharing news from the latest supply ship data burst from Earth—news that now takes twenty minutes to arrive, making conversation with the home planet feel more like writing letters than making phone calls.

Later, Elena retreats to her tiny private quarter—barely larger than a walk-in closet, dominated by a digital frame cycling through pictures of pine forests, ocean waves, and her nieces running through green grass in Oregon. 

She lies down, pulling a weighted blanket over herself to simulate the comforting heaviness of Earth. Through the thin rock ceiling above her, she knows a thin, freezing gale is howling across a lifeless desert. But here, tucked deep in the belly of a dead world, she breathes warm, recycled air, listens to the gentle thrum of the life-support generators, and falls asleep under a false dawn."
61,oulu,factual,Gemini 3.5 Flash-Lite,"What is Oulu, Finland known for?","Oulu is the largest city in Northern Finland and the economic and cultural hub of the region. Often called the **""Capital of Northern Finland,""** it is known for a unique mix of high-tech innovation, quirky cultural traditions, winter sports, and beautiful nature. 

Here is what Oulu is most famous for:

### 1. Technology and Innovation (""Silicon Valley"" of the North)
* **IT and Tech Hub:** Oulu is globally renowned as a major center for technology, particularly telecommunications. It played a massive role in the development of mobile technologies (including Nokia) and is currently a pioneer in **5G and 6G research** (via the University of Oulu).
* **The ""LIPUTI"" Vibe:** It has a highly educated, young population and frequently ranks as one of the best cities in Europe for innovation, startups, and remote work.

### 2. Quirky World Championships
Oulu loves hosting unusual, lighthearted international competitions that attract participants and media from all over the world:
* **Air Guitar World Championships:** Held every August, this is Oulu’s most famous cultural export. The event promotes world peace with the motto: *""Make Air, Not War.""*
* **World Sauna Heating Championships:** (Historically held nearby) Competitors sat in a blazing hot sauna to see who could last the longest.
* **Other oddities:** Oulu has also hosted competitions in swamp soccer (*suopotkupallo*), mobile phone throwing, and air piano.

### 3. Cycling Capital in the Snow
* **Year-Round Biking:** Oulu has one of the best and most extensive cycling networks in the world—over 900 km of cycle paths. 
* Remarkably, because of the city's exceptional winter maintenance, a huge percentage of residents commute by bicycle **even in the dead of winter**, through snow and ice.

### 4. Culture and Education
* **University of Oulu:** A major international research university, especially famous for its medical, tech, and northern-world studies.
* **Oulu Symphony Orchestra and Festivals:** The city has a vibrant arts scene. The *Oulu Music Video Festival* and *Qstock* (one of Finland's largest rock festivals, held on an island) are major annual highlights.
* **European Capital of Culture:** Oulu has been designated as the **European Capital of Culture for 2026**, bringing a massive influx of international art, architecture, and events to the city.

### 5. Nature and Geography
* **Gateway to the Arctic:** Located on the Gulf of Bothnia (at the mouth of the Oulujoki river), Oulu is where Southern and Northern Finland meet. 
* **Nallikari Beach:** A popular resort beach right next to the city center, known for its long stretch of sand and shallow waters. In winter, people walk and ski on the frozen sea ice here.
* **Midnight Sun & Aurora Borealis:** In mid-summer, Oulu experiences nearly 24 hours of daylight, while in winter, it offers great opportunities to see the Northern Lights away from city lights.

### 6. Culinary Delicacies
* **Muikku (Vendace):** A local delicacy consisting of small freshwater fish, usually pan-fried in butter and served with mashed potatoes and lingonberry jam at the Market Square.
* **Leipäjuusto (Finnish Squeaky Cheese):** Often enjoyed warm with cloudberry jam (*hilla*)."
62,oulu,explanation,Gemini 3.5 Flash-Lite,Explain what winter in Oulu is like to someone who has never experienced a northern winter.,"Imagine stepping into a living snow globe, but one where the globe is scaled up to the size of a city, and nature takes the volume knob and turns it all the way down to a hush. 

Oulu is located in northern Finland, just a couple of hours south of the Arctic Circle. For someone who has only experienced winters in temperate climates (like London, New York, or even southern Germany), winter in Oulu is not just a change in weather—it is an entirely different state of existence. 

Here is what it is actually like, broken down by the senses.

---

### 1. The Light: The Blue Twilight and the Endless Night
The most shocking thing for newcomers is the sun—or rather, the lack of it. 
* **December and January** bring true northern darkness. The sun barely climbs above the horizon, rising around 10:00 AM and setting by 2:00 PM. But even during those few hours, it doesn't really ""shine."" Instead, Oulu is bathed in a magnificent, eerie **blue twilight** (*kaamos*). The snow reflects this blue light, making the world look like an enchanted winter fantasy. 
* By contrast, because the snow reflects whatever light exists, it is rarely pitch black outside. The snow acts like a giant diffuser for streetlights and the moon.
* **The pivot:** By February and March, the snow is still deep, but the sun returns with a vengeance, sparkling off endless white landscapes under bright blue skies. 

### 2. The Cold: Crisp, Dry, and Invigorating
People often fear the temperature, which can easily drop to -20°C to -30°C (-4 to -22°F). However, because the air in Oulu is dry, the cold feels entirely different from the damp, biting chill of coastal cities.
* At -10°C, the air feels crisp and refreshing. Your nose hairs might freeze instantly when you inhale, but you don't feel chilled to the bone.
* At -25°C, physics gets weird. Your breath turns into instant frost on your eyelashes and scarf. If you touch bare metal outside, your skin will stick to it. 
* **The secret:** Finns don't fear the cold; they dress for it. The rule is layers: wool next to the skin, fleece or wool for insulation, and a wind-and-waterproof outer shell. Add thick wool socks, insulated boots with thick soles, and a fur-lined hat, and you can comfortably stand outside for hours.

### 3. The Sound: Silence
If you walk outside in Oulu after a fresh snowfall, the first thing you will notice is **the silence**. Deep snow absorbs sound waves. The city hushes. Walking down a residential street at night, the only sound is the rhythmic, satisfying *crunch, crunch, crunch* of your boots packing down the snow. 

### 4. The Landscape: A Monochrome Masterpiece
Oulu is a coastal city on the Gulf of Bothnia, framed by forests and rivers. In winter, everything is swallowed by a thick blanket of white.
* The sea freezes over completely. The bay of Oulu turns into an infinite white desert of ice. 
* People don’t stay indoors; they reclaim the frozen sea. Ice-skating tracks, cross-country skiing trails, and even walking paths are plowed directly onto the frozen ocean. You can walk miles out onto the sea ice.
* Trees bend under heavy caps of snow, looking like white ghosts standing at attention in the pine forests.

### 5. The Lifestyle: Embracing *Sisu* (Resilience)
In many places, winter means locking your doors and hiding inside until spring. In Oulu, life continues entirely as normal, driven by a Finnish resilience called *sisu*.
* **Biking culture thrives:** Oulu is famous for being a winter cycling capital. Even with a foot of snow on the ground, thousands of people commute to work and school on bicycles equipped with studded tires. The bike paths are plowed and sanded before the main roads are.
* **Sauna and Avanto:** To survive the cold, you must embrace the heat. Winter in Oulu is peak sauna season. The ultimate ritual is sitting in a wood-fired sauna until you are thoroughly roasting, and then running outside to roll in the snow or plunge into a hole cut in the frozen sea (*avanto*). It sounds brutal, but the rush of endorphins leaves you feeling euphoric and strangely warm for hours afterward.
* **The Aurora Borealis:** On clear, dark nights, step away from the city streetlights and look up. Green ribbons of light occasionally dance across the northern sky, twisting and shimmering in silence.

### Summary
Winter in Oulu is not a bleak, miserable obstacle to be endured. It is a vibrant, beautiful, and cozy season. It teaches you how to slow down, how to dress properly, how to appreciate the magic of a glowing candle in a dark window, and how to find immense joy in crisp, clean air and sparkling white snow."
63,oulu,planning,Gemini 3.5 Flash-Lite,Plan a summer day in Oulu for someone visiting for the first time.,"Welcome to Oulu! Known as the ""Capital of Northern Finland,"" Oulu is a vibrant, bike-friendly coastal city that blends technology, a youthful university vibe, and gorgeous maritime nature. In the summer, the city comes alive with the **Midnight Sun**, giving you long, golden-hued days to explore.

Here is a curated itinerary for a perfect first-time summer day in Oulu.

---

### **Morning: Coffee, Culture, and Canals**

*   **09:00 AM – Breakfast at Toripolliisi (Market Square)**
    *   Start your day at the historic Market Square (*Kauppatori*). Take a selfie with the famous **Toripolliisi (Bobby at the Market)** statue, a plump, friendly police officer sculpture that has become the symbol of Oulu. Grab a coffee and a traditional Finnish pastry (like a *korvapuusti* cinnamon roll) from one of the outdoor cafes.
*   **10:00 AM – Stroll through Pikisaari**
    *   Cross the footbridge from the market to **Pikisaari**, a picturesque, wooden-house island. Historically a shipbuilding hub, it is now an artistic bohemian neighborhood. Wander the cobblestone paths, admire the colorful wooden houses, and check out local artisan studios. 
*   **11:00 AM – Ainola Park & Oulu Cathedral**
    *   Head back toward the mainland and walk through **Ainola Park** (*Ainolan puisto*), Oulu’s central park. It’s lush, green, and features a lovely stream, ducks, and bridges. 
    *   Stop by the **Oulu Cathedral** on the edge of the park. Originally built in 1777, it has a peaceful, neoclassical white exterior.

---

### **Afternoon: Lunch, Science, and Seaside**

*   **12:30 PM – Lunch at Oulu Market Hall (*Kauppahalli*)**
    *   Head back to the Market Square and duck inside the 1901 red-brick Market Hall. For lunch, try a local delicacy: **muikkuja** (pan-fried vendace, a small local fish served with garlic butter and mashed potatoes) or a reindeer wrap.
*   **01:30 PM – Tietomaa Science Centre or Ride a City Bike**
    *   Oulu is the cycling capital of Finland. Rent a city bike (very easy via an app) and ride along the scenic coastline.
    *   *Alternative:* If you love interactive museums, visit **Tietomaa**, the northernmost science center in Finland. Go up the observation tower for a panoramic view of the city and the Gulf of Bothnia.
*   **03:00 PM – Nallikari Beach & The ""Riviera of Oulu""**
    *   Cycle or take a bus (Bus 15) to **Nallikari**, Oulu’s premier beach resort. In summer, this place is buzzing. Walk along the long sandy beach, dip your toes in the Baltic Sea, or grab an ice cream. 
    *   Check out the **Nallikari Lighthouse**, a great photo spot.

---

### **Evening: Saunas, Sunset, and Midnight Light**

*   **06:00 PM – Seaside Dinner**
    *   Have dinner at one of the restaurants near Nallikari or back in the city center. **Restaurant Nallikari** offers great Nordic food with floor-to-ceiling windows overlooking the sea. 
*   **08:00 PM – The Ultimate Finnish Experience: Sauna & Swimming**
    *   You can't visit Finland without going to a sauna. Head to **Sauna & Restaurant Kiikku** or **Kuuma** (located right by the water). Alternate between a hot traditional sauna and a refreshing dip in the sea. In the summer, the water is surprisingly refreshing!
*   **10:00 PM onwards – Experience the Midnight Sun**
    *   Because Oulu is so far north, summer nights don't really get dark; instead, everything is bathed in a magical, golden glow (the ""Golden Hour"" lasts for hours). 
    *   Take a late evening stroll along the Oulujoki river delta or find a cozy outdoor terrace in the city center (like *Uula* or *Mallassauna*) to enjoy a local craft beer while soaking in the endless daylight.

---

### **Practical Tips for First-Timers:**
1.  **Get on a Bike:** Oulu has the best cycling infrastructure in Finland. Renting a bike is the fastest and most authentic way to get around.
2.  **Layers are Key:** Even in summer, coastal breezes can be chilly. Bring a light windbreaker or sweater for the evening.
3.  **Mosquito Repellent:** If you venture deep into the parks or forest trails, bring some bug spray, though the coastal areas are usually breezy enough to keep them away."
64,oulu,comparison,Gemini 3.5 Flash-Lite,Compare living in Oulu with living in Helsinki.,"Comparing living in **Oulu** and **Helsinki** is essentially comparing two very different Finnish lifestyles: **vibrant, fast-paced metropolitan living** versus **nature-infused, mid-sized innovation living** (often called the ""Capital of Northern Scandinavia""). 

While both cities offer high standards of safety, excellent public services, and English-friendly environments, they cater to very different preferences. Here is a detailed comparison across key aspects of daily life:

---

### 1. Vibe and Atmosphere
*   **Helsinki:** As the capital, Helsinki is Finland’s cultural, political, and economic hub. It has a cosmopolitan feel with diverse neighborhoods, bustling cafe cultures, historic architecture, and a faster, more urban pace of life. 
*   **Oulu:** Oulu is a vibrant regional capital, but it feels much more relaxed and community-oriented. Known as a major tech and university city (often dubbed the ""Silicon Valley of Finland""), it has a youthful and educated demographic thanks to the University of Oulu, but maintains a cozy, small-town charm.

### 2. Cost of Living and Housing
*   **Helsinki:** Significantly more expensive. Rent, property prices, and general living costs are the highest in the country. Finding a desirable apartment in central Helsinki can be competitive and costly.
*   **Oulu:** Much more affordable. Housing prices and rents are roughly 30–50% lower than in Helsinki. You get significantly more space for your money here, whether you want a modern apartment near the city center or a house with a yard in the suburbs.

### 3. Nature and Outdoors
*   **Helsinki:** Offers a great balance of nature and urban life. It’s surrounded by the sea, features numerous parks (like Central Park), and has easy access to the beautiful Helsinki archipelago and Nuuksio National Park.
*   **Oulu:** Nature is literally on your doorstep. Oulu is famous for being one of the best cycling cities in the world (with year-round plowed bike paths). It sits right on the Gulf of Bothnia, featuring unique coastal landscapes, frozen seas in the winter, and vast forests just minutes away. 

### 4. Climate and Weather
*   **Helsinki:** Milder winters and warmer summers compared to the north. Winter days are short, but snow cover in the city center can be unpredictable in recent years due to maritime influences.
*   **Oulu:** Located further north, Oulu experiences a true subarctic climate. Winters are longer, colder, and significantly snowier, but Oulu is also one of the sunniest cities in Finland during the summer. Because of its northern latitude, winter days are very dark, but summer brings the ""White Nights"" (midnight sun). Oulu also offers a much higher chance of seeing the Northern Lights (Aurora Borealis) right from the city.

### 5. Job Market and Economy
*   **Helsinki:** The economic powerhouse. It offers the widest range of job opportunities, particularly in finance, tech, public administration, startups, media, and international corporations. 
*   **Oulu:** Has a powerhouse economy of its own, heavily focused on **tech, ICT, health tech, and R&D** ( Nokia has a massive presence here, alongside many other engineering and software firms). However, outside of these specific sectors, the English-speaking job market is smaller than in Helsinki.

### 6. Transportation
*   **Helsinki:** Has the most comprehensive public transport system in Finland, including the metro, trams, commuter trains, buses, and ferries (managed by HSL). Owning a car is largely unnecessary.
*   **Oulu:** A compact city where **bicycles** reign supreme. Oulu has an incredible network of cycling routes that are maintained year-round. Public transport (buses) is good, but many residents rely on bikes or cars to get around, especially for suburban living. 
*   *Travel:* Helsinki has a major international airport with direct flights globally. Oulu has its own airport with multiple daily flights to Helsinki (about a 1-hour flight) and a few international connections.

### 7. Culture, Dining, and Nightlife
*   **Helsinki:** Offers a world-class culinary scene, Michelin-starred restaurants, diverse international cuisine, vibrant nightlife, major music festivals, and numerous museums, theaters, and art galleries.
*   **Oulu:** Has a lively local culture with unique events (like the Air Guitar World Championships), a growing foodie scene driven by local Arctic ingredients, cozy pubs, and a student-driven nightlife centered around the university. However, it lacks the sheer variety and scale of Helsinki's cultural offerings.

---

### Summary: Which one should you choose?

*   **Choose Helsinki if:** You want a true European capital experience, career opportunities in diverse industries, vibrant urban culture, international connectivity, and you don't mind paying higher living costs for it.
*   **Choose Oulu if:** You prefer a quieter, more affordable, family-friendly lifestyle, love cycling and outdoor winter activities, work in tech/engineering, and want to live closer to pristine northern nature while still enjoying modern city amenities."
65,oulu,explanation,Gemini 3.5 Flash-Lite,Why is cycling such an important form of transportation in Oulu?,"Oulu, a city in northern Finland located just south of the Arctic Circle, is globally renowned as a winter cycling capital. Despite having a climate with heavy snow and temperatures well below freezing for months at a time, about **20% of all trips** in the city are made by bicycle year-round, rising to over 30% in the summer. 

Cycling is so successful in Oulu due to a combination of deliberate urban planning, cultural attitudes, and technological infrastructure. Here are the key reasons why cycling is such an important form of transportation in Oulu:

### 1. World-Class Infrastructure and Planning
Oulu’s success is not an accident; it is the result of decades of intentional urban design.
* **Separated Networks:** Oulu has over 900 kilometers (approx. 560 miles) of interconnected, dedicated cycle paths that are completely separated from car traffic. Cyclists rarely have to share space with fast-moving vehicles.
* **The ""Baana"" Network:** The city features main cycling corridors (known locally as *baanat*) that are wide, smooth, and designed for commuting at higher speeds.
* **Grade Separated Crossings:** To keep cyclists moving and safe, the city has built hundreds of underpasses and overpasses. Cyclists rarely have to cross major roads at grade level, reducing conflicts with cars and minimizing the need to stop.

### 2. Exceptional Winter Maintenance
Many cities give up on cycling when it snows, but Oulu treats its bike paths as essential transportation corridors just like roads.
* **Priority Plowing:** Cycle paths are often plowed *before* or at the same time as car roads, especially the main commuter routes.
* **No Salt, Just Sand:** Instead of using salt (which creates slush and rusts bikes), Oulu uses a technique of brushing and sanding the hard-packed snow. This provides a grippy, ice-free surface that is easy to ride on with standard winter tires.
* **Heated Bridges:** Some of Oulu’s cycling bridges are equipped with under-surface heating systems powered by district heating waste heat, keeping them free of ice and snow automatically.

### 3. Compact City Design
Oulu is a relatively compact city. Much of the population lives within a 5-kilometer (3-mile) radius of the city center and the university. Distances are short enough that cycling is often the fastest way to get from point A to point B, beating both cars (due to parking and traffic lights) and buses (due to transfer times and schedules).

### 4. A Strong Cycling Culture and Education
In Oulu, cycling is normalized for everyone, regardless of age or gender.
* **Lifelong Habit:** Children in Oulu learn to ride bikes at a very young age, and most children cycle or walk to school independently. The city’s safe infrastructure gives parents the peace of mind to allow this.
* **Year-Round Norm:** Because everyone sees people cycling through the snow in January, it is culturally accepted that cycling is an all-weather activity, not just a fair-weather hobby. 

### 5. Integration with Public Transport and Smart Tech
Oulu has designed its transport system to make multi-modal commuting easy. 
* **Buses and Bikes:** City buses are equipped to carry bicycles, allowing commuters to combine cycling with bus travel if the weather turns exceptionally severe or distances are very long.
* **Smart Traffic Signals:** The city has implemented intelligent traffic systems, including sensors that detect approaching cyclists and adjust traffic lights to give them priority or extended green lights.

### Summary
Ultimately, Oulu proves the famous urban planning adage: **""If you build it, they will come.""** By treating cycling as a serious, efficient, and safe mode of mass transit—and backing that up with world-class winter maintenance—Oulu has made cycling the natural choice for its residents year-round."
66,oulu,planning,Gemini 3.5 Flash-Lite,Suggest outdoor activities someone could do around Oulu during the winter.,"Oulu is Finland’s official ""Winter Cycling City"" and a fantastic destination for outdoor enthusiasts who don’t mind the snow and cold. Because of its coastal location on the Gulf of Bothnia, Oulu offers a unique mix of frozen sea adventures, snowy forests, and vibrant urban winter life.

Here are some of the best outdoor activities to do around Oulu in the winter:

### 1. Ice Skating on the Frozen Sea and Nallikari
When the Gulf of Bothnia freezes over (usually from January onwards), it transforms into a massive natural playground.
* **Nallikari Winter Village:** Head to the Nallikari beach area, where maintained ice skating tracks are cleared on the sea ice, weather permitting. You can also try **kick-sledding (*potkukelkka*)**, a traditional Finnish way of getting around on ice.
* **The ""Lystikikku"" Ice Track:** Oulu is famous for maintaining long-distance ice skating and walking tracks right on the sea ice, connecting the mainland to nearby islands like Hietasaari.

### 2. Winter Biking (Fatbiking)
Oulu is world-renowned for keeping its extensive network of cycling paths clear of snow all winter long—even the bridges!
* **Rent a Fatbike:** Rent a fatbike (a mountain bike with oversized tires designed for snow) and explore the city's coastal routes, forest trails, and the island of Hailuoto. 
* **Route Recommendation:** Cycle from the Market Square (*Kauppatori*) through Pikisaari (a historic wooden artisan island) out to Nallikari beach.

### 3. Cross-Country Skiing (*Hiihto*)
Finns are born with skis on their feet, and Oulu has hundreds of kilometers of cross-country ski trails (*ladut*).
* **Where to go:** 
  * **Virpiniemi:** Located about 30 km north of Oulu, Virpiniemi is a top-tier sports and outdoor center with extensive ski tracks (some lit at night), biathlon facilities, and beautiful coastal forest scenery.
  * **Ouluhalli & Kuivasjärvi areas:** Closer to the city center, you’ll find well-maintained tracks winding through neighborhood parks and forests.
  * **Sea Ice Tracks:** When conditions allow, tracks are often set directly on the frozen sea.

### 4. Snowshoeing and Hiking in Koiteli
* **Koitelinkoski Rapids (Kiiminki):** Located about 25 km east of Oulu, Koiteli is a breathtakingly beautiful set of rapids on the Kiiminkijoki River. In winter, the raging water contrasts dramatically with the heavy snow and ice. There are suspension bridges, walking trails, and several campfire spots (*laavu*) where you can grill sausages and drink hot berry juice.

### 5. Take a Day Trip to Hailuoto Island
* **The Ferry and Island Life:** Hailuoto is the largest island in the Gulf of Bothnia and a must-visit winter destination. In the dead of winter, you can sometimes drive across the ice road, but the year-round public ferry (free of charge) is an adventure in itself, often cutting through thick sea ice.
* **What to do:** Once on the island, rent skis or snowshoes, visit the Marjaniemi Lighthouse, and experience the silent, snow-covered landscapes of a traditional Finnish fishing community.

### 6. Ice Fishing (*Pilkkiminen*)
Try your hand at traditional Finnish ice fishing on the frozen sea or one of the nearby inland lakes. 
* You don't need a fishing permit for rod-and-line fishing (*pilkkiminen*) in Finland, making it very accessible. 
* Local guides offer ice fishing excursions where you drill a hole in the ice, drop a small jig, and wait for perch or whitefish while enjoying a warm drink by an open fire.

### 7. Reindeer and Husky Safaris
While Oulu isn't as far north as Lapland, you can still experience authentic Lappish animal encounters within a short drive.
* Head to local farms or ranches (such as those in the surrounding region of Ii or Muhos) to go on a husky sled ride or meet reindeer. 

### 8. Catch the Northern Lights (*Aurora Borealis*)
Oulu is far enough north to frequently see the Northern Lights, especially away from the city lights.
* **Best Spots:** Head out to the dark shores of Nallikari, the open fields of Liminka Bay (a world-famous bird wetland that turns into a snowy wilderness in winter), or the Arctic-like scenery of Virpiniemi.

---

### Quick Tips for Oulu Winters:
* **Layering is Key:** Dress in three layers (merino wool base, insulating mid-layer, wind- and waterproof outer layer).
* **Daylight:** Remember that winter days are short, especially in December and January (sunlight from roughly 10:00 AM to 3:00 PM), but many trails are illuminated until late evening.
* **Campfires:** Look for official campfire spots (*tulipaikka*). Firewood is often provided for free by the city, so bring some matches and sausages (*makkara*) for the ultimate Finnish outdoor experience!"
67,oulu,creative,Gemini 3.5 Flash-Lite,Write a short story set in Oulu during a cold winter night.,"The air in Oulu bit with the sharp, merciless teeth of a January night. Temperature gauges in the city center hovered near minus twenty-five Celsius, turning every breath into a puff of dense white smoke that instantly crystallized on wool scarves and coat collars. 

Aleksi pulled his hood lower, his boots crunching rhythmically against the packed snow of Kirkkokatu. The city was quiet, subdued by the freezing grip of the Arctic winter. Above him, the streetlamps cast a golden glow over the pristine snowdrifts, their light catching tiny, floating ice crystals in the air—a phenomenon the locals called *timanttipöly*, diamond dust.

Passing the central square, Toripolliisi, the chubby bronze policeman statue, stood sentinel in the dark. A thick cap of snow rested heavily on his bronze helmet, and a frozen icicle hung from his mustache like a crystal tear. He looked less like a guardian of the law and more like a weary survivor of the storm.

Aleksi’s destination was the Nallikari beach, far out on the edge of the Gulf of Bothnia. It seemed a mad impulse—walking toward the freezing sea in the dead of night—but the sky had whispered promises of a different kind of cold. 

As he cleared the pine forests and reached the shoreline, the landscape opened up into a breathtaking expanse of white and black. The sea had frozen solid, stretching out toward the horizon under a vast, indigo sky. 

And then, they appeared.

Faint streaks of green began to bleed across the stars, like spilled ink in water. Aleksi stopped, holding his breath as the northern lights woke up. The aurora shifted, twisting into long, ethereal ribbons of emerald and violet that danced silently above the frozen archipelago. There was no wind, no sound except for the faint, distant crunch of shifting ice miles out in the gulf. 

Standing knee-deep in the snow, face stinging from the frost, Aleksi felt a profound, ringing silence settle into his chest. Oulu was freezing, dark, and seemingly desolate, yet beneath the ice and snow, the night was vibrantly, magically alive."
68,oulu,factual,Gemini 3.5 Flash-Lite,Describe Oulu's geographic location within Finland.,"Oulu is geographically located in the **northern part of Finland**, positioned along the coast of the **Gulf of Bothnia**, which is the northernmost arm of the Baltic Sea. 

Here are the key details of its location:

*   **Regional Location:** It is the capital and largest city of the **North Ostrobothnia** region (*Pohjois-Pohjanmaa*).
*   **Coordinates:** Oulu lies at approximately 65°N latitude, making it one of the northernmost major cities in the world. (It is located about 200 kilometers or 124 miles south of the Arctic Circle).
*   **Coastal Setting:** The city sits at the mouth of the **Oulu River** (*Oulujoki*), where the river empties into the Bay of Bothnia (*Perämeri*). The city's geography is characterized by numerous islands, bays, and estuaries connected to the sea.
*   **Distances from Major Hubs:** 
    *   It is located about **600 kilometers (370 miles) north of Helsinki**, the capital of Finland.
    *   It serves as the undisputed economic and cultural hub of Northern Finland, bridging the more densely populated south with the vast, sparsely populated Lapland region to the north."
69,oulu,comparison,Gemini 3.5 Flash-Lite,Compare summer and winter in Oulu.,"Oulu, located on the Gulf of Bothnia in Northern Finland, experiences some of the most dramatic seasonal contrasts on Earth. Because of its subarctic location (just south of the Arctic Circle), summer and winter are not just changes in temperature—they are entirely different ways of life. 

Here is a comparison of summer and winter in Oulu, broken down by key aspects:

### 1. Daylight and Darkness
*   **Summer (The Midnight Sun):** Oulu enjoys extremely long days. By June, the sun barely sets, resulting in ""white nights"" where it remains light even at midnight. You can read a book outside at 2:00 AM in natural twilight. 
*   **Winter (The Polar Night & Short Days):** The contrast is extreme. In December, Oulu gets only about 3 to 4 hours of daylight. The sun stays very low on the horizon, casting a permanent twilight blue over the snow. However, the snow reflects what little light there is, and the skies are occasionally lit up by the Northern Lights (Aurora Borealis) and the stars.

### 2. Temperature and Weather
*   **Summer:** Summers are surprisingly warm and pleasant, especially in July, which is the warmest month. Average daytime temperatures hover around 20°C to 25°C (68°F–77°F), but heatwaves can push it above 30°C. Because of the dry air and long hours of sunshine, it often feels warmer than it is.
*   **Winter:** Winters are long, cold, and snowy. The season typically lasts from November to April. Temperatures regularly drop below -10°C to -20°C (14°F to -4°F), and cold snaps can push it to -30°C (-22°F) or lower. The air is crisp, and the ground is covered in a thick blanket of snow.

### 3. Landscape and Nature
*   **Summer:** The landscape bursts into life with lush green forests, blooming wildflowers, and thousands of lakes and rivers. The sea (the Gulf of Bothnia) is ice-free, and the coastline features sandy beaches, such as the famous Nallikari beach.
*   **Winter:** The landscape transforms into a winter wonderland. Trees are heavy with snow (known as *tykky*), the sea freezes over completely, and the rivers and lakes are capped with thick ice. 

### 4. Lifestyle and Activities
*   **Summer:** Oulu is an outdoor city in the summer. Locals spend as much time outside as possible. 
    *   *Activities:* Swimming in the sea or lakes, cycling (Oulu is famous for its world-class winter and summer cycling infrastructure), hiking, canoeing, attending outdoor music festivals (like Qstock), and enjoying *mökki* (summer cabin) life. 
    *   *Highlight:* The Midnight Sun encourages late-night socialising, barbecues, and golf played at midnight.
*   **Winter:** Life slows down a bit, but locals embrace the cold rather than hide from it (""there is no bad weather, only bad clothing"").
    *   *Activities:* Cross-country skiing, ice skating on frozen bays, downhill skiing at nearby resorts, snowshoeing, and ice fishing. A quintessential Finnish winter activity is going to a sauna and plunging into a hole cut in the ice (avanto).
    *   *Highlight:* Oulu is the **Winter Cycling Capital of the World**, meaning even in deep snow and sub-zero temperatures, thousands of people commute by bicycle on well-maintained, plowed paths.

### Summary
*   **Summer in Oulu** is vibrant, energetic, and sun-drenched, centered around late nights, water, and the outdoors.
*   **Winter in Oulu** is serene, stark, and cozy, centered around snow sports, staying warm, and embracing the beauty of the cold and darkness."
70,oulu,explanation,Gemini 3.5 Flash-Lite,How does Oulu's northern location affect the amount of daylight throughout the year?,"Oulu, Finland, is located at approximately **65°N latitude**, just south of the Arctic Circle. Because of this far-northern location, Oulu experiences extreme seasonal variations in daylight throughout the year, characterized by very bright summers and very dark winters. 

Here is a breakdown of how Oulu’s northern location affects daylight across the four seasons:

### 1. Summer: The Midnight Sun (White Nights)
* **The Phenomenon:** As Oulu approaches the summer solstice (around June 21), the tilt of the Earth’s axis brings this region closest to the sun. 
* **Daylight Hours:** Around mid-summer, Oulu experiences nearly **24 hours of light** per day. While the sun technically dips below the horizon for a couple of hours around midnight, it never gets truly dark. Instead, the night is bathed in a continuous twilight known locally as the ""white nights"" (*yötön yö* or nightless night).
* **Impact:** The constant daylight creates a vibrant social and cultural life. People are often out late enjoying outdoor activities, and the midnight sun has a powerful energizing effect (though it can make sleeping difficult for newcomers).

### 2. Winter: The Polar Night (Kaamos)
* **The Phenomenon:** Around the winter solstice (around December 21), the tilt is at the opposite extreme, away from the sun.
* **Daylight Hours:** Oulu does not experience true ""polar night"" (where the sun doesn't rise at all for weeks, which happens further north in Lapland). However, the days are exceptionally short. At its shortest in mid-December, Oulu gets only about **3.5 to 4 hours of daylight**. 
* **The Light:** Sunrise occurs around 10:00 AM, and sunset happens around 2:00 PM. Even during these daylight hours, the sun stays very low on the horizon, casting a permanent, soft twilight or a golden-pink glow that reflects off the snow.
* **Impact:** The long darkness requires adaptation. Many locals use daylight simulation lamps, take Vitamin D, and embrace indoor coziness (*sisu* and *hygge*). However, the snow cover helps brighten the landscape significantly.

### 3. Spring and Autumn: Rapid Changes (Equinoxes)
* **The Phenomenon:** During the spring (March–April) and autumn (September–October) equinoxes, the length of daylight changes faster in Oulu than it does closer to the equator.
* **Daylight Hours:** Day length increases or decreases by **several minutes every single day**. 
* **Impact:** Spring brings an explosive return of light. By late March, Oulu has equal day and night (12 hours each), and the daylight gains accelerate rapidly until June. Conversely, autumn sees a rapid loss of light, transitioning from the bright summer to the dark winter gloom in just a few weeks.

### Summary Table

| Season | Approximate Daylight (Mid-point) |
| :--- | :--- |
| **Summer Solstice (June)** | ~21–24 hours (No true darkness) |
| **Equinoxes (March / Sept)** | ~12 hours (Rapidly changing) |
| **Winter Solstice (December)** | ~3.5–4 hours (Low sun, long twilight) |

Ultimately, Oulu’s northern location dictates a lifestyle deeply in tune with nature's rhythms—celebrating the exuberant return of the light in summer and finding comfort in the stillness and darkness of winter."
71,oulu,planning,Gemini 3.5 Flash-Lite,Create a two-day itinerary for an international student visiting Oulu.,"Welcome to Oulu, the ""Capital of Northern Finland""! As an international student, this itinerary is designed to give you a mix of authentic Finnish culture, stunning Arctic nature, and local student vibes, all while keeping a student-friendly budget in mind.

---

### **Day 1: City Vibes, Culture, and Coastal Views**

**Morning: Cozy Café & City Exploration**
*   **09:30 – 10:30 | Breakfast & Coffee:** Start your day at **Café Rooster** in the city center or **Roberts Coffee** for a classic Finnish *pulla* (cardamom bun) and coffee. 
*   **10:30 – 12:00 | Walking Tour of the Center:** 
    *   Walk through **Rotuaari** (the pedestrian street).
    *   Check out the **Oulu Market Hall (Kauppahalli)**, a charming red-brick building open since 1901 where you can see local delicacies (like reindeer meat and local cheeses).
    *   Take a photo with **Toripolliisi** (The Market Policeman statue), Oulu’s most famous landmark.

**Afternoon: Art, Tech, and Lunch**
*   **12:00 – 13:30 | Lunch at Market Square:** Grab some traditional salmon soup (*lohikeitto*) from one of the outdoor stalls or head to a local student-friendly lunch spot like **Oulun Kellariteatteri** or **Frans & Camille**.
*   **13:30 – 15:30 | Cultural Fix:** Visit **Oulu Museum of Art (OMA)** or head to **Tietomaa Science Centre** (note: check if the main tower is open, as it offers a great view of the city). 
*   **15:30 – 17:00 | Pikisaari (The Artisan Island):** Walk across the bridge to Pikisaari, a historic island of wooden houses where artists, craftspeople, and students live. It’s incredibly picturesque and great for Instagram photos.

**Evening: Sauna, Dinner, and Nightlife**
*   **17:30 – 19:30 | The Finnish Sauna Experience:** Head to **Sauna Express** or **Kuusisaari Saunas** near the city center. If you’re feeling brave, take a refreshing dip in the freezing Baltic Sea! *(Pro tip: Student discounts are often available).*
*   **20:00 onwards | Student Night Out:** 
    *   Have dinner and drinks at **Tuba Food & Lounge** (known for its recycled interior, ethical food, and cozy student vibe).
    *   Check out local student pubs like **Leskinen** or head to **Operator** or **VOlä** if you want to experience the Oulu student nightlife scene.

---

### **Day 2: Arctic Nature & Island Adventure**

**Morning: Forest, Bridges, and Coffee in Nature**
*   **09:30 – 12:00 | Hupisaaret Islands City Park:** 
    *   Explore Hupisaaret, a network of lush islands connected by romantic white bridges, streams, and waterfalls right near the city center. 
    *   Visit the **Northern Ostrobothnia Museum** located in the park to learn about the region’s history.
*   **12:00 – 13:00 | Lunch:** Grab a budget-friendly lunch at the University of Oulu Linnanmaa campus cafeteria (if you want to see the main student hub) or grab burgers at **Bisturia**.

**Afternoon: Nallikari Beach & Seaside Nature**
*   **13:30 – 16:30 | Nallikari Beach & Lighthouse:**
    *   Take the bus (Line 15 from the city center) or rent a local electric scooter to **Nallikari**, Oulu’s famous beach resort. 
    *   Walk out to the iconic Nallikari Lighthouse. Even in winter, walking on the frozen sea or snow-covered beach is an unforgettable experience.
    *   Warm up with hot chocolate or glögi (mulled wine) at **Café Nallikari**.
*   **16:30 – 18:00 | Sunset & Chill:** Watch the sunset over the Gulf of Bothnia. (Oulu is famous for its gorgeous, pastel-colored northern sunsets).

**Evening: Cozy Wrap-up**
*   **18:30 – 20:30 | Dinner:** Try a traditional Finnish pizza at **Pizzeria Pannu** (famous for deep-pan pizzas) or enjoy authentic Nepalese food (Oulu has a surprisingly great Nepalese restaurant scene, like **Gurka** or **Mount Everest**).
*   **20:30 | Souvenir Shopping & Departure:** Pick up some Fazer chocolate or local cloudberry jam from a K-Supermarket or Prisma before heading back to your accommodation or transport hub.

---

### **Practical Tips for International Students:**
1.  **Transport:** Oulu is extremely flat and bike-friendly. If the weather permits, rent a city bike or walk. Otherwise, use the **Oulu Public Transport (Kosli/Waltti)** app for bus tickets. Single tickets cost around €3.50, but student discounts apply if you have a Finnish student card.
2.  **Budgeting:** Finland can be pricey. Look for ""Lounas"" (Lunch) buffets between 10:30–14:00, which usually include a main, salad bar, bread, and coffee for around €10–€14.
3.  **Clothing:** Dress in layers! Even in spring or autumn, the sea breeze in Oulu can be chilly."
72,oulu,creative,Gemini 3.5 Flash-Lite,Describe a peaceful summer evening in Oulu.,"A peaceful summer evening in Oulu—a coastal city at the northern edge of the Gulf of Bothnia—unfolds under a sky that refuses to truly darken. As the clock ticks past 10 PM, the frenetic energy of the day dissolves into a serene, golden twilight, bathed in the soft, endless glow of the midnight sun.

The air is remarkably crisp for summer, carrying the cool, clean scent of the sea and the earthy, pine-resin aroma of the surrounding taiga forests. The wind has dropped, leaving the city’s many waterways—the branching delta of the Oulujoki River—as smooth as polished glass, perfectly mirroring the pastel hues of the sky. 

In the idyllic neighborhoods of Pikisaari and Karjasilta, the historic wooden houses glow warmly in the amber light. Their manicured gardens, overflowing with defiant northern lupines, bright yellow buttercups, and ferns, are completely still. Only the occasional melodic call of a thrush breaks the silence. 

Down by the shoreline, the atmosphere is deeply meditative. At the Nallikari beach, the usually bustling expanse of sand is quiet. A few people stroll barefoot along the water’s edge, their long shadows stretching across the wet sand, listening to the gentle, rhythmic lapping of the waves. Out on the horizon, the sun hangs low, dipping toward the sea in a slow-motion sunset that seamlessly bleeds into sunrise.

Cyclists glide silently along the city’s legendary network of *baana* (cycle paths), crossing wooden bridges over glassy river channels where kayaks drift effortlessly, leaving delicate ripples in the water. The famous market square by the harbor—*Kauppatori*—is winding down. The terraces of the red-brick waterfront warehouses are peaceful; a few patrons linger over coffee or a local *lonkero*, wrapped in light sweaters, savoring the stillness of the northern evening.

In Oulu, a summer evening doesn't feel like the end of the day. Instead, it feels like a suspended moment in time—a quiet, luminous pause where the world holds its breath, wrapped in a blanket of golden light and profound tranquility."
73,oulu,factual,Gemini 3.5 Flash-Lite,What industries and fields of technology is Oulu associated with?,"Oulu, Finland, is widely recognized as one of the most vibrant technology and innovation hubs in Northern Europe. Often referred to as the **""Capital of Northern Scandinavia""** or a **""Tech City,""** Oulu’s economic identity is deeply intertwined with telecommunications, software development, health tech, and Arctic engineering. 

Here is a breakdown of the primary industries and fields of technology associated with Oulu:

### 1. Telecommunications and Wireless Technology (The Core Heritage)
Telecommunications is the bedrock of Oulu’s tech reputation. 
* **Mobile Networks:** Oulu played a pivotal role in the development of mobile communications, particularly through Nokia and the University of Oulu. It is often called the birthplace of 2G, 3G, and 4G technologies, and a major development hub for 5G.
* **6G Research:** Oulu is currently a global epicenter for **6G research**. The University of Oulu hosts the **6G Flagship** program, a massive research initiative funded by the Academy of Finland to define the future of wireless communications and AI-driven connectivity.
* **Radio Frequency (RF) and Antenna Design:** The region hosts a dense ecosystem of companies specializing in hardware, semiconductors, and RF engineering.

### 2. Information Technology (IT) and Software
Beyond hardware and telecom, Oulu has a massive software and IT services sector.
* **Embedded Systems:** A natural offshoot of the telecom industry, Oulu has world-class expertise in embedded software for automotive, industrial, and consumer electronics.
* **Cloud, SaaS, and Cybersecurity:** Numerous software houses in Oulu develop enterprise solutions, cloud infrastructure, and cybersecurity tools for global markets.

### 3. Health Technology and Life Sciences
Health tech is one of the fastest-growing sectors in Oulu, largely driven by the **OuluHealth** ecosystem, which brings together the University of Oulu, Oulu University Hospital, and local businesses.
* **Digital Health:** Development of remote healthcare solutions, telemedicine, and health-monitoring applications.
* **Medical Devices:** Innovations in diagnostics, sensor technology, and biometric measurement tools.
* **Health Data:** Utilization of Finland’s comprehensive biobanks and health registries for R&D.

### 4. Cleantech, Circular Economy, and Energy
Given Finland's strong environmental standards and northern climate, Oulu has developed a robust clean technology sector.
* **Smart Grids and Energy Efficiency:** Technologies focused on optimizing power consumption, renewable energy integration, and smart city infrastructure.
* **Industrial Circular Economy:** Oulu has heavy process industries (like paper, steel, and chemicals) transitioning toward zero-waste, bio-based materials, and carbon-neutral production.

### 5. Printed Intelligence and Electronics
Oulu is a pioneer in **Printed Intelligence** (functional printing), which allows electronics to be printed onto flexible materials like plastics or paper.
* **Applications:** Smart packaging, wearable electronics, flexible solar panels, and printed sensors. The **PrintoCent** ecosystem based in Oulu is a world-leading cluster for commercializing printed intelligence.

### 6. Arctic and Cold Climate Technologies
Because of its geography in Northern Finland, Oulu specializes in technologies that function reliably in extreme cold.
* **Arctic Maritime & Offshore:** Technologies for ice-breaking, cold-weather shipping, and maritime safety.
* **Automotive Winter Testing:** Oulu and its surrounding regions are major hubs for testing autonomous vehicles, tires, and automotive software in extreme winter conditions.

### 7. Gaming and Immersive Technologies (XR)
* **Game Development:** Oulu has a thriving indie and mobile game development community.
* **AR/VR (Augmented and Virtual Reality):** Strong academic and commercial focus on spatial computing, industrial AR applications, and immersive media.

---

### Key Enablers of Oulu’s Industry:
Oulu’s success in these fields is largely due to the **""Oulu Innovation Alliance,""** a tight-knit triple-helix model connecting:
1. **The University of Oulu & Oulu University of Applied Sciences:** Providing top-tier engineering talent and cutting-edge research (especially in wireless and health).
2. **The City of Oulu:** Proactively investing in tech infrastructure (like living labs and test environments).
3. **Private Enterprise:** A mix of tech giants (like Nokia) and a dynamic startup scene supported by incubators like **BusinessOulu** and **Startup Refugees**."
74,oulu,explanation,Gemini 3.5 Flash-Lite,Explain how residents of Oulu adapt to snow and ice during everyday life.,"Oulu, located on the northwest coast of Finland just south of the Arctic Circle, is often called the **""Winter Cycling Capital of the World.""** With snow covering the ground for roughly five to six months a year (from November to April) and temperatures regularly dropping below -20°C (-4°F), life doesn't stop for winter—it adapts. 

The residents of Oulu, along with the city administration, have mastered the art of living comfortably and efficiently with massive amounts of snow and ice. Here is how they do it in everyday life:

---

### 1. Active Transportation (Even in Deep Snow)
While many cities grind to a halt when it snows, Oulu keeps moving on two wheels and two feet. 
* **Year-Round Cycling:** An astonishing 12% of all year-round trips in Oulu are made by bicycle. Even in January and February, dedicated commuters continue to cycle. 
* **Superior Infrastructure:** The city maintains a vast network of separated pedestrian and cycle paths. These are plowed *before* the main car roads in many cases, and they are prioritized after every snowfall.
* **Winter Tire Culture:** Just like cars, bicycles are fitted with **studded tires (*nastarenkaat*)** for grip on icy surfaces. Fat bikes and mountain bikes with thick treads are also popular.
* **Anti-Slip Footwear:** Pedestrians routinely attach detachable metal studs (*liukuesteet*) to the soles of their boots or wear specialized winter boots with built-in spikes to prevent slipping on black ice.

### 2. The Philosophy of *Sisu* and Proper Clothing
Finns have a cultural concept called *sisu*—a stoic determination and resilience in the face of hardship. When it comes to weather, Oululaiset (residents of Oulu) believe that **""there is no such thing as bad weather, only bad clothing.""**
* **Layering is Key:** Residents dress in layers—merino wool base layers, insulating mid-layers (fleece or wool), and wind- and waterproof outer shells. 
* **Footwear:** Insulated, waterproof boots with thick soles (often lined with wool or felt) keep feet warm in deep snow.
* **Embracing the Dark:** Because Oulu experiences very short daylight hours in mid-winter (about 4 hours of twilight in December), **reflectors (*heijastimet*)** are a non-negotiable part of everyday life. Everyone—from toddlers to the elderly—hangs dangling reflective tags on their coats or wears reflective vests to remain visible to drivers in the dark.

### 3. Urban Infrastructure and Smart Maintenance
Oulu’s city planners design the urban environment with winter in mind, utilizing advanced snow management techniques:
* **Snow Dumping and Melting:** When snow is cleared from the streets, it is trucked to designated ""snow dumping sites"" around the city (often near the sea or empty fields). Some snow is piled into massive heaps that last well into May.
* **Underfloor Heating:** Key pedestrian areas, such as the central marketplace and main shopping streets, feature district-heating pipes buried beneath the pavement. Warm water circulates through these pipes, melting snow and ice automatically and eliminating the need for heavy salt use.
* **Gravel over Salt:** To protect the environment and waterways, Oulu relies more on sanding (*hiekoitus*) than salting. Small, crushed stones are spread over icy paths to create traction. In the spring, the city sweeps up and reuses thousands of tons of this gravel.

### 4. Adjusting the Rhythm of Daily Life
Daily routines shift slightly to accommodate the environment, but the overall quality of life remains high.
* **Lighting and Mood:** To combat the long, dark winter, homes and public spaces are kept brightly lit with warm lighting. Candles are burned by the millions, and festive Christmas lights often stay up through February to bring cheer.
* **Sauna Culture:** The extreme cold makes the traditional Finnish sauna an essential part of everyday winter life. Alternating between a scorching hot sauna (80–100°柏C) and rolling in the snow or taking an ice-dip in the frozen Baltic Sea is a popular way to boost circulation and mental well-being.
* **Outdoor Leisure:** Winter is not endured; it is enjoyed. Cross-country skiing, ice skating, ice fishing, and kick-sledding (*potkukelkka*) are standard weekend (and weekday evening) activities for people of all ages.

### Summary
Ultimately, Oulu’s success in adapting to snow and ice comes down to **anticipation rather than reaction**. The city invests heavily in clearing paths before people commute, and the residents equip themselves properly—both mentally and physically—to treat winter not as a disaster, but as a normal, beautiful, and vibrant season of life."
75,oulu,comparison,Gemini 3.5 Flash-Lite,Compare transportation in Oulu during summer and winter.,"Oulu, Finland—often called the ""Capital of Northern Scandinavia""—presents one of the most fascinating contrasts in urban mobility. Located just south of the Arctic Circle, Oulu transforms dramatically between the sun-drenched, endless daylight of summer and the freezing, snow-covered darkness of winter. 

Despite extreme seasonal shifts, Oulu is globally renowned for maintaining high mobility year-round, largely thanks to its world-class cycling infrastructure and efficient public transit. Here is a comparison of transportation in Oulu during summer and winter.

---

### 1. Cycling and Walking (Active Travel)
Oulu is famous for having one of the best winter cycling networks in the world, but the experience of riding a bike changes drastically between the two seasons.

*   **Summer:** 
    *   **The King of the Road:** Cycling is the dominant mode of transport for commuting, leisure, and school. Oulu boasts over 900 kilometers of interconnected, grade-separated cycle paths (*baanat*). 
    *   **Conditions:** Paths are completely clear, dry, and fast. The ""Baana"" network allows cyclists to bypass major vehicular traffic. 
    *   **Light:** With the Midnight Sun, people bike at all hours of the night in warm, sunlit conditions.
*   **Winter:** 
    *   **The ""Winter Cycling Capital"":** Unlike many cities where cycling drops to near zero in winter, about 12% of all winter trips in Oulu are still made by bicycle. 
    *   **Maintenance:** Oulu’s municipal maintenance prioritizes clearing bike paths *before* or at the same time as car roads. They use a unique sweeping and brushing method rather than heavy salting, which creates a hard-packed, safe snow surface.
    *   **Gear:** Cyclists switch to studded tires (*nastarenkaat*), thermal gear, and bikes equipped with lights due to the limited daylight (as little as 4 hours of daylight in December).

### 2. Public Transit (Bus / *Koskilinjat*)
Oulu’s local bus network, coordinated by *Oulun seudun liikenne* (OSL), adapts to the seasonal pacing of the city.

*   **Summer:**
    *   **Relaxed and On Time:** Traffic is lighter because schools are out and many locals bike. Buses run smoothly with very little weather-related delay.
    *   **Schedules:** Summer timetables usually have reduced frequencies on certain routes because university students leave the city for the summer months.
*   **Winter:**
    *   **High Demand:** Public transit gets a major boost as students return and some fair-weather cyclists switch to buses. 
    *   **Weather Impact:** While snow clearance is generally prompt, heavy snowstorms (*lumipyry*) can cause minor delays. Buses are well-equipped with winter tires, and drivers are trained for icy conditions.
    *   **Bus Stops:** Snowbanks can sometimes make boarding difficult, but the city works hard to clear stops, especially near major hubs like the Oulu Travel Centre (Railway Station).

### 3. Private Cars and Driving
Driving conditions in Oulu require a completely different mindset and set of preparations depending on the time of year.

*   **Summer:**
    *   **Smooth Flow:** Road conditions are ideal. Traffic is generally light compared to southern European or even southern Finnish cities (like Helsinki). Road construction and repaving peak during the summer months.
    *   **Parking:** Plentiful, though the city center has paid parking zones.
*   **Winter:**
    *   **Mandatory Winter Prep:** Winter tires (studded or friction) are legally required from November to March. Drivers must also deal with scraping ice off windshields and using engine block heaters (*lohkolämmitin*) so cars can start in sub-zero temperatures (often -20°C to -30°C).
    *   **Visibility & Lighting:** Driving requires constant vigilance for pedestrians and cyclists (who wear reflectors) in the dark. Snowbanks can obstruct visibility at intersections.
    *   **Snow Plowing:** The city uses an extensive fleet of snowplows. While main roads are cleared quickly, residential side streets can become compacted and icy.

### 4. Trains and Long-Distance Travel
Oulu is a major railway hub in northern Finland (VR trains).

*   **Summer:** 
    *   Travel to Helsinki and Rovaniemi is seamless. Tourism peaks in summer, with many travelers heading to the coast, islands (like Hailuoto), and national parks.
*   **Winter:** 
    *   Trains generally run reliably, though extreme cold can occasionally cause technical slowdowns. The railway is a popular choice for avoiding hazardous winter highway driving when heading south toward Helsinki or north into Lapland.

### Summary Comparison Table

| Feature | Summer (June–August) | Winter (December–February) |
| :--- | :--- | :--- |
| **Primary Active Mode** | Fast cycling on dry asphalt | Studded-tire cycling on packed snow |
| **Daylight** | 20–24 hours (Midnight Sun) | 4–5 hours of daylight (Polar Night twilight) |
| **Traffic Congestion** | Very low; smooth flow | Low-to-moderate; slowed by weather/darkness |
| **Road Maintenance** | Paving, sweeping, landscaping | Plowing, sanding, anti-skid brushing |
| **Public Transit Load**| Lower (student holidays) | Higher (university in session, modal shift from bikes) |
| **Car Preparation** | Standard | Block heaters, scrapers, mandatory winter tires |

### Conclusion
The most remarkable thing about transportation in Oulu is **consistency**. While summer offers the effortless joy of cycling under the midnight sun, winter is not a period of hibernation. Thanks to aggressive, innovative winter maintenance policies, Oulu proves that northern cities do not need to surrender their streets to cars just because the snow starts to fall."
76,oulu,planning,Gemini 3.5 Flash-Lite,Plan an inexpensive day in Oulu for a university student.,"Oulu is one of Finland’s best cities for students—it’s flat, incredibly bike-friendly, has a massive student population, and offers plenty of culture and nature without a hefty price tag. 

Here is a budget-friendly, highly walkable (or bikeable) itinerary for a fantastic day in Oulu that costs **under 15–20 euros total**, assuming you already have a bike or use your own two feet.

---

### **Morning: Nature and Coffee**
*Total cost: ~3–4 €*

*   **9:30 AM – Sunrise Walk through Pikisaari**
    *   Start your day by heading to **Pikisaari**, an old-industrial island turned artistic neighborhood just a short walk from the city center. 
    *   Admire the old wooden houses, quirky sculptures, and the quiet seaside views. It’s one of the most picturesque and peaceful spots in Oulu.
*   **10:30 AM – Cheap Caffeine Fix**
    *   Skip the pricey hipster cafés and head to the **Prisma or K-Citymarket hypermarket cafe** (or grab a pastry and coffee from the university student union cafe if you're starting from Linnanmaa, but since you're heading to town, try a local bakery outlet or LidI for a super cheap pastry). 
    *   *Alternative:* Bring a thermos of coffee from home and a cinnamon bun (*korvapuusti*) from the grocery store for less than 2€.

### **Midday: Culture and City Exploration**
*Total Cost: 0 €*

*   **11:30 AM – Oulu Market Hall (Toripäällikkö) & Market Square**
    *   Cycle or walk to the Market Square (*Kauppatori*). Check out the famous **Fat Policeman statue** (*Toripolliisi*) and snap a photo. 
    *   Wander inside the historic **Oulu Market Hall** (Kauppahalli) to smell the local delicacies (like smoked fish and reindeer pastries). It’s free to browse, warm, and full of local character.
*   **12:30 PM – Oulu Cathedral & University Library (Linnanmaa)**
    *   Pop into the Oulu Cathedral—it’s free to enter and has a gorgeous, serene interior.
    *   If you need a quiet place to study or just want to admire modern architecture, the **Oulu City Library** (a short walk from the center) is fantastic, featuring a great view of the river.

### **Lunch: The Student Special**
*Total Cost: 2.70 €*

*   **1:15 PM – Lunch at UniCafe (Linnanmaa or Kontinkangas campus)**
    *   Head to the nearest university campus (Linnanmaa is the main one). As a university student (bring your Frank app or student ID), you get a heavily subsidized Kela-meal.
    *   For **€2.70**, you get a hot, hearty meal, unlimited salad bar, bread, and a drink (milk/water). It is hands-down the best value lunch deal in the city.

### **Afternoon: Outdoor Adventure & Saunas**
*Total Cost: 0 € – 8 €*

*   **2:30 PM – Hupisaaret City Park & Ainola Park**
    *   Walk or bike off your lunch in the **Hupisaaret Islands park area**. It’s a network of small islands connected by romantic little bridges, complete with creeks, ducks, and waterfalls. 
    *   Check out the **Northern Ostrobothnia Museum** area (exterior is lovely to walk around).
*   **4:00 PM – Nallikari Beach & Seaside Walk**
    *   Take the scenic bike route out to **Nallikari**, Oulu's famous beach. Even if it’s not swimming weather, walking along the shore or the long pier (*Nallikari Lighthouse*) is a must-do. The sunsets here over the Gulf of Bothnia are legendary.
*   **5:30 PM – Public Sauna (Optional Budget Splurge)**
    *   If you want the ultimate Finnish experience, head to **Kuuma Sauna** right by the market square or check out **Kiikku** (or local community saunas). While private sessions cost money, keep an eye out for student-discounted public sauna hours, which usually cost around 8–10€. If you want to keep it 100% free, skip this and save it for your student union's next sauna night.

### **Evening: Cheap Eats & Student Vibes**
*Total Cost: ~5–8 €*

*   **7:00 PM – Dinner / Drinks at a Student Pub**
    *   Oulu has a legendary student pub culture. Head to **Teekkaritalo** (the Guild house of process/mechanical engineers in Linnanmaa) if they have a pub night, or head back to the city center.
    *   In the center, **Valkea Shopping Centre's topmost floor** has affordable eats, or you can grab a cheap slice of pizza or falafel wrap from one of the many Middle Eastern eateries near the pedestrian street *Rotuaari* (many offer student discounts).
    *   If you want a cheap pint, look out for student nights at local bars like **Hevimesta**, **Sarastus**, or **Bar 45** where beers/ciders often have student-priced specials (around 5–6€).

---

### **Total Estimated Budget:**
*   **Transport:** 0 € (Walk or use your own bike)
*   **Coffee/Snack:** 3 €
*   **Student Lunch:** 2.70 €
*   **Dinner/Drinks:** 8 €
*   **Grand Total:** **~13.70 €** 

### **Pro-Tips for Students in Oulu:**
1.  **Always carry your digital student card (Frank/Slice):** Almost every museum, cafe, and transport option has a secret student discount.
2.  **Download the OSL app:** If you *do* need to take the bus (e.g., in a blizzard), a single student ticket is much cheaper on the app than buying onboard.
3.  **Toppila Kutteri / Pikisaari:** If you like urban exploration, Oulu has lots of quirky old industrial ruins mixed with nature that cost nothing to explore."
77,oulu,creative,Gemini 3.5 Flash-Lite,Write a fictional conversation between two tourists visiting Oulu for the first time.,"**Setting:** The bustling Market Square (Kauppatori) in Oulu, Finland. A giant, bronze statue of a chubby policeman—*Toripolliisi*—stands guard nearby, gazing out over the Gulf of Bothnia. 

**Characters:**
*   **Chloe (28):** From London, England. Travel blogger, easily excitable, currently wearing three layers of wool.
*   **Marcus (30):** From Seattle, USA. Photographer, pragmatic, obsessed with finding good coffee and checking his weather app.

***

*(Chloe is enthusiastically snapping selfies with the Toripolliisi statue, while Marcus blows warm air onto his gloved hands.)*

**Chloe:** *(Lowering her phone)* Marcus, look at him. He’s magnificent. He looks like a 19th-century bouncer who ate one too many Karelian pies. What did the sign say his name was again?

**Marcus:** *(Squinting at his guidebook)* *Toripolliisi*. The Market Policeman. Apparently, he’s been watching over the square since 1987. Honestly, with this wind coming off the Baltic Sea, I wish he’d offer me a place in that little bronze coat of his. 

**Chloe:** Oh, stop whining, it’s refreshing! It’s crisp! We wanted an authentic Nordic experience, didn’t we? Besides, look at the sky. That pinkish-gold light is a photographer’s dream. 

**Marcus:** It *is* gorgeous, I’ll give you that. Oulu wasn't even on my radar until you suggested it. I thought everyone just went to Helsinki or Rovaniemi. 

**Chloe:** Exactly why we had to come here! The ""Capital of Northern Scandinavia,"" they call it. And look—bicycles! Everywhere, even in October! 

*(A local middle-aged woman in a bright neon jacket and a helmet zips past them on a studded-tire bicycle, effortlessly navigating a patch of slush, ringing her bell cheerfully.)*

**Marcus:** Did she just smile at us while riding an ice-bike? Are we sure we aren't in a simulation? 

**Chloe:** *(Laughing)* This is the cycling capital of the world, Marcus! Even in winter. Though, speaking of winter, do you smell that? 

*(Marcus sniffs the air, catching a rich, smoky, mouth-watering aroma drifting from one of the red wooden market halls.)*

**Marcus:** Is that… grilled fish? 

**Chloe:** Fried vendace (*muikku*), if I’m not mistaken. I read about them! Tiny little lake fish, rolled in rye flour, and fried in butter. Come on, my stomach is singing the song of its people. 

*(They scurry over to a food stall shaped like a traditional fisherman's hut. A friendly vendor hands them a paper boat filled with steaming hot fish and a dollop of garlic mayonnaise.)*

**Marcus:** *(Poping one into his mouth)* Okay. Wow. I take back every complaint I had about the wind. This is incredible. It’s like potato chips, but from the sea. 

**Chloe:** Right? And crispy! Oulu is full of surprises. Who knew northern Finland had such a foodie scene? Wait, what's that over there? Across the bridge? 

*(She points toward a cluster of modern, dark-wood buildings on an island connected by a footbridge.)*

**Marcus:** That’s the *Kiikelinkatu* area, I think. Or is it Pikisaari? Let me check the map… Ah, Pikisaari. An old-school artisan island. Wooden houses, artists living in 19th-century tar-processing warehouses. 

**Chloe:** An island of artists? Naturally, we must go. But first, we need coffee. I saw a sign back by the pedestrian street for something called *kahvila*. 

**Marcus:** Coffee is the only thing standing between my fingers and frostbite, so lead the way. But wait—look behind us. 

*(Chloe turns around. Across the water, the sun is beginning its rapid descent, casting a dramatic, fiery orange glow over the frozen-at-the-edges harbor and the flat horizon of the Bothnian Bay.)*

**Chloe:** *(Gasping softly)* Okay, you have to admit. London could never. 

**Marcus:** *(Already pulling out his camera)* Yeah. Okay, Oulu. You win. You’re pretty cool. For a freezing cold parking lot for bicycles. 

**Chloe:** Onward to coffee and art, my frozen American friend!"
78,oulu,factual,Gemini 3.5 Flash-Lite,What is the University of Oulu and what is it known for?,"The **University of Oulu** (Finnish: *Oulun yliopisto*) is a prominent public research university located in Oulu, Finland. Established in 1958, it is one of the largest universities in the country. Situated in Northern Finland, it plays a vital role as an academic, economic, and cultural hub for the northern region, operating with a strong focus on northern and Arctic issues.

Here is a breakdown of what the University of Oulu is best known for:

### 1. Global Leadership in Wireless Communications (6G and 5G)
Without a doubt, the university is most internationally famous for its pioneering work in wireless communication technologies. 
* **The birthplace of 6G:** Oulu is the global epicenter for 6G research. The university launched **“6G Flagship,”** the world’s first major 6G research program, funded by the Academy of Finland. 
* Researchers here laid much of the groundwork for modern 5G technology and are now leading the world in defining what 6G networks will look like and how they will be used by the 2030s.

### 2. Arctic and Northern Expertise
Because of its geographic location in northern Finland, the university has a natural focus on cold-climate research and circumpolar issues. It is known for:
* **Arctic research:** Studying ecosystems, climate change impacts in the north, and indigenous cultures (such as the Sami).
* **Northern engineering:** Developing technology, materials, and infrastructure that can withstand extreme cold and harsh northern environments.

### 3. Health and Biosciences
The university has a very strong medical faculty and is closely tied to the Oulu University Hospital. It is particularly well-known for:
* **Lifelong longitudinal studies:** Oulu is home to the *Northern Finland Birth Cohorts*, massive and globally unique health studies that have tracked the health, development, and lifestyles of tens of thousands of people born in the region in 1966 and 1986 over decades. This data has generated thousands of high-profile medical publications regarding genetics, obesity, mental health, and cardiovascular disease.
* Molecular medicine and biotechnology.

### 4. Information Technology and Software
Building on its telecommunications legacy, the broader IT and computer science departments are top-tier. Oulu is a major tech city (often called the ""Silicon Valley of Finland"" due to its history with companies like Nokia), and the university works in close partnership with local tech industries, startups, and global giants.

### 5. Education and Multidisciplinary Approach
The university consists of eight faculties, covering a wide range of subjects including education (Finland is world-famous for its teacher training, and Oulu has a prominent faculty for this), business, humanities, and science. It hosts around 13,000 students and 3,000 staff members, making it a vibrant, international academic community with degree programs taught entirely in English.

### Summary
If you mention the University of Oulu to an academic or tech expert anywhere in the world, they will likely think of **cutting-edge telecommunications (6G)** and **Northern/Arctic innovation**. Locally, it is celebrated as the primary engine of education, innovation, and economic growth in Northern Finland."
79,oulu,explanation,Gemini 3.5 Flash-Lite,Why can Oulu be a good location for winter sports and outdoor recreation?,"Oulu, located on the northwest coast of Finland by the Gulf of Bothnia, is often called the **""Capital of Northern Finland.""** While it is a thriving tech and university city, it is also a fantastic destination for winter sports and outdoor recreation. 

Here is why Oulu punches above its weight when it comes to winter adventures:

### 1. Reliable Winter Climate and Snow
* **Real Winters:** Unlike parts of Central Europe or southern Scandinavia where winters can be slushy or green, Oulu generally enjoys a reliable winter season from December through March. Temperatures regularly stay below freezing, ensuring proper snow and ice conditions.
* **The ""White Sea"":** The shallow waters of the Gulf of Bothnia freeze over in the winter, creating a unique coastal landscape of frozen sea ice that opens up recreational opportunities you can't get in inland cities.

### 2. World-Class Winter Biking (Even in Snow)
* **The Winter Cycling Capital:** Oulu is globally famous for its cycling infrastructure, but what makes it special is that this commitment to bikes doesn't stop in the winter. 
* **Plowed Paths:** The city meticulously plows and maintains hundreds of kilometers of bicycle paths year-round. This means outdoor enthusiasts can easily commute, explore, or go on long-distance fat-biking tours through snow-covered forests and along the coast on two wheels.

### 3. Extensive Skiing and Trail Networks
* **Cross-Country Skiing (Latu):** Cross-country skiing is a national obsession in Finland, and Oulu takes it seriously. The city maintains an extensive network of ski tracks that weave through forests, along rivers, and across frozen fields. Many of these tracks are lit, allowing for evening skiing during the dark polar winter.
* **Downhill Skiing:** While Oulu is relatively flat, there are local ski hills—such as **Ruskotunturi**—right in the city. It offers slopes for alpine skiing, snowboarding, and terrain parks, making it great for families and beginners. For bigger mountains, world-class resorts like Ruka and Levi are a few hours' drive away.

### 4. Unique Sea-Ice Recreation
* **Frozen Gulf Activities:** When the sea freezes, it acts as a massive natural playground. Locals and visitors walk, cross-country ski, and kick-sled (*potkukelkka*) directly on the frozen sea.
* **Ice Fishing (*Pilkkiminen*):** The frozen sea and nearby rivers offer prime spots for ice fishing, a deeply relaxing traditional Finnish pastime.
* **Fatbiking on Ice:** Riding a bike with oversized tires on the frozen sea ice out to the nearby islands (like Hailuoto) is an unforgettable adventure unique to this latitude.

### 5. Access to Stunning Nature and National Parks
* **Rokua UNESCO Geopark:** About an hour’s drive from Oulu is Rokua, a unique landscape of ancient sand dunes, pine forests, and kettle lakes formed by the ice age. In winter, it is a paradise for snowshoeing, cross-country skiing, and fat-biking in deeply serene wilderness.
* **Hailuoto Island:** Just a short ferry ride from Oulu is Hailuoto, the largest island in the Bothnian Bay. In winter, the ferry cuts through brash ice (or sometimes an ice road is built if the ice is thick enough), revealing a peaceful, snow-draped island culture with gorgeous coastal trails.

### 6. Northern Lights (Aurora Borealis)
* Because Oulu is located just south of the Arctic Circle, it offers excellent opportunities to see the Northern Lights. You don't even have to go far; heading just a few kilometers outside the city center to escape light pollution—such as along the coastline or near Lake Oulujärvi—gives you a great view of the auroras dancing over the snow.

### 7. The Finnish ""Winter Lifestyle""
* **Sauna and Ice Swimming:** Outdoor recreation in Oulu is deeply tied to wellness. After a day of skiing, fat-biking, or snowshoeing, locals love to visit public saunas (like Kiikku or Saana) and take a refreshing dip in the icy waters of the Gulf of Bothnia (avanto). 
* **Lighting and Atmosphere:** Even during the darkest months, the city is beautifully lit, and Finns embrace *sisu* (resilience and everyday grit), meaning the cold is never seen as a barrier to being outside—it’s just a matter of wearing the right layers. 

In short, Oulu is a great location for winter sports because it seamlessly blends **urban convenience with wild, arctic nature**, offering everything from high-tech winter cycling paths to traditional wilderness skiing and frozen sea adventures."
80,oulu,comparison,Gemini 3.5 Flash-Lite,Compare the climate of Oulu with the climate of a typical city in the southern United States.,"Comparing the climate of **Oulu, Finland** (located just south of the Arctic Circle in Northern Europe) with a **typical city in the Southern United States** (such as Atlanta, Georgia, or Houston, Texas) is a study in extremes. 

While Oulu is defined by its subarctic, high-latitude climate, the Southern U.S. is defined by a humid subtropical climate. Below is a detailed comparison across key meteorological categories.

---

### 1. Temperature and Seasons
*   **Oulu:** Winters are long, dark, and severely cold, with average January temperatures hovering around −10°C to −14°C (14°F to 7°F), though drops below −30°C (−22°F) are not uncommon. Summers are short and mild, with July highs averaging around 20°C (68°F). 
*   **Southern U.S.:** Winters are short and very mild. Average January highs in cities like Atlanta or Houston range from 13°Celsius to 17°C (55°F to 62°F), and true freezing temperatures are relatively rare and brief. Summers are long, intense, and oppressive, with July/August highs regularly exceeding 32°C to 35°C (90°F to 95°F).

### 2. Sunlight and Day Length (The Photoperiod)
This is one of the most dramatic differences, driven by latitude (Oulu is at roughly 65°N; the Southern U.S. is around 30°N to 35°N).
*   **Oulu:** Experiences extreme seasonal swings in daylight. In mid-winter (December), Oulu gets only about 3.5 to 4 hours of daylight, characterized by a perpetual twilight (""kaamos""). Conversely, in mid-summer (June), Oulu experiences the ""Midnight Sun,"" with nearly 24 hours of daylight.
*   **Southern U.S.:** Day length is much more moderate year-round. Winter days still offer about 10 hours of sunlight, and summer days peak at around 14 hours. 

### 3. Precipitation and Humidity
*   **Oulu:** Precipitation is moderate and spread fairly evenly throughout the year, totaling around 500–600 mm (20–24 inches) annually. Because of the cold, much of this falls as snow, and snow cover typically lasts from November/December until April. Summer air is crisp and comfortable.
*   **Southern U.S.:** Much wetter, with annual precipitation often exceeding 1,200 to 1,400 mm (48–55 inches). Rain falls year-round, often via heavy thunderstorms in the spring and summer. Furthermore, the Southern U.S. is notoriously humid, particularly in the summer, making the high temperatures feel much hotter due to high heat indices. 

### 4. Extreme Weather
*   **Oulu:** Severe weather is rare. The biggest weather hazards are extreme cold, heavy snowfall, and icy roads. Hurricanes, tornadoes, and severe thunderstorms do not occur.
*   **Southern U.S.:** Prone to significant severe weather events. The region frequently experiences severe thunderstorms, damaging straight-line winds, and tornadoes (especially in the spring). Coastal and inland areas are also vulnerable to tropical storms and hurricanes from summer through autumn, bringing torrential rain and destructive winds.

---

### Comparison Summary Table

| Climate Feature | Oulu, Finland | Typical Southern U.S. City (e.g., Atlanta/Houston) |
| :--- | :--- | :--- |
| **Climate Type** | Subarctic / Boreal | Humid Subtropical |
| **Average January Temp** | -11°C (12°F) | 10°C to 15°C (50°F to 59°F) |
| **Average July Temp** | 17°C (63°F) | 28°C to 30°C (82°F to 86°F) |
| **Winter Snow Cover** | Heavy, lasts 4–5 months | Rare/occasional, melts in days |
| **Summer Humidity** | Low to moderate (comfortable) | Very high (oppressive) |
| **Daylight Extremes** | Extreme (3.5 hrs in winter; nearly 24 hrs in summer) | Moderate (10 hrs in winter; 14 hrs in summer) |
| **Severe Weather Risks** | Extreme cold, heavy snow | Tornadoes, hurricanes, severe thunderstorms |

### The Human Experience
If you moved from Oulu to the American South, you would trade **dark, snowy, crisp winters and mild, bright summers** for **mild, green winters and sweltering, humid, sun-drenched summers**, while drastically altering your exposure to extreme weather (swapping snow shovels for air conditioning and hurricane preparedness)."
81,oulu,planning,Gemini 3.5 Flash-Lite,Suggest what clothes a visitor should pack for a January trip to Oulu.,"A January trip to Oulu, Finland, means experiencing a true **Nordic winter**. Located on the Gulf of Bothnia, Oulu in January is typically very cold, snowy, and dark (though the snow actually helps brighten things up). Temperatures regularly hover between **-5°C and -20°C (23°F to -4°F)**, and can occasionally drop even lower. Wind chill from the coast can also make it feel biting cold.

The golden rule for packing for Oulu in winter is **layering**. Here is a comprehensive packing list to keep you warm and comfortable:

---

### 1. The Layering System (Crucial)
*   **Base Layer (Thermal underwear):** Pack 2–3 sets. Merino wool or high-end synthetic materials (like polyester/polypropylene) are best. **Avoid cotton** for your base layer, as it absorbs moisture and makes you cold.
*   **Mid-Layer (Insulation):** 
    *   Fleece jackets or heavy wool sweaters.
    *   Thermal/fleece trousers or leggings to wear over your base layer.
*   **Outer Layer (Shell):** 
    *   A heavy-duty, windproof, and waterproof winter parka. 
    *   Insulated, windproof snow pants (especially if you plan on doing outdoor activities like cross-country skiing, snowmobiling, or walking by the sea).

### 2. Footwear
*   **Insulated Winter Boots:** Waterproof boots with thick rubber soles and good grip are essential. Look for brands like Sorel, Columbia, or Icebug. They should have enough room to fit thick socks without squeezing your feet (tight boots restrict blood flow and make your toes freeze).
*   **Socks:** Pack several pairs of thick wool or merino wool socks. Bring some thin liner socks to wear underneath to prevent blisters.

### 3. Head, Neck, and Hands
Heat escapes quickly from your extremities, so don't skimp here.
*   **Hat (Beanie):** A windproof wool or fleece-lined hat that covers your ears.
*   **Scarf or Neck Gaiter:** A fleece or merino wool neck warmer is much more practical than a long dangling scarf in the wind and snow.
*   **Gloves/Mittens:** 
    *   **Mittens** are significantly warmer than gloves because your fingers share body heat.
    *   Bring a thin pair of touchscreen-compatible gloves to wear underneath your heavy mittens so your skin isn't exposed when taking photos or using your phone.

### 4. Casual & Indoor Clothing
*   **Indoor wear:** Finns love their indoor heating, and buildings are very warm (around 21°C/70°F). Pack regular shirts, sweaters, and trousers that you can easily strip down to once you are indoors.
*   **Sleepwear:** Standard pajamas (hotels are cozy, but some older buildings can be drafty).
*   **Swimwear:** Essential if your hotel has a sauna, or if you plan on visiting a public sauna (and potentially trying ice swimming!).

### 5. Miscellaneous & Practical Items
*   **Sunglasses:** The low winter sun reflecting off the pristine white snow can be surprisingly blinding.
*   **Daypack:** A sturdy backpack to carry extra layers, a thermos, and your camera.
*   **Skin Care:** The air is very dry and cold. Bring a rich moisturizing face cream, lip balm with SPF/moisturizer, and hand cream. 
*   **Power Bank:** Extreme cold drains phone batteries very quickly. Keep your phone and power bank in an inside pocket close to your body heat.
*   **Reflectors (*Heijastin*):** January in Oulu has very few hours of daylight. Pedestrians in Finland are legally and practically required to wear reflective tags so cars can see them. You can buy cheap ones in Oulu, or buy a reflector vest/clip-on before you come.

---

### Pro-Tip: Can you rent gear there?
If you don't want to buy expensive arctic gear for a single trip, you can rent snowsuits, boots, and outdoor equipment in Oulu through local adventure companies or check if your activity provider includes gear in their tour price. However, having your own good base layers, hat, and gloves is a must from the moment you step off the plane!"
82,oulu,creative,Gemini 3.5 Flash-Lite,Describe what it feels like to walk through Oulu after a heavy snowfall.,"To walk through Oulu after a heavy snowfall is to step inside a living snow globe, where the industrial edges of this northern Finnish coastal city are gently erased by nature. 

The transformation begins with the sound—or rather, the profound silence. Heavy snow acts as a massive acoustic blanket. As you step outside, the usual hum of traffic, the crunch of gravel, and the clatter of bicycles are utterly muffled. Your own footsteps produce a satisfying, dense *crunch-swoosh* with every stride in the fresh powder. The air is remarkably crisp, biting the inside of your nose with a clean, sub-zero sharpness that wakes up every sense, carrying the faint, bracing scent of woodsmoke drifting from neighborhood chimneys.

Visually, the city is rendered in a stark, monochromatic palette of brilliant white and deep, charcoal grey, punctuated only by the amber glow of streetlamps. Oulu’s iconic red-brick architecture—like the historic buildings around the marketplace and the old wooden houses of Pikisaari—looks striking against the heavy drifts piled high against their foundations. 

Heading toward the waterfront of the Gulf of Bothnia, the landscape opens up into an arctic expanse. The sea is frozen over, merging seamlessly with the snow-covered shoreline, blurring the boundary between land and water. The famous wooden pedestrian bridges curve gracefully over the frozen river channels, heavily laden with pillows of snow that threaten to slide off in thick chunks.

Along the pedestrian streets in the heart of the city, the snowplows have been at work, carving towering white canyons through which people navigate. You pass bundled figures—locals unfazed by the weather, gliding effortlessly on winter tires, and children bundled into snowsuits like colorful little astronauts, pulling sleds behind them. 

Overhead, the sky is often a pale, milky twilight, even in the middle of the day during the darker months, casting a soft, diffuse light over everything. But if the clouds break, the low northern sun casts long, violet shadows across the pristine drifts, making the snow crystals sparkle as if millions of tiny diamonds have been scattered across the pavements.

Walking through Oulu in this stillness doesn't feel cold and isolating; instead, it feels remarkably peaceful—a gentle, enveloping stillness that invites you to slow your pace, breathe deeply, and appreciate the quiet majesty of the winter north."
83,oulu,factual,Gemini 3.5 Flash-Lite,What role does the Gulf of Bothnia play in Oulu's geography?,"The Gulf of Bothnia plays a defining role in Oulu’s geography, shaping everything from its physical landscape and climate to its economy, urban layout, and culture. As the northernmost arm of the Baltic Sea, the gulf is central to Oulu's identity as the ""Capital of Northern Scandinavia."" 

Here are the key roles the Gulf of Bothnia plays in Oulu’s geography:

### 1. Defining the Coastal Landscape and Topography
Oulu is situated on the eastern shore of the Gulf of Bothnia at the mouth of the Oulu River (*Oulujoki*). The meeting of the river and the sea creates a flat, low-lying coastal geography characterized by:
*   **Archipelagos and Estuaries:** The coastline features shallow bays, small islands, and a complex delta system where the Oulu River empties into the sea.
*   **Land Uplift (Post-Glacial Rebound):** Because the area was weighed down by massive ice sheets during the last Ice Age, the Earth's crust is still rebounding at a rate of nearly 1 cm per year. This ongoing geographical process means the coastline is constantly expanding outward, creating new shallows and turning former sea bays into lakes or wetlands over centuries.

### 2. Climate Moderation
While Oulu is located far north (at about 65°N, the same latitude as parts of northern Siberia and Iceland), the Gulf of Bothnia exerts a maritime moderating influence on its climate:
*   **Milder Winters:** The relatively warm water stored in the gulf during the summer helps temper the extreme cold of the subarctic winter winds coming from the east and north.
*   **Sea Ice:** During severe winters, the northern part of the gulf freezes over completely, heavily influencing local weather patterns, wind conditions, and winter activities like ice fishing and snowmobiling on frozen sea ice.

### 3. Economic and Trade Hub
Historically and modernly, the gulf has been Oulu's highway to the world:
*   **Port of Oulu:** The gulf provides access to international shipping routes. The Port of Oulu is one of the busiest ports in northern Finland, facilitating the export of forest products (paper and timber), steel, and heavy machinery, as well as the import of raw materials.
*   **Historical Fishing and Seafaring:** Before industrialization, the gulf was the primary source of sustenance (fishing) and the main transport route for connecting the northern interior of Finland to Sweden and the rest of Europe.

### 4. Urban Layout and Recreation
Oulu’s relationship with the sea heavily dictates how the city is built and how its residents live:
*   **Waterfront Integration:** Unlike some industrial port cities that turn their backs on the water, Oulu embraces the gulf. Neighborhoods like Toppila and the Kaukovainio/Hietasaari areas are intimately connected to the coast.
*   **Recreation:** The gulf’s shores provide vast areas for recreation. Nallikari Beach, located just a few minutes from the city center, is Oulu's most famous coastal resort, often called the ""Riviera of the North."" In summer, the shallow, sandy bays attract swimmers and sunseekers, while the frozen gulf in winter becomes a playground for cross-country skiers and walkers.

### 5. Ecosystem and Biodiversity
The northernmost part of the Gulf of Bothnia (often called the Bothnian Bay) has unique ecological characteristics due to its low salinity (it is brackish water, nearly fresh in some river estuaries). 
*   The mix of freshwater from the Oulu River and saltwater from the Baltic creates a unique brackish ecosystem supporting specialized fish species (such as Baltic herring, whitefish, and salmon that swim up the Oulu River to spawn).
*   The shallow coastal waters and surrounding wetlands are vital resting and breeding grounds for migratory birds.

In summary, the Gulf of Bothnia is not just a geographic border for Oulu; it is the ecological, economic, and cultural anchor that connects this high-latitude northern city to the Baltic region and the rest of the world."
84,oulu,explanation,Gemini 3.5 Flash-Lite,Explain why roads and bike paths in Oulu can remain usable during snowy winters.,"Oulu, a city in northern Finland located just south of the Arctic Circle, receives heavy snowfall and experiences sub-zero temperatures for months at a time. Yet, it is internationally renowned as a winter cycling paradise, with about 12% of all trips made by bicycle even in January. 

Oulu’s success in keeping its roads and bike paths usable during winter is not the result of magic, but rather a combination of **proactive municipal policy, specific engineering standards, a distinct clearing hierarchy, and a strong cultural acceptance of winter mobility.**

Here is a detailed breakdown of why Oulu’s winter maintenance system works so well:

### 1. The ""Winter Maintenance Model"" (The Priority System)
Oulu does not try to clear every single path at the exact same time. Instead, the city operates on a strict priority hierarchy:
* **First Priority:** Main commuter cycling routes and major arterial roads. These are cleared immediately when snow starts to fall.
* **Second Priority:** Local residential streets, secondary paths, and recreational routes.
* **The ""Goldilocks"" Approach:** Unlike many cities that clear bike paths *after* roads, Oulu often prioritizes major bike paths simultaneously with—or even ahead of—car roads during heavy snowfalls to encourage people to stick to sustainable transport.

### 2. The Sweeping Method (Brush-Clearing)
Perhaps Oulu’s biggest secret weapon is *how* they remove snow from bike paths. 
* Traditional snow removal involves scraping the snow down to the asphalt with a heavy metal plow, which often leaves a slick, icy layer that requires heavy salting or sanding.
* Oulu primarily uses **rotary brush tractors** (sweepers). Instead of scraping, these large rotating bristle brushes sweep the snow away down to the bare pavement. 
* Because the brush leaves almost no compacted snow behind, the paths dry out faster and require far less traction-control material (like gravel).

### 3. Minimal Use of Salt (Pro-Environmental and Pavement-Friendly)
In many parts of the world, winter maintenance relies heavily on road salt to melt ice. Salt is corrosive, destroys shoes and bicycles, ruins tires, and is terrible for the local environment and groundwater. 
* Oulu relies almost exclusively on **mechanical clearing** (plowing and brushing) rather than chemical melting. 
* When traction is needed on slippery ice, they spread small, washed stone chips (gravel) rather than salt. In the spring, the city sweeps up these stones and reuses them the following year.

### 4. Infrastructure and Urban Design
Oulu’s bike paths are designed to be maintainable. 
* **Width:** Unlike narrow sidewalks that are hard to clear with heavy machinery, Oulu’s main bike paths are wide (often 3 to 4 meters), allowing standard municipal tractors and sweepers to drive down them easily.
* **Separation:** Bike paths are physically separated from car roads. This means snow plows clearing the roads don't dump massive banks of heavy, dirty snow onto the bike paths (a common problem in cities with poorly designed bike lanes).
* **Drainage:** Good initial civil engineering ensures that melting snow drains away properly rather than pooling on paths and refreezing into sheets of black ice.

### 5. High Standards and Continuous Monitoring
Winter maintenance in Oulu is treated as a year-round logistical operation. 
* The city sets strict service level agreements (SLAs) for private contractors who handle the plowing. Contractors are monitored via GPS and are penalized if paths are not cleared within a specific timeframe after a snowfall begins (often requiring paths to be cleared while it is still snowing if accumulation is heavy).
* Weather monitoring stations across the city provide real-time data on temperature, humidity, and precipitation, allowing maintenance crews to deploy preventative measures (like anti-skid brushing) before commuters hit the road.

### 6. Culture and the ""Winter Cyclist"" Mindset
Finally, infrastructure only works if people use it. In Oulu, there is a local saying: **""There is no bad weather, only bad clothing.""** 
Because the city consistently delivers high-quality winter maintenance, citizens trust that the paths will be rideable. This creates a positive feedback loop: the city clears the paths, people keep cycling, and the high volume of winter cyclists helps pack down any residual light snow, making the paths even easier to maintain. 

By treating cycling infrastructure as an essential public service—just like public transit or road networks—Oulu proves that winter weather is not a barrier to active transportation."
85,oulu,comparison,Gemini 3.5 Flash-Lite,Compare student life in Oulu with student life in a large European capital.,"Comparing student life in **Oulu, Finland**, with that of a **large European capital** (such as Berlin, Paris, London, or Madrid) is a study in contrasts. You are looking at a trade-off between the cozy, nature-infused, highly structured Nordic student bubble and the chaotic, culturally rich, fast-paced urban experience of a metropolis. 

Here is a detailed comparison across key aspects of student life.

---

### 1. Campus, City, and Environment
* **Oulu:** Oulu is a mid-sized Finnish city known as the ""capital of Northern Scandinavia."" It’s flat, incredibly bike-friendly, and surrounded by pine forests and the sea. The main university campus (Linnanmaa) is mostly self-contained, and nature is never more than a 5-minute walk away. 
* **Large Capital:** Universities are often decentralized, spread across historic or modern districts. Your commute might involve 45 minutes on a crowded metro or bus. Green spaces exist (like Hyde Park in London or Tiergarten in Berlin), but the dominant aesthetic is concrete, architecture, and urban hustle.

### 2. Cost of Living and Housing
* **Oulu:** Highly manageable. Through the Student Housing Foundation (PSOAS), students easily find affordable, high-quality apartments. Public transport is reliable, but most students just cycle year-round. Eating out is expensive (as it is across Finland), but student canteens offer heavily subsidized, nutritious meals for around €2.70.
* **Large Capital:** A massive stress point. Finding housing in cities like Paris, Dublin, or Amsterdam can take months and consumes a huge portion of a student's budget. Rent is exorbitant, often requiring shared rooms or tiny studios. Transport passes are costly, though student discounts apply. 

### 3. Social Life and Community
* **Oulu:** The student community is tight-knit and centered around *kilta* (guilds) based on your major. Because Oulu is a true ""student city"" during the academic year, the social life is very inclusive. Parties often happen in student village common rooms or campus bars. Traditional Finnish student culture—complete with colorful overalls (*haalarit*) and rowdy sit-down dinners (*sitsit*)—dominates.
* **Large Capital:** Social life is decentralized and infinite. You aren't bound to a ""student bubble""; instead, you mix with young professionals, artists, and tourists. There are endless museums, underground clubs, indie gigs, and diverse communities. However, making deep connections can be harder because people are spread out and busy navigating the city.

### 4. Nature, Seasons, and Well-being
* **Oulu:** Weather defines the lifestyle. Winters are long, dark, and sub-zero, but students embrace it through cross-country skiing, ice swimming, and chasing the Northern Lights. The flip side is the Arctic summer: endless daylight (Midnight Sun) where people barbecue and swim in lakes at 2 AM. The air quality is pristine, and the pace of life is low-stress.
* **Large Capital:** Winters are milder (though often grey and rainy), and summers are vibrant with street festivals and outdoor cafe culture. However, nature feels further away. City life can be overstimulating, noisy, and pollution-heavy, which can contribute to higher rates of urban burnout.

### 5. Academic Culture
* **Oulu (University of Oulu):** Highly egalitarian, informal, and digitalized. Professors and students are on a first-name basis. The academic culture values independent study, teamwork, and work-life balance. Burnout is actively combated by the university's support systems.
* **Large Capital:** Often more traditional, prestigious, and competitive (especially in historic universities like Sorbonne or LSE). Classes can be massive lecture halls where you are just a number. However, capitals offer unparalleled networking opportunities, guest lectures by global leaders, and proximity to major corporate headquarters and international organizations.

### 6. Travel and Connectivity
* **Oulu:** Oulu has an international airport with daily flights to Helsinki, connecting you to the world, and a train station. However, spontaneous weekend trips abroad are harder and more expensive.
* **Large Capital:** You are a hub. Budget airlines, high-speed trains (like Eurostar or TGV), and major international airports mean you can spend a weekend in a different country for €50. 

---

### Summary: Which is better?

* **Choose Oulu if:** You want a peaceful, safe, nature-connected student experience with guaranteed affordable housing, a strong sense of community, and a focus on well-being and outdoor adventures. It’s ideal for deep focus and experiencing authentic Nordic living.
* **Choose a Large Capital if:** You thrive on FOMO (fear of missing out), cultural diversity, fast-paced networking, career opportunities, and endless urban entertainment, and you don’t mind paying a high price (financially and mentally) for rent and chaos."
86,oulu,planning,Gemini 3.5 Flash-Lite,Plan an active outdoor weekend in the Oulu region.,"Oulu is known as the **“Capital of Northern Finland”** and is one of the most bicycle-friendly and nature-connected cities in the country. With the sea, rivers, lush islands, and nearby national parks, it’s a fantastic playground for an active outdoor weekend. 

Here is a ready-to-go itinerary for an action-packed, nature-filled weekend in the Oulu region, designed from **Friday evening to Sunday afternoon**.

---

### **The Vibe:** 
Fatbiking, hiking, paddling, island-hopping, and wood-fired saunas.

---

### **Day 1: Friday – Coastal Cruise & Urban Adventure**
*Get your bearings, grab a bike, and explore Oulu’s unique coastal geography.*

*   **Late Afternoon:** Arrive in Oulu and check into your accommodation (e.g., *Radisson Blu Hotel Oulu* right by the waterfront, or a cozy cottage rental).
*   **17:00 – 19:30 | Sunset Fatbike Ride:** 
    *   Rent fatbikes from a local shop (like *Toivalan Urheilu* or *Safarinet*). 
    *   Cycle across Oulu’s famous network of wooden pedestrian and cyclist bridges connecting the city center to **Hupisaaret Islands** (a lush park of delta streams and arboretums). 
    *   Continue to the **Nallikari Beach** area to catch the sunset over the Gulf of Bothnia.
*   **20:00 | Dinner by the Sea:** 
    *   Eat at **Nallikari Bistro**, enjoying modern Nordic food with sea views, or head back to the historic Market Hall (*Kauppahalli*) for local fish delicacies.

---

### **Day 2: Saturday – Island Hopping & Sea Paddling**
*Head out into the Bothnian Bay National Park waters for a full day of active exploration.*

*   **08:30 – 09:30 | Breakfast & Gear Up:** Pack a picnic lunch and head to **Hailuoto** (the largest island in the Bothnian Bay) via the free public ferry from Oritkari (about a 30-minute drive south of central Oulu). *Note: The ferry takes about 30 minutes.*
*   **10:30 – 14:00 | Hike the Hailuoto Wilderness:**
    *   Hailuoto is a stunning, otherworldly island with sand dunes, pine forests, and inland lakes. 
    *   Hike the **Kirkkosalmi Bird Watching Trail** or head out to **Marjaniemi Lighthouse** at the western tip of the island to walk the windswept shores.
*   **14:30 – 17:00 | SUP Boarding or Sea Kayaking:**
    *   Head back to the mainland and go to **Nallikari** or the **Oulu River delta**. 
    *   Rent Stand-Up Paddleboards (SUP) or sea kayaks. Paddle through the calm river channels or out into the bay, exploring hidden coves and bird-rich wetlands.
*   **18:30 – 21:00 | Sauna & Cold Plunge:**
    *   Experience traditional Finnish sauna culture at **Sauna Kukka** or **Kiikku Sauna** (or check if your accommodation has one). 
    *   Take a refreshing dip in the sea or river to complete the Nordic ritual.
*   **21:00 | Dinner:** Try **Restaurant Toripolliisi** near the market square for hearty Lappish fare like reindeer steak or pan-fried local whitefish.

---

### **Day 3: Sunday – Deep Forest & Rapid Rivers**
*Venture inland to experience Oulu’s wild taiga forests and rushing rapids.*

*   **08:30 – 09:30 | Drive to Koiteli (Koitelinkoski):** 
    *   Drive about 30 minutes northeast of Oulu to **Kiiminki** to see the **Koiteli rapids** (*Koitelinkoski*).
*   **09:30 – 12:30 | Trail Running or Hiking & Open-Fire Brunch:**
    *   Koiteli is a gorgeous area of wild rapids, rocky riverbanks, and pine forests connected by picturesque wooden suspension bridges. 
    *   Run or hike the well-marked trails along the river. 
    *   *Highlight:* Make use of the public campfire sites (*laavu*). Grab some sausages (*makkara*) and coffee from your pack and grill them over an open fire provided on-site.
*   **13:30 – 15:30 | Optional Adrenaline Boost (White-Water Floating):**
    *   Depending on the season, book a guided **white-water floating** session in the nearby rivers. Equipped with thick rescue wetsuits and life jackets, you safely float down the gentle rapids, spinning in the current—a uniquely exhilarating Finnish experience.
*   **16:00 | Return to Oulu:** Head back to the city, grab a final coffee at a local café like *Muru*, and depart for home.

---

### **Practical Tips for Your Trip:**
*   **Getting Around:** While you can easily explore central Oulu and Hupisaaret by bike, having a **rental car** is recommended for getting to Hailuoto and Koitelinkoski efficiently.
*   **Seasonality:** 
    *   *Summer/Autumn (June–September):* Perfect for biking, kayaking, hiking, and midnight sun/foliage.
    *   *Winter (December–March):* Swap the bikes and SUPs for **cross-country skis, snowshoes, and kick-sleds** (*potkukelkka*), and trade paddling for ice-fishing or a frozen-sea safari.
*   **Gear:** Pack layers, windproof/waterproof outerwear, and comfortable trail shoes or hiking boots. Oulu weather by the sea can change quickly!"
87,oulu,creative,Gemini 3.5 Flash-Lite,Imagine Oulu fifty years in the future and describe how the city might look.,"Fifty years in the future, the year is 2074. Oulu—long known as the ""Capital of Northern Scandinavia"" and a pioneer in technology—has undergone a metamorphosis. Driven by the pressures of climate change, advances in green tech, and a cultural renaissance rooted in its Arctic heritage, Oulu is a seamless blend of hyper-advanced urbanism and pristine sub-arctic nature.

Here is a glimpse into Oulu in 2074:

### 1. The Climate-Adaptive Skyline and Architecture
Oulu’s architecture is a testament to resilience and sustainability. Winters are milder than in the 2020s, but weather extremes are more common. 

*   **The Wooden Renaissance:** Returning to its roots as a historic tar-exporting and wooden-boat-building hub, most new mid-rise buildings are constructed from cross-laminated timber (CLT) treated with non-toxic, bio-based fire retardants. These buildings ""breathe,"" regulating indoor humidity and capturing carbon.
*   **Thermo-Glass Domes:** The city center features several interconnected climate-buffered public squares. Covered by smart, self-cleaning photovoltaic glass domes, these spaces protect citizens from harsh winter winds and heavy snow, allowing lush, sub-tropical flora to thrive year-round in communal indoor parks.
*   **Adaptive Retrofitting:** Iconic 20th-century brutalist and concrete structures have been ""wrapped"" in living vertical gardens and kinetic solar-skin panels that track the low Arctic sun.

### 2. Mobility: The Ultimate Winter Cycling City, Evolved
Oulu was famous for its winter cycling culture in the 2020s; in 2074, it is legendary.

*   **Geothermally Heated Arteries:** The city’s famous network of cycling paths is now embedded with closed-loop geothermal piping. Powered by surplus data-center heat and deep geothermal wells, the paths are permanently ice-free, maintaining a comfortable +5°C surface temperature even in January.
*   **Aero-Pods and Autonomous Transit:** Traditional cars are banned within the inner ring road (the *Baana*). Instead, personal mobility relies on lightweight, gyroscopic ""Aero-Pods"" that hover slightly above magnetic tracks during winter, or autonomous electric ferries that navigate Oulujoki’s year-round ice-free channels.
*   **The Sky-Bridge Network:** Pedestrians and cyclists utilize a network of glowing, enclosed bridges that connect the university campus, the Linnanmaa tech hub, and the coastal districts, offering panoramic views of the Gulf of Bothnia.

### 3. Energy, Tech, and the ""Borealis Grid""
Oulu’s identity as a tech powerhouse has matured into eco-cybernetics. 

*   **AI-Managed Ecosystems:** An overarching artificial intelligence, affectionately called *Ohto* (derived from the ancient Finnish word for bear), manages the city's micro-grids. It predicts weather shifts, optimizes district heating, and controls autonomous snow-clearing drones that maintain the outer wilderness trails.
*   **Data-Heat Harvesting:** Oulu is a major node in the pan-Arctic quantum computing network. Massive subterranean data centers heat nearly 60% of residential homes through advanced district-heating loops, creating a circular energy economy where computing power directly translates into warm water and cozy homes.

### 4. Nature and Urban Coexistence
Rather than pushing nature back, Oulu has invited the wilderness into its streets.

*   **The Rewilded Delta:** The mouth of the Oulujoki River has been re-engineered into a bio-filtering wetland. Autonomous bio-bots constantly monitor water purity, and salmon populations have rebounded to historic 19th-century levels, right through the heart of the city.
*   **Midnight Aurora Plazas:** Public lighting is minimal and responsive. Streetlights use soft, bioluminescent fungi embedded in roadside trees, which glow a gentle blue-green during the polar night, reducing light pollution and allowing the Northern Lights to shine brilliantly overhead, even in urban areas.

### 5. Culture and Daily Life
Life in Oulu in 2074 is defined by the concept of *Sisu* meeting *Kalesy* (comfort). 

*   **The Sauna Culture 2.0:** Public saunas remain the social glue of the city. Floating, solar-powered saunas drift along the frozen coast of Nallikari, featuring glass walls that offer views of ice-breakers carving paths through the sea while bathers cool off in climate-controlled polar plunge pools.
*   **Hybrid Cuisine:** Food is hyper-local and high-tech. Vertical urban farms integrated into office buildings produce Arctic berries, leafy greens, and mushrooms year-round, complemented by traditional sustainably-harvested fish and wild game.

In 2074, Oulu has solved the paradox of the modern Arctic city. It is a place where you can step out of a cutting-edge quantum research lab into a silent, snow-draped pine forest, connected seamlessly by warmth, light, and community."
88,oulu,reasoning,Gemini 3.5 Flash-Lite,What advantages and disadvantages come with living in a northern city like Oulu?,"Living in a northern city like **Oulu, Finland**—often dubbed the ""Capital of Northern Scandinavia"" and a major global tech hub—comes with a unique set of lifestyle trade-offs. Because of its high latitude (about 65°N), life here is heavily influenced by dramatic seasonal shifts, technological advancement, and a distinct Nordic culture.

Here is a breakdown of the advantages and disadvantages of living in a city like Oulu:

---

### **Advantages**

#### 1. Exceptional Nature and Outdoor Recreation
* **Endless Outdoor Activities:** In winter, Oulu offers world-class cross-country skiing, ice skating on the frozen Baltic Sea, snowshoeing, and even winter cycling (thanks to a famous, heavily maintained network of bike paths). In summer, the long days are perfect for kayaking, hiking, swimming in forest lakes, and island hopping in the Gulf of Bothnia.
* **Proximity to Wilderness:** True pristine wilderness (like Riisitunturi orio Hossa National Parks) and the Lapland fells are within a few hours' drive. 
* **Clean Air and Water:** Finland consistently ranks as having some of the cleanest air and tap water in the world, and living in Oulu allows you to experience this away from massive megacity pollution.

#### 2. High Quality of Life and Infrastructure
* **Safety and Low Crime:** Like most of Finland, Oulu is exceptionally safe. You can walk alone at night without major safety concerns, and the society is built on high levels of trust.
* **World-Class Cycling Culture:** Oulu is famous for being a ""winter cycling city."" It has hundreds of kilometers of interconnected, well-lit bicycle paths that are cleared of snow before the roads are, making it easy to bike year-round.
* **Family-Friendly:** Excellent public education, subsidized childcare, reliable healthcare, and family-oriented urban planning make it an ideal place to raise children.

#### 3. Economic Dynamism (The ""Silicon Valley"" of the North)
* **Tech Hub:** Oulu is a powerhouse in telecommunications, software, and health technology. Home to companies like Nokia and a spin-off ecosystem from the University of Oulu, the city punches well above its weight class for high-tech jobs.
* **Innovation & 6G Research:** The city is a global leader in wireless technology research (pioneering 5G and now 6G development).

#### 4. The Midnight Sun and Polar Light
* **Summer Brightness:** In June and July, Oulu experiences the ""Midnight Sun."" The nights are bright and glowing, creating a vibrant social outdoor culture, outdoor cafes, and festivals that run deep into the night.
* **Northern Lights (Aurora Borealis):** Because of its latitude, you can frequently see the Northern Lights dancing across the sky right from the city limits during clear winter nights.

---

### **Disadvantages**

#### 1. Extreme Seasonal Contrast (Darkness and Cold)
* **The Polar Night (Kaamos):** In mid-winter, the days are very short, with only a few hours of twilight around midday. Combined with heavy snow cover and overcast skies, the darkness can be mentally challenging and can lead to Seasonal Affective Disorder (SAD) or vitamin D deficiency if not actively managed.
* **Bitter Cold:** Winter temperatures regularly drop below -20°C (-4°F), and occasionally hit -30°C (-22°F) or lower. Proper gear is an absolute necessity, and simple tasks (like starting a car or walking the dog) require preparation.

#### 2. Social and Cultural Adaptation
* **The ""Finns are Shy"" Stereotype:** While people in Oulu are famously polite, honest, and helpful, breaking into local social circles can take time. Finns generally value personal space and quiet, which can feel isolating for newcomers from more extroverted cultures.
* **Language Barrier:** While Oulu has a growing international community due to the university and tech sector, Finnish is still the dominant language. While many Finns speak excellent English, finding a job outside of tech or academia without speaking Finnish can be very difficult.

#### 3. Geographic Isolation and Travel Costs
* **Distance:** Oulu is about 600 km (370 miles) north of Helsinki. While it has an international airport and good train connections, traveling internationally usually requires a layover in Helsinki, making travel more expensive and time-consuming.
* **Higher Cost of Living for Imports:** Fresh produce (especially in winter) and certain imported goods can be expensive due to transportation costs and Finland's high taxation model.

#### 4. Mosquitoes and Midges
* **Summer Pests:** While winter is freezing, the brief summer brings swarms of mosquitoes and biting midges (mäkäräiset) in forested areas and near wetlands. Enjoying nature in June and July often requires insect repellent.

---

### **Summary Verdict**
Living in Oulu is fantastic if you value **safety, career opportunities in tech, outdoor recreation, and a peaceful, family-oriented lifestyle**, and you don't mind embracing the cold and dark winters. However, if you thrive on non-stop urban buzz, cultural diversity, and year-round warmth, the long winters and quiet pace of life may feel challenging."
89,oulu,explanation,Gemini 3.5 Flash-Lite,Explain how extreme seasonal daylight differences could affect daily routines in Oulu.,"Oulu, Finland, located at approximately 65°N latitude just south of the Arctic Circle, experiences some of the most dramatic seasonal shifts in daylight on the planet. These extremes—brilliant, nearly 24-hour sunlight in summer and deep, prolonged darkness in winter—fundamentally shape the daily routines, habits, and psychology of its residents. 

Here is how these extreme daylight differences affect daily life in Oulu:

---

### 1. Summer: The Era of the Midnight Sun (May to July)
In mid-summer, Oulu experiences ""white nights,"" where the sun dips below the horizon for only a few hours, leaving the night sky filled with a perpetual twilight (dusk merging directly into dawn).

* **Disrupted Sleep Schedules:** The sheer abundance of light can trick the human brain into staying awake. Blackout curtains (möpöt) are a mandatory household item. Despite this, summer in Oulu is notorious for sleep deprivation, as people feel compelled to stay outside enjoying the weather.
* **The ""Seize the Day"" Mentality:** Locals know how fleeting the Nordic summer is. Daily routines shift heavily toward the outdoors. After-work activities—such as grilling, cycling, swimming in the Gulf of Bothnia, or hiking—frequently extend late into the night. It is common to see people playing tennis or jogging at midnight in broad daylight.
* **Socializing and Café Culture:** Patios and terraces come alive. Social life moves outside, and festivals, concerts, and community events run late into the evening without the pressure of an impending curfew of darkness.
* **Agricultural and Gardening Rhythms:** The 24-hour sunlight causes plants to grow rapidly. Gardeners and farmers in the region often tend to their plots late at night, taking advantage of the cool, quiet, sunlit hours.

---

### 2. Winter: The Reign of Polar Night (November to January)
Conversely, winter brings the ""Kaamos"" (polar night/dark period). At the winter solstice, Oulu receives only about 3.5 to 4 hours of daylight, characterized by a low, weak sun skimming the horizon, casting a perpetual sunrise/sunset glow (blue hour) before plunging into pitch blackness by mid-afternoon (around 2:30 PM).

* **Artificial Light and Vitamin D Management:** Daily routines are dictated by indoor lighting. Homes, offices, and public spaces are heavily lit. Because natural sunlight is insufficient for vitamin D synthesis, daily supplementation becomes a standard part of the health routine, often paired with sitting in front of SAD (Seasonal Affective Disorder) light therapy lamps.
* **Commuting in the Dark:** Both the morning commute to work/school and the afternoon return happen in pitch blackness. Oululaiset (residents of Oulu) rely heavily on reflective gear (*heijastin*) attached to their clothing and dogs to remain visible to drivers on icy, dark roads.
* **Shifting Energy Levels and Mood:** The lack of light often induces lethargy. Many Oulu residents report lower energy levels in December and January. However, rather than succumbing to depression, the culture embraces *sisu* (resilience) and *hygge* (coziness—known in Finnish as *kotoilu*). Evenings are spent indoors with candles, wool socks, hot berry juice, and saunas.
* **Winter Sports as a Coping Mechanism:** To combat cabin fever, outdoor routines pivot to winter activities. Oulu features extensive networks of illuminated ski tracks (*latu*). People make a conscious effort to get outside during the brief midday twilight hours for a walk or ski to absorb whatever natural light is available.

---

### 3. Spring and Autumn: Dramatic Transitions
The periods of the equinox (March-April and September-October) are times of rapid change, where the amount of daylight shifts by up to 6 to 8 minutes *per day*.

* **Psychological Whiplash:** Spring brings an explosive psychological recovery. As the snow melts and the sun returns for hours on end, daily routines instantly brighten. People flood the streets wearing sunglasses as early as February/March, even when temperatures are well below freezing, simply to soak up the rays.
* **Transitioning the Body Clock:** Twice a year, routines must adapt rapidly to shifting sleep schedules. In autumn, the sudden onset of darkness requires a recalibration of energy, signaling the body to slow down, while spring demands an injection of energy as social calendars fill back up.

---

### Summary: Adaptability as a Way of Life
Ultimately, extreme seasonal daylight teaches Oulu's residents extreme adaptability. Daily routines are not fixed year-round; rather, life in Oulu is cyclical. Summer is high-energy, outdoor-centric, and communal, while winter is introspective, slow-paced at home, and illuminated by warm indoor lights and glowing white snow."
90,oulu,planning,Gemini 3.5 Flash-Lite,Create a list of activities for someone spending one week in Oulu in February.,"Spending a week in Oulu in February is the ultimate authentic Finnish winter experience. Located on the Gulf of Bothnia, Oulu is known as the ""Capital of Northern Finland."" In February, the landscape is typically blanketed in snow, the sea is frozen, and the days are getting noticeably longer, offering crisp, sunny winter weather. 

Here is a curated 7-day itinerary designed for someone spending a week in Oulu in February.

---

### **Day 1: Arrival & City Winter Walk**
*   **Morning/Afternoon:** Arrive in Oulu and check into your hotel. Pick up a good set of winter boots and warm layers. 
*   **Afternoon:** Head to the **Market Square (Kauppatori)** to see the iconic **Bobby the Policeman statue** (Toripolliisi), usually sporting a realistic hat of snow in February. Explore the historic red salt warehouses, which now house restaurants, cafes, and small shops.
*   **Evening:** Walk across the pedestrian bridge to **Kiikelinkallio** for views of the frozen harbor. Enjoy a cozy dinner featuring local specialties like *lohikeitto* (creamy salmon soup) or reindeer meat.

### **Day 2: Fatbiking on Frozen Seas & Nallikari Beach**
*   **Morning:** Rent a **Fatbike** (a mountain bike with oversized tires designed for snow and ice) from a local outfitter. Ride out to **Nallikari Beach**, Oulu’s famous recreational area. 
*   **Afternoon:** In February, the sea off Nallikari freezes solid. You can actually cycle, walk, or cross-country ski *on top* of the frozen Gulf of Bothnia. Visit the **Nallikari Lighthouse**, which looks stunning surrounded by ice and snow.
*   **Evening:** Warm up at one of Nallikari’s seaside cafes with hot berry juice (*glögi*) or coffee and a Finnish cinnamon bun (*korvapuusti*). 

### **Day 3: Day Trip to Hailuoto Island**
*   **Morning:** Take a short drive and the **ferry to Hailuoto**, the largest island in the Bothnian Bay. In February, the ferry route is often cut through thick sea ice, which is an experience in itself (sometimes you can even drive across the ice road if the winter is exceptionally cold!).
*   **Afternoon:** Explore Hailuoto’s tranquil winter landscapes. Visit the picturesque **Marjaniemi Lighthouse** at the western tip of the island. The contrast of the red-and-white lighthouse against the endless white snow and dark sea is breathtaking.
*   **Evening:** Return to Oulu for a relaxing evening and dinner.

### **Day 4: Science, Culture & Indoor Relaxation**
*   **Morning:** Spend the morning at **Löylytuikkula or a local spa** to experience Finnish sauna culture. (If you’re feeling brave, try combining it with an ice-dip!)
*   **Afternoon:** Visit **Tietomaa**, the science center (check ahead for current exhibits), or explore **Oulu Museum of Art (OMA)** and the **Northern Ostrobothnia Museum** to learn about local history, Sami culture, and regional art.
*   **Evening:** Take a stroll down **Kirkkokatu** (Church Street), which is beautifully lit with winter illuminations. Have dinner at a gastropub in the city center.

### **Day 5: Cross-Country Skiing & Winter Nature**
*   **Morning:** Oulu has an incredible network of cross-country skiing tracks (*ladut*). Rent skis at a local shop (like Ouluhalli or Nallikari) and hit the trails. The **Ainola Park** area and the forests around the university offer great, accessible tracks.
*   **Afternoon:** Visit **Ainola Park** right in the city center. Walk across the bridges to the small islands, feed the winter birds, and visit the Oulu Botanical Gardens (located a bit further north at the Linnanmaa campus, featuring lush tropical greenhouses that offer a warm escape from the February chill).
*   **Evening:** Seek out a local restaurant serving *muikku* (fried vendace, a small local fish served with garlic mayonnaise and mashed potatoes).

### **Day 6: Northern Lights Hunt & Wilderness Excursion**
*   **Morning/Afternoon:** Book a guided snowshoeing or snowmobiling tour just outside the city. Areas like Sanginjoki or the surrounding forests offer pristine winter wilderness.
*   **Night:** February is a great time to see the **Aurora Borealis (Northern Lights)**. Because Oulu experiences light pollution in the center, book a guided Aurora hunting tour that takes you away from the city lights into the dark countryside, or rent a car and drive north toward Kiiminki or Yli-Ii. 

### **Day 7: Souvenir Shopping & Farewell**
*   **Morning:** Spend your final morning shopping for local Finnish design and souvenirs. Check out **Taito Shop Oulu** for local handicrafts, woolen items, and local delicacies like cloudberry jam (*lakkahillo*).
*   **Afternoon:** Enjoy a leisurely lunch at the Market Hall (Kauppahalli), which has been operating since 1901, before heading to the airport or train station for your departure.

---

### **Tips for Oulu in February:**
*   **Clothing:** Layering is essential. You’ll need thermal base layers, a fleece or wool mid-layer, a wind- and waterproof winter jacket, snow pants, warm mittens, a beanie, and a scarf. 
*   **Footwear:** Insulated winter boots with good grip (or ice cleats/studs for your shoes) are a must, as paths can be icy.
*   **Daylight:** February brings rapidly increasing daylight (roughly 7 to 9 hours of daylight), giving you plenty of time for outdoor activities during the day and dark skies for Northern Lights hunting at night."
91,finland,factual,Gemini 3.5 Flash-Lite,What is Finland best known for internationally?,"Globally, Finland is best known for its exceptionally high standard of living, unique culture, technological contributions, and pristine natural environment. 

Here are the things Finland is most famous for internationally:

### 1. Education and Happiness
* **The Education System:** Finland’s school system is world-famous. It consistently ranks near the top globally in PISA scores, yet it operates with very little homework, no standardized testing for most of schooling, and a heavy emphasis on play and equality.
* **The Happiest Country in the World:** For seven consecutive years (2018–2024), Finland has been ranked the number one happiest country in the world by the United Nations' World Happiness Report. This is attributed to high levels of trust in society, freedom, safety, and a strong social safety net.

### 2. Sauna Culture
* Sauna is a central pillar of Finnish culture. With an estimated 3.3 million saunas for a population of 5.6 million, they are everywhere—in homes, offices, hotels, and even Parliament. In 2020, Finnish sauna culture was added to UNESCO’s Intangible Cultural Heritage list. 

### 3. Nature and the Great Outdoors
* **The Land of a Thousand Lakes:** Finland actually has around 188,000 lakes and vast tracts of boreal forest (taiga), covering over 70% of the country.
* **The Northern Lights and Midnight Sun:** In Lapland, visitors can see the Aurora Borealis in winter and experience the ""Midnight Sun"" (24 hours of sunlight) in summer.
* **Everyman’s Right (*Jokamiehenoikeus*):** This unique law gives everyone the right to roam freely through Finland’s forests and countryside, foraging for wild berries and mushrooms, as long as they respect nature.

### 4. Innovation and Technology
* **Nokia:** Once the undisputed king of mobile phones, Nokia is a Finnish company and remains a major global player in telecommunications infrastructure.
* **Linux:** The world's most popular open-source operating system kernel was created by Finnish software engineer Linus Torvalds in 1991.
* **Design:** Finland is a powerhouse in design, best known internationally for the fashion and home goods brand **Marimekko** and glassware maker **Iittala**, as well as the architectural work of Alvar Aalto.

### 5. Quirky Pop Culture and National Stereotypes
* **Heavy Metal Music:** Finland has more heavy metal bands per capita than almost any other country in the world. It is also famous for inventing ""Air Guitar World Championships.""
* **Wacky Sports:** Finland hosts bizarre international competitions, such as Wife-Carrying, Swamp Soccer, and Mobile Phone Throwing.
* **Sisu:** A uniquely Finnish cultural concept that roughly translates to stoic determination, grit, bravery, and resilience in the face of extreme odds.

### 6. Holidays and Traditions
* **The Home of Santa"":{""** Officially and culturally, Finland (specifically Rovaniemi in Lapland) is known worldwide as the official hometown of Santa Claus (*Joulupukki*), where his ""main post office"" operates year-round.
* **Moomins:** Created by author and artist Tove Jansson, these adorable, hippo-like troll creatures are beloved internationally in books, cartoons, and merchandise. 

### 7. Geopolitics and Neutrality
Recently, Finland has gained significant international attention for its foreign policy shift—ending decades of military non-alignment to officially join **NATO** in April 2023 following Russia's invasion of Ukraine."
92,finland,explanation,Gemini 3.5 Flash-Lite,Explain Finnish sauna culture to someone from the United States.,"To understand the Finnish sauna, you first have to unlearn almost everything you know about American hotel saunas, gym steam rooms, or trendy infrared sweat boxes. 

In the U.S., a sauna is often viewed as a luxury, a post-workout wellness trend, or an intimidating wooden box where you sit silently and sweat until you feel dizzy. 

In Finland, the sauna (*savuna*) is a cultural cornerstone, a social institution, a spiritual sanctuary, and a way of life. With an estimated 3.3 million saunas for a population of 5.5 million, they are everywhere: in apartments, summer cottages, office buildings, Parliament, and even floating on the sea. 

Here is how a bewildered American can understand the wonderful, steaming world of Finnish sauna culture.

---

### 1. It’s Not About Luxury; It’s About Equality
In America, spa culture can feel exclusive and expensive. In Finland, the sauna is radically democratic. Historically, the sauna was the cleanest, warmest place in the house—often where babies were born and the deceased were washed. Because of this, it is treated as a neutral, sacred space. 

When you step into a Finnish sauna, social status is left at the door. Politicians, CEOs, construction workers, and academics sit naked and equal on the benches. Traditionally, arguing or talking about work in the sauna is strictly forbidden. It is a place for peace, honesty, and mental decompression.

### 2. The Golden Rules of Etiquette
If you are invited to a Finnish sauna, there are a few unwritten rules you need to know to avoid stepping on cultural toes:

*   **Nudity is normal:** Yes, you go in completely naked. Towels are usually sat upon for hygiene, not worn inside. To an American, this can feel terrifyingly vulnerable, but nobody is looking at your body. They are looking at the stove or zoning out. (If co-ed mixed company makes you nervous, don't worry—family and close friends do it together, but public saunas are almost always strictly segregated by gender).
*   **Respect the *Löyly*:** *Löyly* (pronounced *lou-luh*) is the steam that rises when you ladle water onto the hot rocks (*kiuas*) of the stove. The Finns take great pride in their *löyly*. You never throw water on the stones without asking the group (*""Saunako?""*), and you never throw water on the rocks just to blast everyone with heat without warning. It is a shared ecosystem of heat.
*   **Silence is golden:** While conversation *does* happen, silence is equally valued. Don't feel pressured to fill the quiet. Just sit and let your mind go blank.

### 3. The Rhythm: Hot, Cold, Cool, Repeat
The American sauna experience usually involves sitting in dry heat until you can't take it anymore, then walking out to grab a bottle of smartwater. The Finnish experience is a cycle that can last for hours:

1.  **The Wash:** You take a quick shower *before* entering the sauna. 
2.  **The Heat:** You sit in the sauna for 10 to 15 minutes, letting the *löyly* envelop you.
3.  **The Cool Down:** You step outside to cool off in the brisk air, take a freezing-cold shower, or—best of all—jump into a freezing lake or roll in the winter snow. 
4.  **Repeat:** You rest, drink some water or a *koff* (Finnish beer), chat, and then go back in for another round. 

That shock to the system—switching from extreme heat to freezing cold—releases a massive cocktail of endorphins and dopamine. You leave the sauna feeling physically exhausted yet mentally weightless (a sensation Finns call *saunanjälkeinen*—""the after-sauna feeling"").

### 4. It Is a Social Hub
While Americans might invite friends over for a barbecue or a football watch party, Finns invite friends over for a *sauna ilta* (sauna evening). It involves grilling sausages (often wrapped in foil and cooked right on the sauna stove rocks—a beloved tradition called *kiuasnakit*), drinking beer or cider, and hanging out in towels on the porch late into the summer night. 

### Summary for the American Traveler
If you go to Finland, do not skip the sauna. Embrace the nakedness, respect the silence, brave the cold plunge, and let go of your inhibitions. You will quickly realize that the sauna isn't just about getting hot—it’s about stripping away the noise of modern life and connecting with yourself and the people around you."
93,finland,comparison,Gemini 3.5 Flash-Lite,Compare everyday life in Finland and the United States.,"Comparing everyday life in Finland and the United States reveals fascinating contrasts between the Nordic model of social democracy and the American ethos of rugged individualism and capitalism. While both are highly developed, democratic, and technologically advanced nations, the day-to-day lived experience can feel very different. 

Here is a comparison of everyday life across several key areas:

### 1. Work-Life Balance and Pace of Life
*   **Finland:** The Finnish lifestyle is defined by the concept of *sisu* (resilience) and a strong emphasis on work-life balance. The standard work week is 37.5 hours, and overtime is rare. Finns fiercely protect their personal time. Burnout is taken very seriously, and employees are entitled to a minimum of four to five weeks of paid vacation, with many taking the entire month of July off for summer holidays. 
*   **United States:** American work culture is generally much more intense. The standard work week is officially 40 hours, but salaried professionals often work 50+ hours. The U.S. is the only advanced economy with no federally mandated paid annual leave or paid maternity/paternity leave, meaning everyday life for American workers often revolves around hustle, productivity, and managing limited time off (often just 2 weeks a year to start).

### 2. Education and Childhood
*   **Finland:** Finnish education is world-renowned for its egalitarian approach. There are virtually no private schools, and standardized testing is kept to a minimum until the very end of high school. Children start formal school later (age 7), have long recesses, and are given very little homework. The goal of everyday school life is equity and well-being rather than competition. Higher education is free for citizens.
*   **United States:** Education is a major focus of daily life, but it is heavily dependent on zip codes due to funding via local property taxes. American schooling often emphasizes competition, standardized testing, extracurriculars, and sports from a young age. Higher education is notoriously expensive, meaning student debt shapes the financial realities of young adults and their families for decades.

### 3. Healthcare and Social Safety Net
*   **Finland:** Finland offers a universal healthcare system funded primarily by taxes. While patients pay nominal fees for doctor visits, out-of-pocket costs are capped, and prescription drugs are heavily subsidized. Everyday life comes with a deep sense of security: if someone loses their job or falls ill, the state provides robust unemployment benefits, free retraining, and social support. High taxes (often around 40–50% for average earners) are accepted as the price for this security.
*   **United States:** Healthcare in the U.S. is tied predominantly to employment, and navigating health insurance is a constant part of everyday adult life. Medical debt is a leading cause of personal bankruptcy in the U.S. The social safety net is much thinner, and taxes are generally lower, meaning individuals carry more personal financial responsibility for retirement, healthcare, and emergencies.

### 4. Community, Social Norms, and Personal Space
*   **Finland:** Finnish culture places a high value on personal space, quietness, and mutual respect. Small talk with strangers is uncommon, and silence is not viewed as awkward. However, trust in society is exceptionally high; people regularly leave doors unlocked, and lost wallets are usually returned with the cash inside. Socializing often revolves around nature (hiking, foraging) or the ubiquitous Finnish sauna.
*   **United States:** American culture is generally outgoing, expressive, and characterized by ""friendliness."" Casual small talk with cashiers, neighbors, and strangers is a standard part of daily interactions. Diversity is a defining feature of American life, leading to a vibrant mix of cultures, foods, and perspectives, though societal trust can vary widely depending on the region and community.

### 5. Transportation and Infrastructure
*   **Finland:** Cities like Helsinki feature world-class public transportation (trams, metro, buses) and extensive networks of safe, year-round bicycling paths—even in the snow. Owning a car is expensive due to high taxes, and many urbanites rely entirely on walking, biking, and public transit.
*   **United States:** Except for a few dense urban centers like New York, Chicago, or San Francisco, everyday life in the U.S. is car-dependent. Suburbia is designed around automobiles, and driving long distances for work, groceries, and socializing is a normal daily routine for most Americans. 

### 6. Nature and the Outdoors
*   **Finland:** Nature is never far away. The Finnish concept of *Jokamiehenoikeus* (Everyman’s Right) grants everyone the legal right to roam freely through forests and lakes, forage for mushrooms and berries, and camp on public and private land. Spending time in nature is a daily ritual for many Finns, regardless of the dark and cold winters.
*   **United States:** The U.S. boasts vast and diverse natural beauty—from national parks to sprawling coastlines—but daily access to nature depends heavily on where you live. While weekend trips to state or national parks are popular, everyday outdoor life for many Americans is often limited to neighborhood walks, suburban yards, or local parks.

### Summary
Everyday life in **Finland** is characterized by predictability, equality, security, and a slow, balanced pace closely tied to nature and community welfare. Everyday life in the **United States** is dynamic, fast-paced, highly individualistic, and full of economic opportunity, but it often comes with higher stress, less job security, and a greater reliance on personal hustle."
94,finland,planning,Gemini 3.5 Flash-Lite,Plan a one-week summer trip through Finland.,"This one-week summer itinerary is designed to give you the ultimate Finnish summer experience: a mix of vibrant design and cafe culture in Helsinki, tranquil lakeside nature in the Lakeland region, and the magical midnight sun in the Arctic Circle (Rovaniemi). 

Because summer days in Finland are very long (with up to 24 hours of daylight in the north), you will have plenty of time to pack in activities.

---

### **Overview of the Route**
*   **Days 1–2:** Helsinki (Coastal Capital & Islands)
*   **Days 3–4:** Lakeland (Jyväskylä / Lake Päijänne – Saunas, Nature & Waterways)
*   **Days 5–7:** Rovaniemi & Arctic Circle (Midnight Sun, Wilderness & Culture)

---

### **Day 1: Welcome to Helsinki**
*   **Morning:** Arrive in Helsinki. Start your trip at the **Market Square (Kauppatori)** by the harbor. Grab a coffee and try some fresh berries (strawberries and wild blueberries) from the local stalls.
*   **Afternoon:** Take a 15-minute public ferry to **Suomenlinna Sea Fortress**, a UNESCO World Heritage site spread across six interconnected islands. Explore the old tunnels, stone walls, and viewpoints. Pack a picnic to enjoy on the rocks.
*   **Evening:** Head back to the mainland and visit **Alli Sea Pool** or **Löyly** for a traditional Finnish sauna experience right on the Baltic Sea, followed by a refreshing dip in the water. Enjoy dinner at a modern Nordic restaurant (try *Savotta* for traditional Lappish fare or *Kappeli* in the Esplanade park).

### **Day 2: Architecture, Design & Islands**
*   **Morning:** Explore Helsinki’s striking architecture. Visit the white **Helsinki Cathedral** in Senate Square and the magnificent red-brick **Uspenski Cathedral**. Walk through the Design District for independent boutiques and Finnish glassware (Iittala/Marimekko).
*   **Afternoon:** Visit **Oodi Central Library**—an architectural marvel that is the living room of the city. Afterward, rent a city bike and ride around **Töölönlahti Bay**, stopping at the historic Café Regatta for cinnamon buns by the water.
*   **Evening:** Have dinner in the trendy Kallio neighborhood or take a sunset cruise around the Helsinki archipelago.

### **Day 3: Journey to Finnish Lakeland**
*   **Morning:** Pick up a rental car or take a scenic train north to **Jyväskylä** (approx. 3.5 hours), the heart of the Finnish Lakeland. Finland has over 180,000 lakes, and this region is where the landscape becomes a labyrinth of blue water and green pine forests.
*   **Afternoon:** Check into a lakeside spa hotel or a traditional summer cottage (*mökki*). Rent a rowboat or SUP board and head out onto Lake Päijänne. 
*   **Evening:** Fire up a wood-heated lakeside sauna—an essential Finnish ritual—and cool off by jumping straight into the crystal-clear lake water. Enjoy a quiet evening listening to the call of the loons under the late-setting sun.

### **Day 4: Architecture & Nature in Lakeland**
*   **Morning:** Explore the works of Finland’s most famous architect, Alvar Aalto, in Jyväskylä by visiting the **Aalto Museum** and the Muuratsalo Experimental House.
*   **Afternoon:** Head to **Leivonmäki National Park** for a light hike. Walk along the raised boardwalks through pristine bogs and pine forests, and climb Observation Tower Harjujärvi for panoramic views over the lakes.
*   **Evening:** Dine on local lake fish (like vendace or pike-perch) at a lakeside terrace as the sun dips low, casting a golden glow over the water.

### **Day 5: Fly to the Arctic Circle (Rovaniemi)**
*   **Morning:** Return to Helsinki and take a quick 1-hour domestic flight north to **Rovaniemi**, the gateway to Finnish Lapland. 
*   **Afternoon:** Cross the official Arctic Circle line at **Santa Claus Village**. You can meet Santa, send a postcard from his official post office with an Arctic postmark, and shop for authentic Sami handicrafts (*duodji*).
*   **Evening:** Experience your first **Midnight Sun**. Because it’s summer, the sun won't set. Take a late-night hike up **Ounasvaara Hill** at 11:00 PM and watch the landscape glow in surreal, amber night light.

### **Day 6: Wilderness & Sami Culture in Lapland**
*   **Morning:** Visit **Arktikum**, a fantastic science center and museum that teaches you about Arctic nature, history, and the indigenous Sami people.
*   **Afternoon:** Head out into the wilderness for a guided riverboat tour down the Ounasjoki or Kemijoki rivers, or visit an authentic reindeer farm to feed the animals and learn about herding traditions.
*   **Evening:** Have dinner at a restaurant specializing in Lappish cuisine, such as reindeer steak with lingonberries and cloudberry dessert.

### **Day 7: Departure**
*   **Morning:** Enjoy a final Finnish breakfast featuring Karelian pies with egg butter (*munavoi*). 
*   **Afternoon:** Depending on your flight schedule, do some last-minute souvenir shopping in Rovaniemi (look for knives, woolen socks, or birch-wood items) before heading to the airport for your flight back to Helsinki and your journey home.

---

### **Practical Tips for Summer in Finland:**
1.  **Transport:** While you can take trains and buses between major cities, renting a car for the Lakeland portion gives you the freedom to explore remote nature spots and traditional villages.
2.  **Packing Essentials:** Bring layers (even in summer, evenings can get chilly), comfortable walking shoes for hiking, swimwear for saunas and lakes, and an **eye mask**—hotels have blinds, but the midnight sun can be bright if you aren't used to it!
3.  **Mosquito Repellent:** Bring a good bug spray, especially for the forested and lake regions in July."
95,finland,creative,Gemini 3.5 Flash-Lite,Write a short story set in the Finnish countryside during midsummer.,"The sun hovered just above the horizon, refusing to set. It cast a long, bruised-violet shadow across the rye fields and painted the surface of the lake in liquid copper. In the Finnish Kainuu region, midsummer meant the world was suspended in an eternal, golden twilight—a state of perpetual, glowing exhaustion.

Jussi sat on the weathered dock, his feet dangling inches above the dark, mirror-still water. Beside him stood a wooden crate of cold *karhu* and a bundle of fresh birch whisk, the leaves still crisp and smelling sharply of summer forest. 

The silence of the midnight sun was not empty; it was thick with the hum of mosquitoes, the distant, melancholy call of a loon, and the crackle of the lakeside sauna firing up behind him. Smoke curled lazily from the stone chimney, smelling of burning birch and dry pine. 

From the farmhouse came the muffled sound of accordion music and laughter. Jussi’s cousins and uncles were still up, deep into the endless feast of pickled herring, new potatoes with dill, and grilled sausages. Midsummer was the one night of the year when sleep was considered a minor sin. The light demanded to be witnessed.

""You'll catch more mosquitoes than fish sitting there,"" a voice said softly.

Aino stepped onto the dock, barefoot, wrapped in an oversized wool sweater against the crispness of the northern night. She held two tin mugs of coffee spiked with cloudberry liqueur. She handed one to Jussi, her fingers brushing his, warm despite the cool air.

""Let them bite,"" Jussi smiled, taking a sip. The coffee was bitter; the liqueur was sweet and burned pleasantly in his chest. ""The lake is like glass tonight.""

""My grandmother used to say the veil between worlds is thinnest on Juhannus,"" Aino murmured, looking out toward the horizon where the sky melted into a pale, bruised pink. ""She said if you walk backward into the lake at midnight, you’ll see the reflection of your future.""

""Did you try it?""

""Once. I saw a very confused elk.""

Jussi laughed, the sound carrying far across the glassy water. He shifted, making room for her on the edge of the dock. Aino sat down, pulling her knees to her chest, her eyes fixed on the distant treeline where the endless forest swallowed the fading day.

To the Finns, midsummer was a fragile truce with the dark. For a few short weeks, the brutal winter was nothing more than a bad memory, buried under an explosion of green, wildflowers, and blinding light. Soon enough, the days would begin to shorten, marching inexorably back toward the snow. But tonight, time had stopped. 

Behind them, the sauna door creaked open, and Jussi’s uncle shouted an invitation in a gravelly voice, waving a steaming birch branch. 

Aino stood up, stretching her arms toward the endless sky, a faint smile playing on her lips. ""Well?"" she asked, looking down at Jussi. ""Are we going to sit here until the sun comes back up, or are we going to sweat?""

Jussi set his mug down on the wood, stood up, and grabbed the birch whisk. The midsummer night wrapped around them like a warm blanket, endless and bright. 

""Sauna first,"" Jussi said, ""then the lake."""
96,finland,factual,Gemini 3.5 Flash-Lite,Describe Finland's geography and climate.,"Finland, located in Northern Europe, is known for its striking, austere beauty, shaped largely by its post-glacial landscape. As one of the northernmost countries in the world, its geography and climate are deeply interconnected, creating a unique environment where wilderness, water, and extreme seasonal shifts dominate.

Here is a detailed breakdown of Finland’s geography and climate.

---

### **Geography**

Finland covers an area of approximately 338,455 square kilometers (130,678 sq mi), making it the EU’s eighth-largest country by area. Despite its size, it is sparsely populated, with vast tracts of wilderness.

#### **1. The Land of a Thousand Lakes**
Finland’s most defining physical feature is its water. The country contains **over 168,000 lakes** and roughly 188,000 islands. 
* **The Lakeland (Finnish Lakeland):** Located in the central and eastern parts of the country, this is a labyrinth of blue lakes, rivers, canals, and forested ridges. Lake Saimaa is the largest lake in Finland and the fourth-largest natural freshwater lake in Europe.
* **Archipelagos:** Finland has massive archipelagos off its southern and southwestern coasts. The Archipelago Sea (between the Finnish mainland and Åland) contains tens of thousands of small islands and rocks, forming one of the largest archipelagos in the world.

#### **2. Forests and Terrain**
* **Boreal Forests (Taiga):** Forests cover nearly **75% of Finland’s total land area**, making it the most heavily forested country in Europe. The dominant tree species are pine, spruce, and birch.
* **Topography:** Finland is relatively flat, though it is not entirely devoid of relief. The terrain gently rolls from hills in the east to coastal plains in the west. 
* **Highest Point:** The highest point is **Halti**, reaching 1,324 meters (4,344 feet) in the extreme northwestern arm of Finnish Lapland, near the border with Norway. Unlike the jagged peaks of the Alps, these northern highlands (called *tunturit* in Finnish) are rounded and treeless above the timberline.

#### **3. Rivers and Wetlands**
Numerous rivers flow from the northern highlands into the Gulf of Bothnia and the Gulf of Finland. The longest river is the Kemijoki in Lapland. Historically, Finland was also covered in vast peat bogs and wetlands, which still make up about a third of the land area, though many have been drained for forestry.

---

### **Climate**

Finland has a **subarctic climate** in the north and a **humid continental climate** in the south, heavily influenced by its latitude and geography. Despite being on the same latitude as southern Greenland and parts of Siberia, Finland is much warmer than those regions. This is due to the warming effect of the **Gulf Stream** and the prevailing westerly winds from the Atlantic Ocean, combined with the moderating effect of the Baltic Sea and thousands of inland lakes.

#### **1. Winters (Long, Cold, and Snowy)**
* **Temperatures:** Winters are long and cold. In the south (like Helsinki), average January temperatures hover around −5°C (23°F), while in Lapland, temperatures regularly drop below −30°C (−22°F) or even −40°C.
* **Snow Cover:** Snow covers the ground for a significant portion of the year. In the south, snow usually arrives in December and melts in April. In Lapland, snow can remain from October until May, creating a reliable winter wonderland that attracts winter sports enthusiasts and Santa Claus tourists.

#### **2. Summers (Short, Mild, and Bright)**
* **Temperatures:** Summers are short and relatively mild. July is the warmest month, with average daytime highs ranging from 19°C to 22°C (66°F–72°F) across the country. Heatwaves can occasionally push temperatures above 30°C (86°F).
* **Precipitation:** Rainfall is fairly evenly distributed throughout the year, with late summer and autumn typically seeing the most rain. 

#### **3. Extreme Daylight Variations (The Midnight Sun and Polar Night)**
Because a significant portion of Finland lies north of the Arctic Circle, it experiences extreme photoperiods:
* **Summer (Midnight Sun):** In northern Lapland, the sun does not set for over two months (from mid-May to late July). Even in southern Finland, summer nights are very bright, featuring prolonged twilight rather than true darkness (""white nights"").
* **Winter (Kaamos / Polar Night):** Conversely, north of the Arctic Circle, the sun does not rise above the horizon for about 51 days in winter (*kaamos*). During this time, the country experiences only a few hours of twilight (blue hour) each day. 

#### **4. The Aurora Borealis (Northern Lights)**
Finland’s northern location makes it one of the best places in the world to view the Northern Lights. In Lapland, the Aurora Borealis can be seen on clear nights roughly **200 nights a year** between September and March."
97,finland,explanation,Gemini 3.5 Flash-Lite,Why are saunas so common in Finland?,"The sauna is deeply woven into the fabric of Finnish culture, history, and daily life. With a population of 5.5 million, Finland is estimated to have **over 3 million saunas**—found in homes, summer cottages, corporate offices, apartment buildings, Parliament, and even deep underground in mines. 

The ubiquity of the sauna in Finland is the result of a combination of historical, practical, cultural, and health-related factors:

### 1. Practical Origins: Survival and Hygiene
Historically, the sauna was a matter of survival in the harsh Finnish climate. Before indoor plumbing and modern heating, the sauna was the warmest, cleanest, and most sterile place in a Finnish homestead. 
* **Hygiene:** Because of the intense heat, it was the most hygienic place for washing.
* **Birth and Death:** Historically, Finns were often born in saunas (due to the availability of hot water and a sterile environment) and the dead were washed there before burial.
* **Food Preparation:** It was used for curing meats and drying malt for brewing beer.

### 2. A Sacred Space of Equality and Peace
In Finnish culture, the sauna is traditionally viewed as a nearly sacred space. Centuries ago, the ""saunarauha"" (sauna peace) was strictly observed. It was a place where all worldly troubles were left behind, arguments were forbidden, and everyone was expected to behave peacefully.
Furthermore, **the sauna is a great equalizer**. Stripping down naked removes social status, wealth, and titles. In the sauna, a CEO and a construction worker are completely equal. Important business deals, political discussions, and deep personal bonding often happen in Finnish saunas.

### 3. Deep Connection to Nature and the Seasons
Finland is a land of forests and lakes, characterized by long, dark, and freezing winters. The sauna provides a vital counter-balance to the cold climate. The ritual of *löyly* (the steam created by throwing water on hot stones) warms the body to the core. 
A quintessential part of Finnish sauna culture—especially during summer at the *mökki* (summer cottage)—is the cycle of getting extremely hot in the sauna and then plunging into a freezing lake or rolling in the snow, followed by cooling off with a beverage. This extreme temperature contrast releases a massive rush of endorphins.

### 4. Proven Health Benefits
Modern science has largely validated what the Finns have known intuitively for generations: saunas are very good for you. Recent long-term Finnish studies have shown that regular sauna use is associated with a reduced risk of cardiovascular disease, stroke, dementia, and Alzheimer's, as well as lower overall mortality.

### 5. National Identity
Today, the sauna is a cornerstone of Finnish national identity. It is a ritual of relaxation, mental health maintenance, and socializing. In fact, Finnish sauna culture is so unique and culturally significant that UNESCO added it to its **Intangible Cultural Heritage of Humanity** list in 2020. 

In short, saunas are common in Finland because they are a holistic remedy for both body and soul—a tradition that has adapted to modern life while retaining its ancient roots."
98,finland,comparison,Gemini 3.5 Flash-Lite,Compare the Finnish education system with the American education system.,"Comparing the Finnish and American education systems is often framed as a contrast between **equity and collaboration** (Finland) versus **choice, competition, and local control** (United States). While both systems aim to provide a quality education, their philosophies, structures, and daily execution are vastly different. 

Here is a comprehensive comparison across key areas:

---

### 1. Philosophy and Core Values
*   **Finland:** The core philosophy is **equity over excellence**. Education is viewed as a public good and a fundamental human right. The system is designed to eliminate inequality, ensuring that a student’s success does not depend on their parents’ income or geographic location. 
*   **United States:** The core philosophy emphasizes **individual liberty, competition, and meritocracy**. Education is viewed both as a public good and a private benefit (a driver of personal and economic success). Excellence, innovation, and school choice are highly prized.

### 2. Structure and Administration
*   **Finland:** Highly centralized at the national level, yet decentralized in execution. The Finnish National Agency for Education sets a broad national core curriculum, but **municipalities and individual schools have high autonomy** in how to implement it. There are no private schools to speak of; nearly all schools are publicly funded and free.
*   **United States:** Highly decentralized. Education is primarily a state and local responsibility, managed by roughly 13,000 independent school districts. This creates massive variation in quality between states, districts, and even neighborhoods. The U.S. also features a robust mix of public, charter, magnet, and private (religious and secular) schools.

### 3. Teachers: Training and Status
*   **Finland:** Teaching is one of the most prestigious, respected, and competitive professions in the country—on par with medicine or law. 
    *   *Requirements:* All teachers **must have a Master’s degree** in education with a heavy research component. 
    *   *Autonomy:* Teachers are treated like trusted university professors. They design their own syllabi and choose their own textbooks. There is virtually no external inspection or bureaucratic oversight.
*   **United States:** Teacher respect and compensation vary wildly. In many areas, teaching is underpaid and undervalued.
    *   *Requirements:* Varies by state, but typically requires a Bachelor’s degree and state certification. Many teachers enter the classroom through fast-track programs like Teach For America.
    *   *Autonomy:* Teachers often face strict curricular guidelines, pacing guides, and are frequently micromanaged by school boards and administrators.

### 4. Testing and Accountability
*   **Finland:** **Almost no standardized testing** until the end of high school (the Matriculation Examination). There are no school rankings, no teacher evaluations based on test scores, and no ""high-stakes"" testing culture. Trust replaces accountability.
*   **United States:** A **heavy reliance on standardized testing** (mandated by federal laws like the former No Child Left Behind and Every Student Succeeds Act) from elementary school through high school. Test scores are often tied to school funding, teacher evaluations, and school closures, creating high-pressure environments for both students and teachers.

### 5. The Student Experience (School Environment)
*   **Finland:**
    *   *Starting Age:* Children do not start formal academic schooling until age **7**. Early childhood focuses on play, socialization, and emotional development.
    *   *Homework:* Minimal. Finnish students have some of the least amount of homework in the developed world.
    *   *Recess:* Students get a mandatory **15-minute outdoor break for every 45 minutes of instruction**, regardless of the weather.
    *   *School Climate:* Collaborative, low-stress, and egalitarian. There is no tracking (streaming students by ability); all students learn together.
*   **United States:**
    *   *Starting Age:* Often starts with Kindergarten at age 5 (and sometimes preschool at 3 or 4). Academics are introduced much earlier.
    *   *Homework:* Significant, often increasing as students get older.
    *   *Recess:* Frequently reduced or eliminated in favor of instructional time, particularly in underperforming schools.
    *   *School Climate:* Highly competitive. Students are often tracked into ""honors,"" ""AP"" (Advanced Placement), or ""remedial"" classes. Extracurriculars (sports, arts, clubs) play a massive role in American school identity.

### 6. Equity and Socioeconomic Factors
*   **Finland:** Because funding is equalized and schools are largely identical in quality, **neighborhood wealth does not dictate school quality**. Special education needs are integrated seamlessly into regular classrooms, and social support services (free meals, healthcare, psychological counseling) are universal.
*   **United States:** Public schools are heavily funded by **local property taxes**, meaning wealthy neighborhoods have well-funded schools with advanced tech and low student-to-teacher ratios, while low-income neighborhoods often suffer from underfunding, understaffing, and fewer resources. 

---

### Summary Table

| Feature | Finland | United States |
| :--- | :--- | :--- |
| **Guiding Principle** | Equity and cooperation | Choice and competition |
| **Start of Formal School** | Age 7 | Age 5 (Kindergarten) |
| **Teacher Requirements** | Master’s Degree (highly selective) | Bachelor’s Degree + State Cert. |
| **Standardized Testing** | Virtually none until age 18 | Frequent, high-stakes testing |
| **School Funding** | Centrally equalized | Heavily dependent on local property taxes |
| **Homework & Stress** | Very low | Moderate to high |
| **School Choice** | Minimal (neighborhood schools are standard) | High (private, charter, magnet, public options) |

### Conclusion
Neither system is perfect. **Finland** excels at producing high baseline literacy, math, and science scores with exceptionally low stress, high student wellbeing, and a very narrow achievement gap. However, critics argue it may not push high-achieving students to their absolute limits as aggressively as other systems.

The **United States** struggles with massive inequality and lower average rankings in international tests (like PISA), but it remains a global powerhouse for higher education, innovation, and fostering individual exceptionalism, particularly at the university level."
99,finland,planning,Gemini 3.5 Flash-Lite,Suggest activities for a tourist visiting Finland for the first time.,"Welcome to Finland! As a first-time visitor, you are in for a treat. Finland offers a unique mix of pristine nature, modern design, and quirky cultural traditions. 

To help you plan, here is a curated list of activities divided by season and interest, starting with the absolute must-dos.

---

### 1. The Classic Finnish Experiences (Any Season)
*   **Go to a Finnish Sauna:** You cannot visit Finland without experiencing a sauna. It’s a cornerstone of Finnish culture. Rent a public sauna in Helsinki (like *Allas Sea Pool* or *Löyly*), or stay at a cabin and use a wood-fired lakeside sauna. Be prepared to go in the nude, and for the ultimate local experience, jump into an ice-cold lake or roll in the snow afterward!
*   **Forage in the Forests:** Finland’s ""Everyman’s Right"" (*Jokamiehenoikeus*) allows anyone to freely roam the forests and pick wild berries (blueberries, lingonberries, and cloudberries) and mushrooms. 
*   **Try Local Food:** Taste traditional Finnish delicacies like *Karjalanpiirakka* (Karelian rice pies with egg butter), *Leipäjuusto* (squeaky bread cheese served with cloudberry jam), fresh Baltic herring, and reindeer stew (*poronkäristys*).

---

### 2. If You Visit in Winter (December – March)
*   **Hunt the Northern Lights (Aurora Borealis):** Head to Lapland (above the Arctic Circle) to witness the skies light up in green and purple. 
*   **Sleep in a Glass Igloo:** In resorts like Kakslauttanen, you can sleep under the starry Arctic sky and potentially see the Northern Lights from the comfort of a warm glass-domed bed.
*   **Drive a Husky Sled or Reindeer Sleigh:** Experience the thrill of mushing your own team of enthusiastic huskies through snow-covered pine forests, or take a peaceful ride led by Sami herders and their reindeer.
*   **Go Ice Floating:** In places like Rovaniemi, you can put on a waterproof rescue survival suit and float passively in freezing arctic waters safely surrounded by ice.
*   **Take a Cruise on an Icebreaker:** Board a massive ship that crushes through frozen sea ice in the Gulf of Bothnia, and take a swim in the freezing water wearing a thermal survival suit.

---

### 3. If You Visit in Summer (June – August)
*   **Experience the Midnight Sun:** Because of Finland's northern latitude, summer brings 24 hours of daylight. Sit on a lakeshore at midnight while the sun still shines brightly.
*   **Island-Hop in the Archipelago:** Finland has the world's largest archipelago. Rent a car or take a ferry to explore the thousands of picturesque islands, historic wooden towns like **Naantali** or **Porvoo**, and lighthouses.
*   **Rent a Lakeside Makkara-paikka (Summer Cottage):** Finns love escaping to simple wooden cabins by one of the country’s 188,000 lakes. Swim, fish, grill *makkara* (sausages) over an open fire, and enjoy the absolute silence.
*   **Attend a Quirky Festival:** Finns are known for organizing bizarre world championships in the summer. Look up the **Air Guitar World Championships** in Oulu, the **Wife-Carrying Championships** in Sonkajärvi, or the **Swamp Soccer World Championships**.

---

### 4. City Culture: Helsinki & Tampere
*   **Explore Helsinki’s Design District:** Finland is famous for design (think Marimekko, Iittala, and Alvar Aalto). Spend an afternoon browsing boutiques, visiting the stunning **Oodi Central Library**, and admiring the white Helsinki Cathedral.
*   **Visit Suomenlinna Sea Fortress:** A short ferry ride from Helsinki's Market Square takes you to this 18th-century sea fortress spread across six islands. It’s a UNESCO World Heritage site and a great place for a picnic.
*   **Head to Tampere (The Sauna Capital):** Located between two lakes, Tampere is Finland's third-largest city and the official Sauna Capital of the World, boasting over 30 public saunas, including **Rajaportti**, the oldest operating public sauna in Finland (built in 1906).

---

### Suggested 5-Day First-Timer Itinerary
*   **Days 1–2: Helsinki.** Arrive, explore the architecture, visit a design market, and try a seaside sauna. Take a day trip to the medieval town of **Porvoo**.
*   **Days 3–5: Rovaniemi (Lapland).** Fly or take the overnight ""Santa Claus Express"" train north. Visit Santa Claus Village, go on a husky safari, chase the Northern Lights, and try snowmobiling.

### Quick Tips for Travelers
*   **Getting Around:** Finland has an excellent train and bus network (VR and Matkahuolto). In Lapland, renting a car is helpful, but trains can get you most of the way north.
*   **Language:** Finnish is notoriously difficult, but **virtually everyone speaks fluent English**. 
*   **Cashless Society:** Finland is almost entirely cashless. Bring a credit/debit card (Visa and Mastercard are accepted everywhere)."
100,finland,creative,Gemini 3.5 Flash-Lite,Describe a winter morning in Finland from the perspective of someone seeing snow for the first time.,"My breath doesn’t belong to me anymore. Every time I exhale, it turns into a little ghost of white smoke, vanishing into a world that feels completely unmade. 

I am pressing my forehead against the cold double-paned glass of the cabin window, wearing three sweaters and woolen socks that scratch my ankles. I am from a place where the sun is a heavy, golden hammer and the air is thick with the scent of dust and blooming jasmine. Here, the world has been drained of color and dipped in sugar. 

Yesterday, the ground was brown, and the pine trees were just trees. Overnight, some invisible artist came by with a massive brush and painted everything. 

Cautiously, I pushed open the front door. The cold didn't just touch me; it bit me. It sharp-flicked my nose and filled my lungs with a minty, shocking clarity. I stepped out onto the porch, and my bare slipper immediately met the threshold. 

*Crunch.* 

I pulled my foot back, laughing out loud, a sound that felt too bright for this hushed, reverent landscape. I stepped down fully. The ground beneath me wasn't dirt or grass; it was a deep, pillowy blanket that groaned and sighed under my weight. It looked like powdered sugar, thousands of miles of it, spilling over the edges of the world. 

The forest—the *taiga*, they call it—is breathtaking and terrifying. The massive spruce trees are bent under the sheer weight of white domes resting on their boughs. They look like old, white-bearded giants standing in a circle, holding secrets. There are no sounds here except for the occasional, heavy *thump* of snow sliding off a branch, breaking the absolute silence. 

The sky isn't blue. It is a pale, bruised violet, pregnant with the promise of more. Far on the horizon, behind the skeletal birch trees, a weak, butter-yellow glow is trying to claw its way above the treeline. It’s 10:00 in the morning, but the sun looks like it’s perpetually setting, casting long, blue-tinted shadows across the drifts. 

I reached down with a trembling, bare hand and scooped up some of the white stuff. It burned my skin with its icy bite. For a fraction of a second, I thought it would stay solid, but then—like magic—it dissolved into a drop of freezing water against my palm. 

I am shivering so hard my teeth are clicking, but I can't look away. I am standing in the middle of a blank page. The air tastes like nothing, the world looks like everything, and for the first time in my life, I understand what silence actually sounds like."
101,finland,factual,Gemini 3.5 Flash-Lite,What languages are commonly spoken in Finland?,"Finland has two official languages and several recognized national, regional, and immigrant languages. 

Here is a breakdown of the languages commonly spoken in the country:

### 1. Official Languages
*   **Finnish:** This is the dominant language, spoken by the vast majority of the population (about **86.5%** of residents). It is a Uralic language, meaning it is unrelated to most other European languages (with the exception of Estonian and Sámi).
*   **Swedish:** Finland is officially bilingual. Swedish is spoken as a native language by about **5.2%** of the population (known as the Swedish-speaking Finns or *finlandssvenskar*). Swedish is a mandatory school subject for native Finnish speakers, though fluency varies.

### 2. Recognized Minority and Regional Languages
*   **Sámi Languages:** The Indigenous Sámi people living in northern Finland speak three distinct Sámi languages: **Northern Sámi**, **Inari Sámi**, and **Skolt Sámi**. Though spoken by a small number of people (around 2,000), they have strong legal protections in the northernmost municipalities.
*   **Romani:** The local Romani population speaks the Finnish Kalo Romani language.
*   **Sign Languages:** **Finnish Sign Language** and **Finland-Swedish Sign Language** are officially recognized and protected by the constitution.

### 3. Immigrant Languages (Allophone Communities)
Due to recent immigration, foreign languages are growing rapidly and have surpassed Swedish in total number of speakers in some urban areas. The most common immigrant languages include:
*   **Russian:** The largest foreign-language group, spoken by over 90,000 people.
*   **Estonian:** Spoken by nearly 50,000 people due to geographic proximity and labor migration.
*   **Arabic, Somali, Persian (Farsi), Kurdish, and English:** These are also widely spoken in major cities like Helsinki, Espoo, and Vantaa.

### 4. English as a Lingua Franca
While not an official language, **English** is very widely spoken in Finland. Finland consistently ranks among the best countries in the world for English proficiency as a second language. Almost all younger and middle-aged Finns, as well as those working in service, tech, and academic sectors, speak fluent English."
102,finland,explanation,Gemini 3.5 Flash-Lite,Explain the concept of sisu and how it is used in Finnish culture.,"**Sisu** (pronounced *SEE-soo*) is a uniquely Finnish concept. It is often described as a form of stoic determination, grit, bravery, and resilience, but these English words only capture a fraction of its meaning. 

Sisu doesn't just mean surviving a difficult situation; it means facing extreme odds with the mindset that **what must be done, will be done, regardless of the cost.**

Here is a deeper look at the concept, its cultural significance, and how it is applied in Finnish life.

---

### 1. The Core Characteristics of Sisu
To truly understand sisu, it helps to look at its specific traits:

* **Action over Anxiety:** Sisu is not about feeling fearless; it is about acting despite fear, doubt, or exhaustion. It is a quiet, stubborn strength rather than loud bravado.
* **Resilience in the Face of the Impossible:** Sisu usually kicks in when a person has reached the absolute limit of their physical or mental capacities. It is the ""second wind"" that allows you to push past your breaking point.
* **Stoic Endurance:** It involves keeping your emotions in check, biting your tongue, and enduring hardship without complaining. 

### 2. Etymology and History
The word *sisu* comes from a Finnish root meaning ""interior"" or ""inside"" (*sisällä*). Metaphorically, it implies that sisu is a reserve of inner strength that every person holds deep within themselves, waiting to be accessed when the outside world becomes too harsh.

While the concept has existed for centuries among the Finnish people, it entered the global consciousness during the **Winter War of 1939–1940**. During this conflict, a vastly outnumbered and underequipped Finnish military successfully held off a massive invading Soviet army in brutal winter conditions. International media coined the term ""sisu"" to explain the unbelievable tenacity of the Finnish soldiers. 

### 3. How Sisu is Used in Finnish Culture Today
Today, sisu is deeply woven into the Finnish national identity and daily life. It manifests in several ways:

* **Embracing Nature and the Outdoors:** Finland has a harsh climate, with long, dark, freezing winters. Sisu is the mindset required to not just survive the winter, but to embrace it—whether that means commuting by bicycle in the snow, ice-swimming, or cross-country skiing in sub-zero temperatures. 
* **Perfectionism and Work Ethic:** In professional and personal projects, Finns apply sisu to see things through to the end with high standards. It is tied to *periksiantamattomuus* (the quality of never giving up).
* **Mental Health and Coping:** While modern Finland has open conversations about mental health, the cultural baseline remains one of self-reliance. When life deals a heavy blow (illness, grief, financial ruin), a Finn will often channel sisu to quietly put their head down and keep moving forward.
* **Raising Children:** Finnish parents instill sisu in their children not through intense lectures, but by encouraging independence, outdoor play in all weather, and allowing children to take risks and pick themselves up when they fall (*sisukas*).

### Summary
Sisu is the invisible engine of the Finnish psyche. It is the cultural belief that even when the situation is hopeless, you do not surrender. Instead, you dig deep, endure the suffering, and finish the job."
103,finland,comparison,Gemini 3.5 Flash-Lite,Compare Finnish summers with Finnish winters.,"Comparing Finnish summers and winters is a study in extremes. Because Finland spans from about 60°N to 70°N (with a large portion inside the Arctic Circle), the tilt of the Earth creates dramatic seasonal shifts in daylight, temperature, and human behavior. 

Here is a comparison of Finnish summers and winters across several categories:

---

### 1. Daylight and Darkness
*   **Summer (The Midnight Sun):** Finland experiences the phenomenon of the Midnight Sun. In the far north, the sun doesn’t set at all for weeks in June and July. Even in the south (like Helsinki), summer nights are more like a long, romantic twilight. Finns refer to this time as *yötön yö* (""the nightless night""). People stay up late, socialize, and enjoy the outdoors at 2:00 AM in broad daylight.
*   **Winter (The Polar Night):** Conversely, winter brings *kaamos* (the Polar Night). In Lapland, the sun doesn't rise above the horizon for weeks, resulting in continuous blue twilight. In the south, winter days are brutally short, with the sun rising around 9:00 AM and setting around 3:00 PM. The lack of vitamin D and sunlight makes energy management and coffee consumption major parts of Finnish culture.

### 2. Temperature and Weather
*   **Summer:** Summers are surprisingly warm and pleasant, defying the stereotype of a permanent icebox. Average temperatures in July range from 19°C to 24°C (66°F to 75°F), though heatwaves can push it past 30°C (86°F). Thunderstorms are common, and the weather is generally stable and green.
*   **Winter:** Winters are cold, snowy, and long. In the south, temperatures usually hover between 0°C and -10°C (32°F to 14°F), accompanied by coastal dampness and wind. In Lapland, temperatures regularly drop below -30°C (-22°F) or even -40°C. Snow cover lasts from November/December until April (and much longer in the north).

### 3. Nature and Landscape
*   **Summer:** Finland transforms into the ""Land of a Thousand Lakes"" (actually over 187,000 lakes). The landscape explodes into vibrant greens, blooming wildflowers, and lush pine and birch forests. Mosquitoes also make their grand appearance, thriving in the damp, forested wetlands.
*   **Winter:** The landscape turns into a monochromatic wonderland of white and blue. Lakes and the sea freeze solid—often thick enough to drive cars on. Trees bend under heavy snowdrifts, creating *pyry* (snow-laden) fairytale forests, especially in Lapland.

### 4. Lifestyle and Activities
*   **Summer:** Finns migrate to their *mökki* (summer cabins) by the lakes or coast. Life slows down, and the national hobbies are unleashed: swimming, fishing, grilling, picking wild berries and mushrooms, and spending hours in wood-heated saunas followed by a dip in a lake. Festivals, outdoor dining, and cycling dominate the social calendar.
*   **Winter:** Winter is a time for active outdoor sports—cross-country skiing, downhill skiing, ice-skating, and snowmobiling. However, it is also a time for *sisu* (resilience) and ""hygge""-like coziness (*käpertyä*). Finns embrace indoor life with candles, woolen socks, hot berry juice (*glögi*), and alternating hot saunas with rolling in the snow (or ice swimming).

### 5. Social Mood
*   **Summer:** Finns, often stereotyped as introverted and quiet, become notably more talkative, relaxed, and outgoing in the summer. The high energy of the endless daylight seems to recharge the national battery.
*   **Winter:** The mood is quieter and more introspective. While the darkness can induce cabin fever or seasonal fatigue, Finns have mastered the art of making winter beautiful and comfortable rather than something just to endure.

---

### Summary Table

| Feature | Summer (Kesä) | Winter (Talvi) |
| :--- | :--- | :--- |
| **Daylight** | 24 hours of light (Midnight Sun) | Minimal daylight / Total darkness (*Kaamos*) |
| **Average Temp** | +15°C to +25°C | -5°C to -20°C (cider in Lapland) |
| **Scenery** | Lush green forests, thousands of sparkling lakes | Snowy wonderland, frozen lakes |
| **Key Activities** | Mökki life, swimming, grilling, festivals | Skiing, saunas, ice swimming, snowmobiling |
| **Vibe** | Social, energetic, vibrant | Cozy, introspective, resilient (*sisu*) |

Ultimately, living in Finland means experiencing two completely different worlds within the same geographic location, each requiring its own unique set of survival skills and joys."
104,finland,planning,Gemini 3.5 Flash-Lite,Create a three-day itinerary for someone visiting Helsinki.,"Helsinki is a compact, design-forward, and walkable city where maritime charm meets Nordic modernity. Here is a curated three-day itinerary designed to give you the best of the Finnish capital, blending culture, relaxation, and great food.

---

### **Day 1: Architectural Icons & Coastal Charm (The Historic Center)**

**Morning: Heart of the City**
*   **9:00 AM – Helsinki Cathedral (Tuomiokirkko):** Start your trip at Senate Square. The iconic, snow-white neoclassical cathedral is Helsinki’s most famous landmark. Climb the grand steps for a view over the square.
*   **10:00 AM – Market Square (Kauppatori):** Walk down toward the harbor. Browse the outdoor market stalls selling local crafts, furs, and Finnish street food (try *lihapiirakka*—a meat pie, or fresh berries).
*   **11:00 AM – Old Market Hall (Vanha Kauppahalli):** Step inside this historic 1889 indoor market for a coffee and a traditional salmon soup (*lohikeitto*) at Soup Cellar.

**Afternoon: Islands & Design**
*   **12:30 PM – Ferry to Suomenlinna Sea Fortress:** Catch a 15-minute public ferry from Market Square to this UNESCO World Heritage site. It’s an 18th-century sea fortress spread across six interconnected islands. Explore the stone walls, tunnels, and museums at your own pace.
*   **3:30 PM – Return to the Mainland & Esplanadi Park:** Take the ferry back and stroll down *Esplanadi*, a leafy boulevard lined with high-end Finnish design shops (like Marimekko and Iittala) and cafes.
*   **5:00 PM – Design District:** Wander the streets south of the park (Punavuori and Ullanlinna districts), known for independent boutiques, art galleries, and antique shops.

**Evening: Dinner & Drinks**
*   **7:30 PM – Dinner at *Savotta*:** Located right by Senate Square, this restaurant offers traditional Finnish forest food (think reindeer, salmon, and wild mushroom soup) in a rustic, cabin-like setting.
*   **9:30 PM – Drinks at *Bar Loose* or *Aki Kaurismäki’s Bar, Corona Bar*:** End your night with a local craft beer in the trendy Kallio or Kamppi districts.

---

### **Day 2: Modern Culture, Saunas & Architecture**

**Morning: Modern Art & Rock Churches**
*   **9:30 AM – Temppeliaukio Church (Rock Church):** Visit this unique church blasted directly out of a solid block of granite in the Töölö neighborhood. The copper dome ceiling creates incredible acoustics.
*   **10:30 AM – Oodi Helsinki Central Library:** Walk to Oodi, an architectural masterpiece that is much more than a library—it’s a living room for the nation, featuring cafes, balconies, recording studios, and stunning views of Parliament.
*   **12:00 PM – Lunch at Amos Rex / Lasipalatsi:** Grab lunch in the bustling Kamppi area. 

**Afternoon: The Ultimate Finnish Sauna Experience**
*   **1:30 PM – Amos Rex Art Museum:** Head underground into this futuristic subterranean art museum known for cutting-edge contemporary exhibitions and undulating dome skylights.
*   **3:30 PM – Allas Sea Pool or Löyly:** You cannot visit Helsinki without going to a sauna. 
    *   *Option A (Central):* **Allas Sea Pool** right by the harbor features heated outdoor pools, a sea-water pool, and modern saunas.
    *   *Option B (Architectural):* **Löyly** further south along the coast offers a stunning wooden design, traditional smoke saunas, and direct access to the Baltic Sea for a refreshing dip. *(Note: Book sauna slots in advance!)*

**Evening: Seafood & Nightlife**
*   **8:00 PM – Dinner at *Nokka* or *Kuurna*:** Enjoy Nordic fine dining focusing on sustainable, organic, and locally foraged seasonal ingredients.

---

### **Day 3: Seaside Parks, Art & Local Neighborhoods**

**Morning: Art Nouveau & Seaside Strolls**
*   **9:30 AM – Jugendstil Architecture in Katajanokka:** Walk through the Katajanokka neighborhood to admire the stunning art nouveau (Jugendstil) residential buildings, particularly along Luotsikatu street.
*   **10:30 AM – Uspenski Cathedral:** Visit the largest Orthodox church in Western Europe, striking with its red-brick facade, golden cupolas, and hilltop views.
*   **11:30 AM – Café Regatta:** Take a scenic walk (or tram) along the Töölö coast to this iconic, red wooden cottage café. Sit by the water and enjoy a traditional Finnish cinnamon bun (*korvapuusti*) paired with hot coffee or glogg.

**Afternoon: Parks & Markets**
*   **1:00 PM – Sibelius Monument:** A short walk from Café Regatta, visit this abstract monument dedicated to Finland’s most famous composer, Jean Sibelius, made of over 600 welded steel pipes.
*   **2:30 PM – Hietalahti Market Hall (Hietalahden Kauppahalli):** Head toward Kamppi/Punavuori to explore this vibrant indoor market hall, which is filled with antique stalls and fantastic food vendors for a late lunch.
*   **4:00 PM – Botanical Garden or Kaisaniemi Park:** Spend your final afternoon relaxing in Helsinki's green spaces, or visit the Ateneum Art Museum if you prefer classical Finnish art.

**Evening: A Memorable Farewell**
*   **7:30 PM – Dinner at *Demo* or *Restaurant Grön*:** Treat yourself to a Michelin-starred, hyper-seasonal tasting menu that showcases the absolute pinnacle of modern Nordic gastronomy. 
*   **10:00 PM – Nightcap at *Trifoglio* or a rooftop bar:** Toast to your trip with a view of the Helsinki skyline from a rooftop bar like *Ateljee Bar* at Hotel Torni.

---

### **Practical Tips for Helsinki:**
*   **Getting Around:** Helsinki is extremely walkable and has an incredible public transit system (trams, buses, metro, and ferries) run by **HSL**. Download the HSL app to buy single tickets or a 2-3 day transit pass.
*   **Walking & Biking:** Most central sights are within 15–20 minutes of each other on foot. In warmer months, city bikes are widely available.
*   **Language:** Finns speak near-fluent English, and signage is typically in Finnish, Swedish, and English. 
*   **Currency:** The Euro (€). Finland is almost entirely cashless—credit and debit cards are accepted everywhere."
105,finland,creative,Gemini 3.5 Flash-Lite,Write a fictional conversation between a Finnish person and an American experiencing a sauna for the first time.,"**Setting:** A secluded lakeside summer cottage in eastern Finland. The wood-heated sauna (*savusauna* style, though modern) is glowing with a soft, amber light. Outside, a pristine lake reflects the midnight sun. 

**Characters:**
*   **Matti (45):** A stoic, deeply relaxed Finn wrapped in a towel, tending to the stove.
*   **Brad (32):** An outgoing American software engineer visiting Finland for work, currently sweating through places he didn’t know could sweat.

***

*(The sound of wood crackling softly in the stove. Brad is sitting on the top bench, clutching a small birch branch—vihta—like it’s a shield. He looks like a lobster that just crawled out of boiling water.)*

**Brad:** *(Gasping slightly, wiping sweat from his forehead)* So, Matti. Quick question. Is this a sauna, or is this the waiting room for the afterlife? Because I’m pretty sure I just saw Benjamin Franklin waving at me from the corner.

**Matti:** *(Calmly pouring a ladle of water mixed with birch scent onto the hot stones)* Ah. *Höyry.* Good. You are finally sweating, Brad. For the first ten minutes, you looked like a dry salt cracker.

**Brad:** A salt cracker? Matti, the air in here is currently ninety percent liquid fire! I’m pretty sure my eyebrows are singing a tenor solo right now. How hot is it? Like, two hundred degrees?

**Matti:** One hundred.

**Brad:** See? One hundred! That’s not even boiling—

**Matti:** Celsius.

**Brad:** *(Stares blankly)* Celsius? You have me sitting in an oversized wooden oven at over two hundred and ten degrees Fahrenheit?! In America, we bake *pizza* at this temperature!

**Matti:** *(Smiling faintly)* Pizza comes out delicious, no? Relax. Breathe through your nose. Do not talk so much; you are wasting precious oxygen. 

**Brad:** I can’t relax! My skin is screaming! Should I be hitting myself with these leaves? You gave me a bouquet of trees, Matti. Am I supposed to garnish myself? Am I a human salad?

**Matti:** *(Chuckling)* The *vihta*. It stimulates circulation. Watch. 

*(Matti gently taps his shoulders and back with the birch whisk. A fresh, earthy, forest scent fills the hot air.)*

**Matti:** It is therapy. But first, you must earn it. 

**Brad:** Earn it? I’ve already earned a purple heart for bravery! My glasses melted off my face ten minutes ago! What’s next? Are you going to make me wrestle a bear?

**Matti:** No bears today. Just the lake. 

**Brad:** *(Freezes)* The lake? Matti, the sun hasn’t set, but it’s still ten o’clock at night. That water looks like it was liquidized by glaciers five minutes ago. 

**Matti:** The water is refreshing. It is seventeen degrees. 

**Brad:** Seventeen? That’s like... sixty-something Fahrenheit! That’s not bad—

**Matti:** Celsius.

**Brad:** *(Groans and drops his head into his hands)* You people are monsters. Absolute, ice-blooded Vikings. I’m going to die out there. My heart will literally stop. My wife will get a call saying, ""Your husband went to Finland and turned into a human ice cube.""

**Matti:** *(Standing up, opening the sauna door to let a wave of cool, crisp pine-scented air rush in)* Nonsense. Your blood will rush. You will feel reborn. Or, at least, very awake. Come. 

*(They walk out onto the wooden dock. The midnight sun casts a golden, ethereal glow over the glass-like lake. The air is cool and biting.)*

**Brad:** *(Shivering instantly, wrapping his arms around himself)* Oh, sweet mother of liberty, it’s cold. Why did I leave California? 

**Matti:** Look at the water, Brad. Do not think. Just walk.

**Brad:** I’m thinking! I’m thinking very loudly! 

**Matti:** *Ei pale.* It is not cold. 

**Brad:** You’re wearing a smug expression, Matti, which tells me it is, in fact, very cold! On three? 

**Matti:** On zero. *Nyt!*

*(Matti steps off the dock smoothly. Splash.)*

*(Brad hesitates for a microsecond, lets out a blood-curdling American war cry, and leaps off the dock.)*

*SPLASH.*

***

*(Three minutes later. They are sitting on the porch outside the sauna, wrapped in woolen blankets, holding cold cans of Karhu beer. Brad is breathing heavily, staring out at the glassy lake, looking utterly, inexplicably at peace.)*

**Brad:** *(Taking a long sip of beer)* Okay. 

**Matti:** Yes?

**Brad:** I can’t feel my legs, my skin feels like it’s tingling with a thousand tiny electric shocks, and I’m pretty sure my soul left my body for about five seconds in that lake...

**Matti:** And?

**Brad:** And I think I need to buy a summer cabin in Finland. That was the greatest thing I have ever experienced in my entire life. 

**Matti:** *(Clinking his beer can against Brad’s)* Welcome to Finland, Brad. Now, we go back in for round two.

**Brad:** *(Groans, but smiles)* ...Only if I get to throw the water on the rocks this time."
106,finland,factual,Gemini 3.5 Flash-Lite,What are some popular sports in Finland?,"Sports are a huge part of Finnish culture, and Finland has one of the most active populations in the world. Due to the climate and cultural traditions, winter sports and endurance sports are particularly popular. 

Here are the most popular sports in Finland:

### 1. Ice Hockey (*Jääkiekko*)
Ice hockey is indisputably the **national sport** of Finland. 
* **Popularity:** It has a massive following, both in terms of TV viewership and participation. 
* **The National Team:** The men’s national team, known as the *Leijonat* (Lions), is a source of immense national pride and has won multiple World Championships.
* **League:** The top professional league in Finland is called **Liiga**. Finland has also produced many NHL superstars, such as Teemu Selänne, Jari Kurri, Aleksander Barkov, and Mikko Rantanen.

### 2. Pesäpallo (Finnish Baseball)
Often called the national sport of Finland, *Pesäpallo* is a fast-paced bat-and-ball sport that bears some resemblance to American baseball, but with significant differences in rules, tactics, and the way the ball is pitched (vertically).
* **Popularity:** It is especially popular during the summer months outside of the major cities, with a dedicated following in regional towns. 

### 3. Cross-Country Skiing (*Maastohiihto*)
Given Finland's long, snowy winters, cross-country skiing is both a competitive sport and a massive recreational pastime.
* **Culture:** It is common for Finns of all ages to hit the ski tracks as soon as the first snow falls. 
* **Success:** Finland has a rich history of Olympic and World Championship success in skiing, with legendary figures like Matti Hautamäki and Marja-Liisa Kirvesniemi.

### 4. Track and Field / Athletics (*Yleisurheilu*)
Finns have a deep historical love for track and field, particularly distance running and javelin throwing.
* **History:** In the early-to-mid 20th century, Finnish runners known as the **""Flying Finns""** (like Paavo Nurmi and Hannes Kolehmainen) dominated international distance running. 
* **Current Status:** Javelin throwing remains a point of national pride, and the annual *Kalevan Kisat* (Finnish Athletics Championships) draw major interest.

### 5. Football (Soccer) (*Jalkapallo*)
While ice hockey is the king of winter, football is the **most played team sport** in Finland in terms of registered players.
* **Growth:** The popularity of football has surged in recent years, especially after the men’s national team (*Huuhkajat* or Eagle-Owls) qualified for the UEFA European Championship for the first time in 2020. 
* **Notable Players:** Jari Litmanen is considered Finland's greatest football player, followed by modern stars like Lukas Hradecky and Teemu Pukki.

### 6. Floorball (*Salibandy*)
Floorball is an indoor hockey-like game played with plastic sticks and a lightweight ball. 
* **Popularity:** It is extremely popular in schools, recreational leagues, and among youth. Finland is consistently one of the top national teams in the world in both men's and women's floorball, frequently competing with Sweden for world titles.

### 7. Formula One / Motorsport (*Autourheilu*)
Finns are obsessed with speed, and the country punches well above its weight in international motorsport.
* **Success:** Finland has produced more F1 World Champions per capita than almost any other country, including Keke Rosberg, Mika Häkkinen, and Kimi Räikkönen. 
* **Rallying:** Rally driving is also immensely popular, producing legendary World Rally Champions like Tommi Mäkinen and Marcus Grönholm. 

### 8. Ski Jumping (*Mäkihyppy*)
Historically, ski jumping was one of Finland's most successful and beloved winter sports, with champions like Matti Nykänen capturing the world's attention. While participation has dipped slightly compared to its peak decades, it remains a traditional staple of winter sports viewing.

---

### Unique Finnish Sports
In addition to mainstream sports, Finland is famous for inventing and hosting quirky, unconventional sports that often combine athletics with humor:
* **Sonja-carrying (*Eukonkanto*):** An international competition where male competitors race while carrying a female teammate.
* **Swamp Soccer (*Suopotkupallo*):** Football played in a bog or swamp.
* **Mobile Phone Throwing (*Kännykänheitko*):** A sport where competitors throw old mobile phones for distance.
* **Sauna World Championships:** (Though discontinued a few years ago due to safety), enduring extreme heat in a sauna was treated as a competitive sport."
107,finland,explanation,Gemini 3.5 Flash-Lite,Why are forests and lakes important to Finnish culture?,"Forests and lakes are not merely parts of the physical landscape in Finland; they are the bedrock of Finnish identity, national mythology, and the psychological well-being of the people. Often called the ""twin lungs"" of the nation, forests and lakes shape how Finns view themselves and their place in the world. 

Here are the key reasons why forests and lakes are so deeply important to Finnish culture:

### 1. The Mythological Connection (*Kalevala* and Folklore)
Finland’s national epic, the *Kalevala*—a collection of Karelian and Finnish oral folklore compiled in the 19th century—is deeply rooted in nature. 
* In Finnish mythology, the forest (*metsä*) is a sacred, living entity populated by spirits, tapio (the god of the forest), and mythical animals like the bear, which is held in high reverence. 
* Lakes and water are similarly mystical; creation stories often begin with water, and lakes are seen as thresholds to other realms. Nature in Finnish folklore is not something to be conquered, but something to be respected, feared, and lived alongside.

### 2. *Sisu* and the Wilderness Connection
Historically, surviving in Finland’s harsh, sub-Arctic climate required immense resilience, grit, and self-reliance—a culturally specific concept known as *sisu*. 
* For centuries, the forests and lakes provided everything needed for survival: food (berries, mushrooms, fish, game), shelter, and warmth. 
* Even as Finland industrialized rapidly after World War II, the psychological tie to the wilderness remained. The forest represents a place of refuge, peace, and national pride—a reminder of how the ancestors survived.

### 3. The Summer Cottage (*Mökki*) Culture
For modern Finns, the connection to nature is most vividly expressed through the *mökki* (summer cottage) culture. 
* A vast majority of Finnish families either own or have access to a summer cottage, almost always situated by a lake and surrounded by forest.
* During the summer months (and increasingly year-round), Finns retreat to these cabins to escape the stress of modern life. Activities here are simple and traditional: chopping wood, picking wild berries and mushrooms, swimming in the lake, fishing, and sitting in a wood-heated sauna. 

### 4. Everyman’s Rights (*Jokamiehenoikeudet*)
The cultural importance of nature is legally protected and reinforced by the ""Everyman’s Rights"" (*jokamiehenoikeudet*). 
* This legal principle grants everyone in Finland the right to roam freely through forests, forage for wild food, camp, and swim in lakes, regardless of who owns the land. 
* This right fosters a deep sense of shared ownership and responsibility for nature. The forest belongs to everyone, reinforcing an egalitarian relationship with the environment.

### 5. Mental Health and Well-being (*Luontohoito*)
Long before ""forest bathing"" (*shinrin-yoku*) became a global wellness trend, Finns intuitively understood the healing power of nature. 
* Scientific studies frequently show that Finns view nature as their primary therapist. Whether it is walking through a silent pine forest in winter or swimming in a mist-covered lake at midnight under the midnight sun, nature is where Finns go to decompress, find silence (*rauha*), and feel grounded.

### Summary
To a Finn, forests and lakes are not scenery to be looked at from a distance; they are participants in daily life. They represent silence, freedom, history, and a spiritual home. As the old Finnish saying goes, *""The forest answers how you call into it""*—reflecting a culture that views nature as a mirror to the human soul."
108,finland,comparison,Gemini 3.5 Flash-Lite,Compare Finnish food culture with American food culture.,"Comparing Finnish and American food cultures is a study in contrasts: it is a comparison between **nordic minimalism, nature-reliance, and health-focused communal eating** versus **American culinary diversity, indulgence, and fast-paced convenience.** 

While both cultures have evolved significantly in recent decades, their historical roots, daily habits, and attitudes toward food remain very different. Here is a detailed comparison across several key areas:

---

### 1. Core Philosophy and Ingredients
* **Finnish Food (Proximity to Nature):** 
  Finnish cuisine is heavily shaped by its geography—forests, lakes, and a short growing season. The philosophy is about letting natural, unadorned flavors shine. 
  * *Staples:* Rye bread (*ruisleipä*), potatoes, dairy (Finland is a top consumer of milk and cheese, often fermented like *viili*), fish (salmon, herring, vendace), wild berries (lingonberries, cloudberries, blueberries), and game (reindeer, moose).
  * *Foraging:* Picking mushrooms and berries in the wild is a national pastime deeply embedded in the culture (supported by *Jokamiehenoikeus* or Everyman's Right).

* **American Food (Cultural Melting Pot):** 
  American cuisine is not monolithic; it is a collage of immigrant traditions blended with Indigenous ingredients (corn, squash, beans, turkey). The philosophy tends to lean toward abundance, fusion, and innovation.
  * *Staples:* Beef, corn, wheat, processed foods, and regional specialties (Cajun, BBQ, Tex-Mex, Soul Food). 
  * *Diversity:* Because of immigration, Americans have daily access to authentic global cuisines (Thai, Mexican, Italian, Ethiopian, etc.) in a way that is still relatively new to Finland.

---

### 2. Daily Meals and Dining Habits
* **Finland (Pragmatic and Punctual):**
  * *Breakfast:* Usually hearty and practical—open-faced sandwiches with cheese or cold cuts, oatmeal (*puuro*), yogurt, and coffee (Finns are the world's largest per capita coffee consumers).
  * *Lunch:* A warm, subsidized meal is the norm. Thanks to a 1948 law, all Finnish school children get a free hot lunch, and workplaces often provide subsidized lunch vouchers (*liikunta- ja lounasseteli*). Lunch is typically eaten efficiently between 11:00 AM and 1:00 PM.
  * *Dinner:* Eaten relatively early (around 5:00 PM to 6:00 PM), often consisting of meat or fish with potatoes or pasta.

* **America (Convenience and Flexibility):**
  * *Breakfast:* Varies wildly from sugary cereals, pancakes, and bacon-and-eggs on weekends, to grab-and-go options like smoothies, breakfast sandwiches, or skipping it entirely during the workweek.
  * *Lunch:* Often rushed, eaten at the desk, or bought out. Sandwiches, salads, or fast food are common. The concept of a standardized, government-provided hot school lunch is less uniform and often stigmatized.
  * *Dinner:* Eaten later (6:30 PM to 8:00 PM or later). Dinner is often the main social meal of the day, with significant variation between home-cooked meals, takeout, and restaurant dining.

---

### 3. Eating Out and Portion Sizes
* **Finland:**
  * *Portions:* Moderate and realistic. 
  * *Dining Out:* Eating at restaurants is expensive in Finland due to high labor costs and taxes. Therefore, it is often reserved for weekends, dates, or special occasions. 
  * *Service Culture:* Tipping is generally not expected or is minimal because service staff are paid a living wage. The atmosphere is quiet, respectful, and unhurried.

* **America:**
  * *Portions:* Famously massive. Restaurant portions are often enough for two meals (leading to the ubiquitous ""doggy bag"" culture).
  * *Dining Out:* Eating out or ordering delivery is a daily habit for many Americans due to the sheer convenience and variety of the restaurant industry.
  * *Service Culture:* Tipping (15–20%+) is mandatory and forms the bulk of a server's income. Restaurants are generally louder, more vibrant, and service is designed to be attentive and fast-paced.

---

### 4. Health, Purity, and Regulation
* **Finland:**
  * Food safety and quality control are extremely strict. Finns place a high value on pure ingredients, animal welfare, and transparency (e.g., knowing the farm where their meat came from).
  * Processed foods exist, but there is a strong cultural push toward healthy, home-cooked meals. Sugar and salt content in products are heavily monitored or taxed.

* **America:**
  * The American food landscape is polarized. On one hand, there is a massive wellness, organic, and farm-to-table movement. On the other hand, highly processed foods, high-fructose corn syrup, and fast food are cheap, ubiquitous, and heavily marketed, contributing to public health crises like obesity.
  * Food additives and chemicals banned in the EU are often permitted in the US, leading many health-conscious Americans to be hyper-vigilant about reading ingredient labels.

---

### 5. Alcohol and Social Drinking Culture
* **Finland:** Alcohol is tightly regulated, sold primarily through state-owned monopolies (*Alko*) for anything stronger than 5.5% ABV, and heavily taxed. Drinking culture historically leaned toward binge drinking (often in private or at summer cottages), though café and craft beer culture have grown immensely in Helsinki and other cities.
* **America:** Alcohol is widely available in supermarkets, gas stations, and liquor stores (though laws vary wildly by state). Drinking is heavily integrated into social dining, sports events, and nightlife, though open-container laws make public drinking generally illegal.

---

### Summary Table

| Feature | Finnish Food Culture | American Food Culture |
| :--- | :--- | :--- |
| **Primary Vibe** | Functional, natural, seasonal, minimalist | Diverse, indulgent, innovative, abundant |
| **Key Flavors** | Mild, earthy, tart (berries), smoky (fish) | Bold, sweet, savory, heavily spiced, fried |
| **Portion Size** | Moderate | Large / Supersized |
| **Eating Out** | Expensive, occasional, quiet | Affordable, frequent, lively |
| **Coffee Culture** | World's highest consumption; black, drip-style | Huge variety (espresso, iced, flavored, sweet) |
| **Social Role** | Nourishment; gathering in silence is comfortable | Entertainment, networking, sensory experience |

### Conclusion
While American food culture is about **maximum variety and emotional expression** (comfort food, fusion, indulgence), Finnish food culture is about **connection to nature, practicality, and minimalism**. However, globalization is bridging the gap: you can easily find gourmet burgers and tacos in Helsinki, just as you can find high-end Nordic cuisine and artisanal rye bread in major American cities."
109,finland,planning,Gemini 3.5 Flash-Lite,Plan a winter vacation in Finland for someone who enjoys outdoor activities.,"Finland in the winter is a true wonderland for outdoor enthusiasts. From cross-country skiing through silent, snow-laden forests to adrenaline-pumping snowmobile safaris and hunting the Northern Lights, this 7-day active winter itinerary is designed for someone who wants to experience the best of Finnish Lapland.

Here is a plan for an action-packed, 7-day winter adventure based in **Rovaniemi** (the official hometown of Santa Claus and a major hub for outdoor sports) and **Levi** (Finland’s premier ski resort).

---

### **Trip Overview**
*   **Destination:** Finnish Lapland (Rovaniemi & Levi)
*   **Duration:** 7 Days / 6 Nights
*   **Best Time to Visit:** January to March (deep snow, frozen landscapes, and good Northern Lights probability).
*   **Vibe:** Active, adventurous, cozy, and scenic.

---

### **Day 1: Arrival & The Silent Forest Snowshoe**
*   **Morning/Afternoon:** Fly into Rovaniemi (RVN). Pick up a 4WD rental car (recommended for flexibility) or rely on local transfers. Check into your accommodation—ideally a glass igloo or a traditional wooden chalet with a private sauna.
*   **Late Afternoon:** Gear up for a **Twilight Snowshoe Hike**. Strap on snowshoes and head into the Arctic forest just outside the city. As daylight fades, your guide will lead you off the beaten path into deep snow where absolute silence reigns. 
*   **Evening:** Enjoy your first traditional Lappish dinner (think sautéed reindeer with lingonberries and mashed potatoes) and warm up in a wood-fired sauna.

### **Day 2: High-Speed Snowmobiling & Ice Floating**
*   **Morning:** Embark on a **4-hour Snowmobile Safari**. After a safety briefing, hit the groomed trails that weave across frozen rivers and through snow-ghosted pine forests. You’ll cover significant distance and experience the sheer thrill of riding across the Arctic wilderness.
*   **Afternoon:** Free time to explore Rovaniemi’s Arktikum Museum to learn about Arctic ecosystems and indigenous Sami culture.
*   **Evening:** **Arctic Ice Floating.** Head to a wilderness lake, put on a high-tech, buoyant rescue suit that keeps you completely dry and warm, and float weightlessly in a hole cut into the ice amidst total darkness, gazing up at the stars (and hopefully the Aurora Borealis).

### **Day 3: Mush Your Own Husky Team & Head North**
*   **Morning:** Visit a local husky farm. After meeting the energetic and eager dogs, you will receive instructions on how to drive your own sled. Spend **2 hours mushing** a team of huskies through the winding forest trails. The only sound you’ll hear is the crunch of snow and the panting of the dogs.
*   **Afternoon:** Drive or take a transfer north toward **Levi** (approx. 2 hours), Finland’s largest and most vibrant ski resort. Check into a ski-in/ski-out cabin.
*   **Evening:** Take the gondola or hike up Levi Fell for panoramic night views of the surrounding snowy fells. 

### **Day 4: Downhill Skiing & Fatbiking**
*   **Morning:** Hit the slopes! Levi offers 43 slopes catering to all levels, plus excellent snow parks. Spend the morning downhill skiing or snowboarding. (Equipment rentals are readily available on-site).
*   **Afternoon:** Switch gears for an **Electric Fatbike Tour**. These bikes feature oversized, low-pressure tires designed to grip packed snow. Rent an e-bike and pedal up and around the fells, accessing winter trails that would otherwise be unreachable.
*   **Evening:** Dine at a traditional *Kota* (a Lappish teepee) around an open fire, roasting local salmon (*loimuhihi*) on the flames.

### **Day 5: Cross-Country Skiing & Reindeer Safari**
*   **Morning:** Finland’s national winter sport is cross-country skiing (*hiihto*). Levi boasts over 230 km of impeccably maintained ski tracks. Rent classic or skate-skiing gear and glide through the silent taiga forest. 
*   **Afternoon:** Experience a **Reindeer Sleigh Ride**. Unlike the fast-paced huskies, this is a peaceful, traditional way to travel through the snow. Learn about reindeer herding directly from local Sami herders around a campfire.
*   **Evening:** Head away from the resort lights on a **Snowmobile Aurora Hunt**. Drive out to remote wilderness camps where guides will build a campfire, grill sausages, and keep watch for the Northern Lights.

### **Day 6: Glacier Hiking / Ice Climbing & Sauna Ritual**
*   **Morning:** Drive to the nearby **Korouoma Canyon** (if based closer to Rovaniemi) or explore Levi’s rugged backcountry with a guide to try **Ice Climbing** on frozen waterfalls. Scaling blue ice walls with crampons and ice axes is an unforgettable rush. *(Alternative: A long-distance snowshoe trek into Pallas-Yllästunturi National Park).*
*   **Afternoon:** Return to Levi to relax tired muscles. 
*   **Evening:** Experience the ultimate **Finnish Sauna and Ice-Swimming ritual**. Alternate between a hot Finnish sauna (80–100°C) and plunging directly into a hole in the frozen lake. It boosts endorphins, improves circulation, and is a mandatory cultural experience!

### **Day 7: Final Slide & Departure**
*   **Morning:** Depending on your flight time, squeeze in one last adventure—perhaps a morning tobogganing session down Levi’s **longest toboggan run** (800 meters of pure fun).
*   **Afternoon:** Head to Kittilä (KTT) or Rovaniemi (RVN) airport for your flight home, taking with you memories of endless snow and Arctic skies.

---

### **Important Tips for the Outdoor Enthusiast:**

1.  **Layering is Key:** Finland’s cold is dry, but temperatures can plummet below -20°C (-4°F). Use the three-layer system: Merino wool base layer, fleece/wool mid-layer, and wind/waterproof outer shell.
2.  **Footwear:** Bring heavy-duty, insulated winter boots with good grip. Tour operators often provide extreme-cold boots and thermal overalls for safaris, but having your own warm boots is essential.
3.  **Daylight Hours:** In December and January, daylight is limited to a few hours of twilight (""blue moment""), but snow reflects the light, and headlamps/torches make evening activities magical. February and March offer longer daylight hours combined with heavy snowpacks.
4.  **Aurora Borealis:** Download a Northern Lights forecast app (like *My Aurora Forecast*) and keep your camera charged with a tripod ready for night shoots."
110,finland,creative,Gemini 3.5 Flash-Lite,Write a short description of a summer cottage beside a Finnish lake.,"Perched on a granite outcrop among towering pines and white-trunked birches, the red-timbered cottage glows softly in the midnight sun. A smooth expanse of dark water laps gently against the weathered wooden dock, where a single wooden rowboat bobs in the stillness. The air is sweet with the scent of pine resin and wild blueberries, broken only by the distant call of a loon. Behind the cabin, the wood-heated sauna sends a thin, fragrant curl of smoke into the evening sky, promising the timeless Finnish ritual of a steaming heat followed by a breathless, bracing plunge into the glassy lake."
111,finland,factual,Gemini 3.5 Flash-Lite,What is Finland's relationship with the Baltic Sea?,"Finland’s relationship with the Baltic Sea is deep, multifaceted, and vital to the nation's identity, economy, security, and well-being. Because Finland is essentially a peninsula—bordered by the Gulf of Bothnia to the west and the Gulf of Finland to the south—the Baltic Sea is not just a body of water, but Finns' primary gateway to the world. 

Here is a breakdown of Finland’s relationship with the Baltic Sea across several key areas:

### 1. Lifeline for Trade and Economy
The Baltic Sea is Finland's economic umbilical cord. Because of its geographic isolation in the far north of Europe (effectively functioning as an ""island"" regarding land transport routes to the rest of Europe), maritime transport is critical.
* **Trade:** Roughly 80–90% of Finland’s exports and imports travel by sea. Key exports include forest products (paper and timber), machinery, and high-tech goods.
* **Ports:** Major Finnish ports like Helsinki, Turku, and Naantali are crucial hubs for international trade and passenger travel.
* **Energy and Connectivity:** Subsea cables running through the Baltic Sea connect Finland’s power grid, telecommunications, and internet to the rest of Europe.

### 2. Geopolitics and National Security
Finland’s security has historically been tied to the Baltic Sea, a dynamic that has intensified dramatically in recent years.
* **NATO Integration:** With Finland joining NATO in 2023 (alongside Sweden in 2024), the strategic landscape of the Baltic Sea—often referred to in geopolitics as *Mare NATO* (a NATO sea)—has fundamentally changed. 
* **Critical Infrastructure:** The security of underwater pipelines (such as the Balticconnector) and data cables in the Baltic Sea has become a top national security priority for Finland, especially following incidents of sabotage in recent years.
* **Naval Defense:** The Finnish Navy operates heavily in the Baltic Sea, maintaining specialized capabilities like ice-strengthened warships and coastal forces tailored to the archipelago.

### 3. Culture, Lifestyle, and Identity
For Finns, the Baltic Sea is deeply intertwined with their cultural heritage and lifestyle, particularly during the long summers.
* **The Archipelago:** Finland boasts one of the largest archipelagos in the world (including the Åland Islands and the Turku archipelago), containing tens of thousands of islands. Summer cottages (*mökki*) by the sea are a cornerstone of Finnish culture.
* **Sauna and Swimming:** Traditional Finnish culture involves going from a hot sauna directly into the bracing, cool waters of the Baltic Sea or its coastal bays, a practice that continues year-round (including ice-swimming in winter).
* **Literature and Folklore:** The sea, with its dark waters, freezing winters, and foggy archipelagos, features prominently in Finnish art, literature, and the *Kalevala* (national epic).

### 4. Environmental Stewardship and Vulnerability
The Baltic Sea is one of the most polluted, sensitive, and intensively monitored seas in the world. Because it is semi-enclosed, shallow, and has a very slow water exchange rate (it takes about 30 years for the water to completely renew), it is extremely vulnerable to human impact.
* **Eutrophication:** Agricultural runoff and wastewater have historically caused severe algae blooms and dead zones in the Gulf of Finland and Gulf of Bothnia.
* **Active Protection:** Finland is a leader in marine protection. It works closely with neighboring countries through **HELCOM** (the Helsinki Commission, which protects the marine environment of the Baltic Sea area) to regulate shipping, reduce nutrient runoffs, and protect marine biodiversity.
* **Ice Conditions:** Climate change is rapidly altering the Baltic Sea. Winters are becoming milder, and ice cover in the Gulf of Bothnia is decreasing, which affects local ecosystems, traditional winter activities, and shipping logistics (though Finland maintains a world-class fleet of icebreakers).

### Summary
For Finland, the Baltic Sea is a paradox: it is an **economic necessity** that feeds the nation, a **security frontier** that requires constant vigilance, a **recreational sanctuary** tied to the Finnish soul, and a **fragile ecosystem** that the country feels a strong moral obligation to protect."
112,finland,explanation,Gemini 3.5 Flash-Lite,Explain why ice hockey is popular in Finland.,"Ice hockey is not just a sport in Finland; it is a cultural phenomenon, a national obsession, and a point of immense civic pride. Often referred to simply as *lätkä*, hockey is Finland's undisputed national sport. 

Several interconnected factors—geographical, cultural, and historical—explain why ice hockey is so immensely popular in the ""Land of a Thousand Lakes.""

---

### 1. The Climate and Geography
The most fundamental reason for hockey's popularity is weather. Finland has long, cold, and dark winters. For months at a time, natural bodies of water freeze over, and snow covers the ground. 
* **Backyard Rinks:** Historically, when temperatures dropped, Finnish children would shovel snow off frozen lakes, ponds, or local sports fields, set up two makeshift goals, and start playing. 
* **Accessibility:** Before indoor arenas became widespread, ice was everywhere, making it the most accessible winter activity for kids burning off energy during the long winter.

### 2. The Cultural Alignment (*Sisu*)
Finns often attribute their national character to a concept called ***sisu***—a stoic determination, resilience, grit, and toughness in the face of extreme odds. Ice hockey is the ultimate physical manifestation of *sisu*. 
* It is a fast, high-contact, grueling sport that requires endurance, discipline, and teamwork. 
* The Finnish national team (*Leijonat*, or the Lions) has historically achieved success not necessarily by having the flashiest individual superstars, but by outworking opponents through superior tactical discipline, defensive structure, and relentless teamwork. This resonates deeply with the Finnish cultural identity.

### 3. International Success and National Pride
Nothing unites Finland quite like the national hockey team. For a relatively small nation of 5.6 million people, Finland punches drastically above its weight class on the international stage, regularly competing against and beating hockey superpowers like Canada, Russia, the US, Sweden, and the Czech Republic.
* **The ""Miracle"" of 1995:** Finland won its very first World Ice Hockey Championship in 1995 in Sweden (defeating their arch-rivals, Sweden, in the final). This moment is widely considered a watershed moment in modern Finnish sports history, sparking a massive wave of national pride.
* **Regular Triumphs:** The *Leijonat* have won multiple World Championships (including 2019 and 2022) and won Finland's first-ever Olympic gold medal in ice hockey at the 2022 Beijing Winter Games. 
* **Hero Worship:** When the national team wins, hundreds of thousands of people gather in Helsinki's Market Square to celebrate. Players like Teemu Selänne, Jari Kurri, Saku Koivu, and Aleksander Barkov are treated as national heroes.

### 4. Excellence in Player Development
Finland has built one of the most efficient and modern ice hockey development systems in the world. Run by the Finnish Ice Hockey Association, player development focuses heavily on:
* **Skill over size:** Finnish coaching emphasizes skating, puck control, and hockey IQ from a very young age, rather than just physical dominance.
* **Club Infrastructure:** Even small towns in Finland often have indoor ice rinks (*jäähalli*), ensuring that children can play year-round regardless of the weather.
* **The NHL Pipeline:** Finland consistently produces elite talent for the National Hockey League (NHL). Seeing Finnish players star in North America inspires the next generation of kids watching on television.

### 5. Media and Social Rituals
Ice hockey is deeply woven into the fabric of daily Finnish life and media.
* **Friday/Weekend Tradition:** Watching the professional Finnish league (*Liiga*) or the NHL is a staple weekend activity. 
* **Water Cooler Talk:** Match results, referee decisions, and player trades are standard conversation topics in workplaces, schools, and saunas across the country.

### Summary
Ice hockey in Finland is a product of its environment and its values. The freezing winters provided the natural canvas, the Finnish trait of *sisu* provided the playing style, and decades of international success provided the emotional connection. Today, it remains the ultimate binding agent for Finnish society."
113,finland,comparison,Gemini 3.5 Flash-Lite,Compare Helsinki with a smaller Finnish city.,"To understand the contrast between life in Finland’s capital and its smaller urban areas, let’s compare **Helsinki** (population ~675,000 in the city, 1.5 million in the metro area) with **Porvoo** (Borgå in Swedish), a charming historic town located about 50 kilometers east of Helsinki, with a population of around 51,000. 

While both are in the Uusimaa region and share a coastal, bilingual (Finnish and Swedish) heritage, they offer vastly different lifestyles, economic landscapes, and daily rhythms.

Here is how they compare across key categories:

---

### 1. Vibe and Architecture
* **Helsinki:** As a cosmopolitan capital, Helsinki features a mix of 19th-century neoclassical architecture (heavily influenced by St. Petersburg), Jugendstil (Art Nouveau) districts like Katajanokka, and sleek, modern architectural landmarks like the Oodi Central Library. It feels energetic, diverse, and distinctly European.
* **Porvoo:** Famous for its iconic red wooden riverside warehouses, Porvoo is Finland’s second-oldest town. The Old Town (*Vanha Porvoo*) consists of labyrinthine cobblestone streets, colorful wooden houses, and medieval charm. It feels like stepping into a living postcard, offering a much slower, more intimate pace of life.

### 2. Economy and Employment
* **Helsinki:** The economic powerhouse of the country. It is the hub for multinational corporations, tech startups, government institutions, higher education (like the University of Helsinki), and major cultural industries. 
* **Porvoo:** While Porvoo does have some large employers—most notably the massive Kilpilahti (Šköldvik) industrial and oil-refining area—many residents are commuters. Porvoo functions partly as an affluent commuter town for people working in Helsinki, though it also has a thriving ecosystem of small businesses, tourism, and local services.

### 3. Transportation and Getting Around
* **Helsinki:** Features a world-class, integrated public transportation system consisting of the metro, trams, commuter trains, buses, and public ferries. Owning a car is a burden rather than a necessity. Helsinki is also exceptionally bike-friendly.
* **Porvoo:** While Porvoo has local buses, the town is built on a human scale where walking and cycling are the easiest ways to get around locally. However, to travel outside the town—or to commute to Helsinki—having a car is much more common and convenient, though frequent express buses connect Porvoo to the capital in about 50 minutes.

### 4. Culture, Dining, and Nightlife
* **Helsinki:** Offers endless variety. It boasts Michelin-starred restaurants, a vibrant cafe culture, hundreds of bars and clubs, major music festivals, world-class art museums (like Amos Rex and Kiasma), and the National Opera. There is always something happening, regardless of the day of the week.
* **Porvoo:** Culturally vibrant for its size, Porvoo is known as a haven for artists and designers. It has a fantastic culinary scene focused on local, artisanal, and organic foods, cozy historic cafes (like Café Fanny), and boutique shopping. However, nightlife is much quieter, centering around pubs and restaurants rather than clubs.

### 5. Nature and Outdoors
* **Helsinki:** Surprisingly green for a capital. It has extensive waterfronts, hundreds of kilometers of shoreline, and Central Park (*Keskuspuisto*), a 10-kilometer-long forest running right through the city. The Helsinki archipelago features hundreds of islands accessible by public ferry.
* **Porvoo:** Nature is never more than a five-minute walk away. Porvoo is defined by the Porvoo River valley, rolling agricultural fields, and the stunning Porvoonjoki river leading out to the Gulf of Finland. The nearby **Ebba Sund** and local nature reserves offer pristine forests and archipelago views without the urban background noise of the capital.

### 6. Cost of Living and Housing
* **Helsinki:** Housing is expensive, and the rental market is competitive. Property prices per square meter are the highest in the country.
* **Porvoo:** While still relatively costly compared to rural eastern or northern Finland, housing in Porvoo is significantly more affordable than in Helsinki. For the price of a small apartment in central Helsinki, you can often buy a spacious family home with a yard or a historic wooden house in Porvoo.

---

### Summary: Which is better?

* **Choose Helsinki if** you thrive in a dynamic urban environment, value career opportunities in multinational fields, rely on public transit, and want constant access to cultural events, diverse dining, and international communities.
* **Choose Porvoo if** you prefer aesthetic beauty, community-focused living, historical surroundings, and easier access to nature, while still wanting reasonable proximity to a major metropolitan job market."
114,finland,planning,Gemini 3.5 Flash-Lite,Suggest a route for seeing both northern and southern Finland during one trip.,"To experience both the wild, arctic expanses of the north and the cultural, lake-filled south of Finland in one trip, the best approach is to **fly into one end, travel by train or rental car through the middle, and fly out of the other.** 

Finland’s infrastructure is excellent, making a north-to-south (or south-to-north) itinerary smooth and scenic. 

Here is a balanced, **12-to-14-day ultimate Finland itinerary** starting in the Arctic North and ending in the Baltic South.

---

### **Phase 1: The Wild North (Lapland)**
*Focus: Arctic wilderness, Sami culture, midnight sun (summer) or Northern Lights (winter), and outdoor adventures.*

*   **Day 1: Arrive in Rovaniemi (The Official Hometown of Santa Claus)**
    *   Fly into Rovaniemi Airport.
    *   Cross the Arctic Circle, visit Santa Claus Village, and learn about indigenous Sami culture at the **Arktikum Museum**.
    *   *Stay:* Rovaniemi.
*   **Day 2: Rovaniemi to Inari (approx. 4 hours driving / bus)**
    *   Drive north through endless pine forests and reindeer country.
    *   Arrive in **Inari**, the heart of Finnish Lapland’s Sami culture. Visit **Siida**, the Sami Museum and Nature Center.
    *   *Stay:* Inari (try a lakeside cabin or glass igloo).
*   **Day 3: Wilderness of Inari**
    *   Take a boat cruise on Lake Inari to the sacred Ukko Island, go hiking in Urho Kekkonen National Park, or try fishing. 
*   **Day 4: Lapland to Oulu (The Night Train or Drive)**
    *   Head south toward Oulu. If driving, stop at **Ranua Wildlife Park** to see arctic animals (polar bears, lynx, wolverines).
    *   *Alternative:* Catch the overnight VR sleeper train (""Santa Claus Express"") from Rovaniemi down to the south, saving a day of travel.

---

### **Phase 2: The Middle (Lakeland & Design)**
*Focus: Thousands of lakes, sauna culture, and Finnish design.*

*   **Day 5 & 6: Oulu & The Gulf of Bothnia**
    *   Oulu is a vibrant coastal tech city known for cycling and innovation. Explore the market square and take a ferry to **Hailuoto island** to see its unique landscape and lighthouse.
    *   *Stay:* Oulu.
*   **Day 7 & 8: Lakeland (Tampere or Jyväskylä)**
    *   Take a scenic train ride further south into the **Finnish Lakeland**. 
    *   Base yourself in **Tampere** (the ""Sauna Capital of the World"") or **Jyväskylä** (known for architecture by Alvar Aalto).
    *   *Must-do:* Rent a traditional lakeside summer cottage, swim in a pristine lake, and experience an authentic wood-fired Finnish sauna followed by a ""dip and sip.""
    *   *Stay:* Tampere.

---

### **Phase 3: The Urban South (Coast & Archipelago)**
*Focus: Coastal islands, historic towns, and Nordic city life.*

*   **Day 9: Tampere to Turku (approx. 1.5 hours by train)**
    *   Head to **Turku**, Finland’s oldest city and former capital. 
    *   Explore Turku Castle, the medieval cathedral, and restaurants along the Aura River.
    *   *Stay:* Turku.
*   **Day 10: The Turku Archipelago**
    *   Take a day trip into the **Turku Archipelago**, a stunning labyrinth of over 20,000 islands and islets. Drive or cycle parts of the ""Archipelago Trail.""
*   **Day 11 & 12: Helsinki (approx. 2 hours by train from Turku)**
    *   End your journey in the capital, **Helsinki**. 
    *   Explore the design district, the neoclassical Helsinki Cathedral, the unique Rock Church (Temppeliaukio), and take a ferry to the **Suomenlinna Sea Fortress**.
    *   Indulge in modern Nordic cuisine and visit a public urban sauna like *Allas Sea Pool* or *Löyly*.
    *   *Stay:* Helsinki.
*   **Day 13: Departure**
    *   Fly out of Helsinki-Vantaa Airport.

---

### **Practical Tips for This Trip:**

1.  **Logistics (Fly-Drive-Train Combo):** 
    *   Fly *into* Rovaniemi (RVN).
    *   Rent a car for the Lapland portion (Rovaniemi to Inari).
    *   Use Finland’s clean, reliable **VR trains** for the middle and southern legs (Oulu -> Tampere -> Turku -> Helsinki). You can even take your car on certain trains if you prefer driving the whole way.
    *   Fly *out* of Helsinki (HEL).
2.  **When to Go:**
    *   **June–August:** For the Midnight Sun, lush green forests, swimming in lakes, and hiking.
    *   **December–March:** For winter wonderlands, dog sledding, snowmobiling, and the Northern Lights. (Note: It will be very cold and dark in the north).
3.  **Pacing:** This is a diverse trip covering about 1,000+ kilometers from top to bottom. If you have less than 12 days, cut out the far north (Inari) and stick to **Rovaniemi – Lakeland – Helsinki**."
115,finland,creative,Gemini 3.5 Flash-Lite,Imagine spending a full day in Finland without using a car. Describe the day.,"The morning air in Helsinki is crisp, smelling faintly of the Baltic Sea and pine needles, even in the heart of the city. My day without a car begins not with the roar of an ignition, but with the gentle, rhythmic *clack-clack* of my boots on the granite pavement as I walk the three blocks to the nearest tram stop. 

I tap my HSL (Helsinki Regional Transport) card against the reader just as Tram 4 glides up, silent and sleek. I grab a window seat. Through the glass, the art nouveau architecture of the Katajanokka district rolls past—pastel facades, copper turrets, and the towering white bulk of the Uspenski Cathedral catching the early morning sun. 

We glide toward the market square, *Kauppatori*. I hop off and let the scent of freshly roasted coffee and fried vendace (small Baltic fish) pull me toward the harbor. I order a cup of steaming *kahvi* and a cinnamon bun (*korvapuusti*) from a market tent, eating it on a wooden bench while watching gulls wheel over the harbor and the massive orange ferries preparing to depart for Stockholm.

At 10:00 AM, it’s time to head north, deeper into the Finnish landscape. I walk the short distance to Helsinki Central Station, a masterpiece of Eliel Saarinen’s art deco design, guarded by four stern stone giants holding glowing globes. I board the VR commuter train heading toward Kerava, but instead of staying on the urban tracks, I transfer to a regional bus at Tikkurila. 

My destination is Nuuksio National Park, a wild expanse of forests, lakes, and moss-draped rocks just 45 minutes outside the city. Navigating Finland’s public transit requires zero guesswork; the Matkahuolto app seamlessly combines trains and buses into one itinerary. 

When the bus lets me know we’ve reached the edge of the wilderness, I step out into a cathedral of silence. The city noise is instantly replaced by the whispering of towering spruce trees and the crunch of gravel underfoot. I hike the Haukankierros trail. The path winds over massive, glacier-smoothed granite boulders, hugging the dark, mirror-like shores of Lake Haukkalampi. There are no cars here—only the occasional passing hiker offering a cheerful *""Päivää""* and the woodpecker drumming a frantic rhythm in the canopy above.

By mid-afternoon, hunger sets in. I hike back to the park entrance where a seasonal bus connects hikers back to the Espoon Haagan railway station. On the train ride back into the city, the soft hum of the electric engine lulls me into a relaxed trance.

Back in Helsinki, evening has settled, painting the sky in bruised shades of lavender and amber. I trade my hiking boots for walking shoes and head straight for Löyly, a futuristic, wooden architectural marvel perched right on the edge of the sea in Hernesaari. 

This is the ultimate Finnish ritual. I strip down, enter the wood-scented heat of the smoke sauna, and let the searing air work through the tension of the day's hike. When the heat becomes too much, I step out onto the terrace and take the wooden ladder straight down into the bracing, shockingly cold waters of the Baltic Sea. Floating on my back under the vast Nordic sky, the water buoys me up. 

Dry and glowing from the sauna, I walk ten minutes to a neighborhood bistro in Punavuori. There’s no parking anxiety, no traffic to fight. I slide into a booth and order pan-fried salmon with dill potatoes and a crisp glass of white wine. 

As I walk home under the streetlamps, the city is quiet. The streets belong not to metal and rubber, but to pedestrians, cyclists, and the cool night air. Spending a day without a car in Finland doesn't feel like a restriction; it feels like an unhurried, frictionless homecoming to the rhythm of the world."
116,finland,reasoning,Gemini 3.5 Flash-Lite,What factors contribute to Finland's reputation for a high quality of life?,"Finland’s consistent ranking at the top of global quality-of-life indices—including holding the title of the **World’s Happiest Country** in the UN World Happiness Report for seven consecutive years—is the result of a unique combination of social, economic, and cultural factors. 

Here are the primary pillars that contribute to Finland’s high quality of life:

### 1. A World-Class Education System
* **Equity over Excellence:** Finland’s education system focuses on equity, cooperation, and lifelong learning rather than competition and standardized testing. 
* **High Teacher Status:** Teachers are required to hold a Master’s degree, are highly respected (on par with doctors and lawyers), and enjoy a great deal of professional autonomy.
* **No Tuition Fees:** Education is completely free from pre-primary school through higher education, ensuring that social background does not dictate future success.

### 2. Comprehensive Social Welfare and Safety Nets
* **Universal Healthcare:** Finland offers high-quality, heavily subsidized healthcare to all residents, drastically reducing the financial stress associated with illness.
* **Generous Support Systems:** The welfare state provides robust support for families, including subsidized childcare, paid parental leave for both mothers and fathers, and child allowances.
* **Eradicating Homelessness:** Finland is the only EU country where homelessness is decreasing, largely due to its ""Housing First"" policy, which provides unconditional permanent housing alongside support services.

### 3. Work-Life Balance and Labor Rights
* **Emphasis on Leisure:** Finns strongly believe in the importance of free time, hobbies, and spending time with family. Working excessive overtime is culturally discouraged.
* **Generous Vacation:** Employees typically receive a minimum of four to five weeks of paid annual leave, in addition to numerous public holidays.
* **Flexible Work:** Finland was a pioneer in flexible working hours, allowing many employees to adjust their schedules to fit their personal lives long before the global shift toward remote work.

### 4. Deep Connection to Nature
* **The Great Outdoors:** Forests cover over 70% of Finland, and the country boasts roughly 188,000 lakes. Access to nature is seen as essential for mental and physical well-being.
* **Everyman’s Right (*Jokamiehenoikeus*):** This legal right allows everyone the freedom to roam, forage for berries and mushrooms, and camp on public and private land, provided they respect nature and property.
* **Clean Environment:** Finland consistently ranks among the countries with the cleanest air and water in the world.

### 5. High Social Trust and Low Corruption
* **Trust in Institutions:** Finns have an exceptionally high level of trust in their government, police, courts, and public institutions. For example, studies often show that people eagerly and honestly pay their taxes because they see a direct return in public services.
* **Interpersonal Trust:** There is a strong sense of community and honesty. A famous social experiment by *Reader’s Digest* dropped 12 wallets in cities around the world; Helsinki returned 11 of them, making it the highest-ranking European city for lost wallets.

### 6. Gender Equality
* **Pioneering Equality:** Finland was the first country in the world to give all citizens full political rights (the right to vote and to run for office) in 1906. 
* **Closing the Gap:** Today, gender equality is deeply embedded in society. Women hold prominent roles in business and politics (including recent young female prime ministers), and the gender pay gap is actively and continuously addressed.

### 7. Cultural Values: *Sisu* and *Kalsarikännit*
* **Sisu:** This is a uniquely Finnish concept representing stoic determination, resilience, and perseverance in the face of extreme adversity. It helps explain how Finns endure long, dark, and freezing winters.
* **Kalsarikännit (Pajamas Drinking):** While humorous, this concept reflects the Finnish appreciation for cozy, unpretentious relaxation at home in comfortable clothes, promoting mental decompression.

### Summary
Ultimately, Finland's high quality of life is not built on the accumulation of extreme wealth, but rather on **security, trust, equality, and sustainability**. By ensuring that basic needs are met for everyone, society creates an environment where individuals have the freedom and peace of mind to pursue fulfilling lives."
117,finland,explanation,Gemini 3.5 Flash-Lite,Explain how long winter nights and long summer days occur in Finland.,"The dramatic contrast between long winter nights and long summer days in Finland is caused by two main factors: **the tilt of the Earth’s axis** and **Finland’s high northern latitude**. 

Here is a step-by-step explanation of how it works.

---

### 1. The Earth’s Tilt (The 23.5-Degree Angle)
Earth does not spin straight up and down; it is tilted on its axis at an angle of approximately 23.5 degrees. As Earth travels in an orbit around the sun once a year, this tilt remains fixed in the same direction. 

Because of this tilt, different parts of the planet receive varying amounts of direct sunlight throughout the year. 

### 2. Finland’s Location
Finland is located far north on the globe. A significant portion of the country lies **above the Arctic Circle** (at 66°33′ N), and the entire country is in the far northern latitudes. This geographic position makes Finland extremely sensitive to the Earth's tilt.

---

### Summer: The Season of the ""Midnight Sun""
During the summer months (roughly from May to August), the **Northern Hemisphere is tilted toward the sun**. 

* **Continuous Daylight:** Because of the northern tilt, the Arctic region is pointed toward the sun for a full 24-hour rotation. As the Earth spins, Finland remains in the sunlight. 
* **The Midnight Sun:** In northern Finland (Lapland), the sun does not set below the horizon for about two months straight (from late May to late July). Even in southern Finland (like Helsinki), summer nights are extremely short, featuring a prolonged twilight where the sun dips below the horizon for only a few hours, resulting in ""white nights"" where it never gets fully dark.

---

### Winter: The Season of ""Kaamos"" (Polar Night)
During the winter months (roughly from November to January), the **Northern Hemisphere is tilted away from the sun**. 

* **Continuous Darkness:** Because of the southern tilt, the Arctic region is pointed away from the sun. As the Earth spins, the far north of Finland receives no direct sunlight at all.
* **Kaamos:** In Finnish, this period of polar night is called *kaamos*. In the northernmost parts of Lapland, the sun stays below the horizon for about 50 days straight. However, this does not mean total pitch blackness; around midday, there is often a few hours of twilight that casts a bluish, glowing light on the snow, known as ""blue moment.""
* **Short Days in the South:** In southern Finland, the sun does rise, but the days are very short. In December, the sun rises around 9:00 AM and sets around 3:00 PM, giving just a few hours of daylight.

---

### Spring and Autumn: The Equinoxes
Between these two extremes are spring (autumn) and spring (vernal) equinoxes (around March and September). During these times, the tilt of the Earth is side-on to the sun, meaning day and night are of roughly equal length all over the world, including Finland. However, the transition is rapid: daylight hours increase dramatically in the spring and decrease just as quickly in the autumn."
118,finland,comparison,Gemini 3.5 Flash-Lite,Compare Finnish communication styles with typical American communication styles.,"Comparing Finnish and American communication styles offers a fascinating study in contrasts. While both cultures value honesty and egalitarianism, the way they express themselves, process silence, and handle social interactions differs significantly. 

Here is a detailed comparison across several key dimensions:

### 1. Directness and Honesty
*   **Finland:** Finns are renowned for extreme directness and literalness. They mean what they say and say what they mean. Small talk is kept to a minimum, and hyperbole or exaggeration is rare. If a Finn says, ""That is an interesting idea,"" they genuinely mean it’s interesting—not necessarily that it’s good. 
*   **America:** Americans value directness in a professional context, but their communication is heavily cushioned by politeness, optimism, and enthusiasm. Americans often use hyperbole (""This is the best coffee in the world!"") and indirect phrasing to soften bad news or avoid conflict. 

### 2. The Attitude Toward Silence
*   **Finland:** Silence is not awkward in Finland; it is comfortable, respectful, and valued. Finns do not feel a compulsive need to fill every conversational pause. Silence allows people time to process information and formulate precise thoughts.
*   **America:** Americans are generally uncomfortable with silence in conversations. A pause of more than a few seconds is often perceived as awkward, a sign of disinterest, or a conversational breakdown. Americans tend to rush in to fill the ""dead air.""

### 3. Small Talk and Socializing
*   **Finland:** Small talk is viewed with suspicion or seen as superficial and insincere. Finns prefer deep, meaningful conversations or peaceful silence. Strangers do not casually chat on public transport or in elevators. 
*   **America:** Small talk is a crucial social lubricant in the U.S. Americans are exceptionally comfortable chatting with strangers (e.g., in checkout lines, Ubers, or elevators) about the weather, sports, or neutral topics. This friendliness, however, does not necessarily mean they are trying to form a deep, lifelong friendship.

### 4. Emotional Expression and Enthusiasm
*   **Finland:** Emotional restraint is the norm. Finns value *rauhallisuus* (calmness/tranquility). Over-the-top enthusiasm, loud laughter, or excessive emotional display in public can be viewed as untrustworthy or lacking self-control. 
*   **America:** American communication is high-energy and expressive. Smiles, laughter, and high energy are expected in customer service, workplaces, and social gatherings. Positivity is a cultural norm, and expressing pessimism or neutrality can be seen as a negative attitude.

### 5. Conflict and Criticism
*   **Finland:** Constructive criticism is delivered plainly and without emotional padding. Finns separate the person from the issue, so receiving blunt feedback is not usually taken as a personal attack. They prefer to address problems objectively.
*   **America:** Americans often use the ""compliment sandwich"" method (praise, criticism, praise) to deliver negative feedback so as not to demoralize the recipient. Confrontation is generally avoided, and criticism is often softened to protect feelings.

### 6. Personal Space and Boundaries
*   **Finland:** Physical and psychological personal space is vast. Finns deeply respect boundaries. Invading someone’s physical bubble or asking overly personal questions early in a relationship is considered rude. Friendships take a long time to form, but once a Finn considers you a friend, it is usually for life.
*   **America:** Americans are physically more expressive (e.g., casual touching on the shoulder, hugging) and tend to share personal information—such as family details, career history, or emotional states—much earlier in relationships. They form acquaintanceships very quickly, though these relationships can sometimes be transient.

### Summary Analogy
A common joke illustrates the difference:
*   *An introvert American* looks at their own shoes when talking to you. 
*   *An extrovert Finn* looks at *your* shoes when talking to you.

In short, **American communication is expansive, optimistic, and relational**, designed to build quick bridges and keep social interactions smooth and positive. **Finnish communication is minimalist, factual, and authentic**, prioritizing truth, personal space, and the elimination of unnecessary words."
119,finland,planning,Gemini 3.5 Flash-Lite,Create a packing list for a first-time visitor to Finland in December.,"Visiting Finland in December is an incredible experience—you’ll get snow-covered landscapes, cozy candlelit cafes, saunas, and a chance to meet Santa Claus. However, **December is dark and very cold** (temperatures range from -1°C to -20°C / 30°F to -4°F, and even colder in Lapland). 

The golden rule for Finland in winter is **layering** and **proper footwear**. Here is a comprehensive packing list for a first-time visitor.

---

### 1. The 3-Layer Clothing System
Cotton is your enemy in the Finnish winter because it holds moisture and makes you cold. Opt for wool, fleece, and synthetic materials.

*   **Base Layer (Thermal underwear):** 
    *   2–3 sets of moisture-wicking long underwear (Merino wool is the absolute best).
    *   2–3 pairs of wool socks (look for 70%+ merino wool). Avoid tight socks, as restricted blood flow causes cold feet.
*   **Mid Layer (Insulation):**
    *   1–2 fleece jackets or wool sweaters.
    *   1 pair of fleece or wool trousers (especially important if you are going to Lapland or doing winter activities).
*   **Outer Layer (Shell):**
    *   1 heavy-duty, windproof, and waterproof winter parka. (Longer coats that cover your thighs are much warmer).
    *   1 pair of waterproof, windproof snow pants/ski trousers.

---

### 2. Footwear
Slips and falls are common for first-timers in Finland. Standard sneakers will not cut it.

*   **Winter Boots:** Waterproof, insulated boots with a good grip (soles with deep treads). Brands like Sorel, Columbia, or Merrell are great. 
*   **Ice Cleepers/Spikes (Kengänliukuesteet):** You can buy these slip-on rubber spikes at any Finnish grocery store or pharmacy (called *Apteekki*) for around €5–€10. They are lifesavers for walking on icy city sidewalks in Helsinki.

---

### 3. Accessories
Extreme cold enters through your extremities. Do not skimp here.

*   **Headwear:** A warm beanie (hat) that covers your ears. Windproof is best.
*   **Neckwear:** A wool or fleece neck gaiter (buff) or scarf. 
*   **Gloves/Mittens:** 
    *   1 pair of thin touchscreen-compatible liner gloves.
    *   1 pair of heavy-duty, waterproof ski mittens (mittens are warmer than gloves because your fingers share body heat).
*   **Balaclava or Face Mask:** Essential if you plan to do snowmobiling, husky safaris, or spend long hours outdoors in Lapland.

---

### 4. Toiletries & Health
The Finnish air is dry, and the sun sets very early.

*   **Heavy-duty moisturizer:** Cold air and indoor heating dry out skin fast.
*   **Lip balm:** Preferably with SPF (snow reflects sunlight strongly).
*   **Eyedrops:** Indoor heating can make eyes very dry.
*   **Hand warmers (Chemical heat packs):** Great to slip into your gloves or boots during long outdoor excursions.
*   **Vitamin D:** Finns take this in winter due to the lack of sunlight—consider bringing some!
*   **Any personal medications:** (Plus a copy of your prescription just in case).

---

### 5. Electronics
Batteries drain *extremely* fast in sub-zero temperatures.

*   **Power Bank:** Keep your phone and camera charged by keeping the power bank close to your body heat in an inside pocket.
*   **Universal Adapter:** Finland uses Type C and Type F plugs (standard European plugs).
*   **Camera/Phone:** Bring extra memory cards and keep devices warm when not in use.

---

### 6. Miscellaneous & Gear
*   **Daypack:** A sturdy, water-resistant backpack for daily exploring.
*   **Reusable Water Bottle:** Tap water in Finland is some of the cleanest in the world; save money and plastic by filling up anywhere.
*   **Swimsuit:** **Crucial!** You cannot visit Finland without experiencing a traditional Finnish sauna, usually followed by plunging into an ice-cold lake or snowbank. 
*   **Reflectors (*Heijastin*):** Finland requires pedestrians to wear reflectors in the dark so drivers can see them. You can buy cute, cheap reflector tags at any shop, or buy a reflector vest.

---

### Pro-Tips for First-Timers:
1.  **Don’t overpack casual clothes:** Finns are very practical and casual. You don’t need fancy clothes for restaurants; a nice sweater and jeans (with thermals underneath!) are fine everywhere.
2.  **Leave room for souvenirs:** Leave space in your bag for Finnish design items (Marimekko, Iittala glass), warm woolens, or Fazer chocolate.
3.  **Renting gear:** If you are only doing one day of heavy snowmobiling in Lapland, tour operators usually provide heavy suits, boots, and helmets. Check with your tour provider before buying expensive gear you might only use once."
120,finland,reasoning,Gemini 3.5 Flash-Lite,What are some advantages and challenges of living in Finland?,"Living in Finland—consistently ranked as one of the happiest countries in the world—comes with a unique set of benefits and hurdles. Whether you are considering moving there or just curious, here is a breakdown of the primary advantages and challenges of living in Finland.

---

### **Advantages**

#### 1. High Quality of Life and Safety
* **Safety:** Finland is one of the safest countries globally. Crime rates are very low, and people generally have a high level of trust in each other and in authority (including the police).
* **Work-Life Balance:** Finns value personal time. The standard work week is 37.5 hours, overtime is rare, and employees are entitled to a minimum of four weeks of paid summer vacation plus winter holidays. Burnout is actively combated by employers and society.
* **Clean Environment:** Finland boasts some of the cleanest air and water in the world. Vast forests (covering over 70% of the land) and tens of thousands of lakes make it a paradise for nature lovers.

#### 2. World-Class Welfare System
* **Education:** Education is free from preschool all the way through university, even for many international students (though non-EU/EEA students face tuition fees for English-taught programs). The school system focuses on equality and student well-being rather than standardized testing.
* **Healthcare:** Public healthcare is heavily subsidized and high quality. While you may have to wait for non-urgent care, emergency services are reliable and affordable.
* **Social Safety Net:** Generous parental leave (shared between mothers and fathers), unemployment benefits, and child allowances ensure that poverty is heavily mitigated.

#### 3. Equality and Transparency
* **Gender Equality:** Finland is a pioneer in gender equality. Women hold prominent roles in politics and business, and parental leave policies encourage both parents to share childcare.
* **Low Corruption:** Finland consistently ranks as one of the least corrupt nations in the world. Bureaucracy is efficient, transparent, and digitalized (almost everything can be done online).

#### 4. The ""Everyman’s Right"" (*Jokamiehenoikeus*)
* This unique legal right allows anyone to roam freely in nature, forage for wild berries and mushrooms, camp temporarily, and fish with a rod and line on public and private lands, provided they respect nature and private property.

---

### **Challenges**

#### 1. The Climate and Dark Winters
* **Darkness:** While summers bring the ""Midnight Sun"" (endless daylight), winters bring the opposite: *Kaamos* (polar night), where parts of northern Finland see no direct sunlight for weeks, and southern Finland experiences only 4–6 hours of dim daylight in December.
* **Cold and Snow:** Winters are long, freezing, and snowy. Temperatures can drop below -30°C (-22°F) in winter, requiring significant adaptation in clothing, driving, and home heating.
* **Seasonal Affective Disorder (SAD):** The lack of sunlight takes a toll on mental health, making Vitamin D supplements and outdoor activity during daylight hours essential for survival.

#### 2. Social Integration and Culture
* **Making Friends:** Finns are notoriously polite, honest, and reliable, but they are also exceptionally reserved. Personal space is sacred, and small talk is rare. Breaking into local social circles can take years, and loneliness is a common complaint among expats.
* **The Language Barrier:** While English proficiency in Finland is among the highest in the non-native English-speaking world, learning Finnish is notoriously difficult. It is a Finno-Ugric language unrelated to Indo-European languages (like English, Swedish, or German). Furthermore, fluency in Finnish (or Swedish) is almost always required to secure a good job outside of the tech and academic sectors.

#### 3. Cost of Living and Taxes
* **High Taxes:** Finland has a progressive tax system. Income tax and VAT (currently 25.5% on most goods and services) are high, though residents see a direct return in public services and infrastructure.
* **Expensive Consumer Goods:** Alcohol, dining out, cars, and imported goods are heavily taxed and expensive. Housing in the capital region (Helsinki, Espoo, Vantaa) is also costly.

#### 4. The Job Market
* **Hidden Job Market:** Finding a job can be difficult for foreigners. Networking is crucial, and the job market is relatively small. Without fluent Finnish, career options are often limited to specific niches like tech, engineering, or international business.

---

### **Summary**
Living in Finland is ideal for those who value **peace, quiet, nature, safety, and a functional society**, and who do not mind the cold and the dark. However, it requires patience, resilience against the winter weather, and proactive effort to build a social network and learn the local language."
121,academic,math,Gemini 3.5 Flash-Lite,Solve 3x + 7 = 25 and explain each step.,"To solve the equation **$3x + 7 = 25$**, we want to isolate the variable $x$ on one side of the equation. Here are the step-by-step instructions:

### **Step 1: Isolate the term with the variable ($3x$)**
To get $3x$ by itself, we need to eliminate the $+ 7$ on the left side. We do this by performing the opposite operation, which is subtracting $7$ from both sides of the equation to keep it balanced.

$$3x + 7 - 7 = 25 - 7$$

$$3x = 18$$

### **Step 2: Isolate the variable ($x$)**
Now we have $3$ multiplied by $x$ equals $18$ ($3x = 18$). To get $x$ completely by itself, we do the opposite of multiplication, which is division. Divide both sides of the equation by $3$.

$$\frac{3x}{3} = \frac{18}{3}$$

$$x = 6$$

---

### **Check Your Work (Optional):**
You can check if the answer is correct by plugging $6$ back into the original equation where the $x$ is:

$$3(6) + 7 = 25$$
$$18 + 7 = 25$$
$$25 = 25$$

Since both sides are equal, our solution **$x = 6$** is correct!"
122,academic,math,Gemini 3.5 Flash-Lite,A rectangle has a length of 12 meters and a width of 7 meters. Find its area and perimeter.,"To find the area and perimeter of the rectangle, we use the given dimensions:
*   Length ($l$) = $12\text{ meters}$
*   Width ($w$) = $7\text{ meters}$

### 1. Area
The formula for the area of a rectangle is:
$$\text{Area} = \text{length} \times \text{width}$$

$$\text{Area} = 12 \times 7 = 84\text{ square meters}$$

### 2. Perimeter
The formula for the perimeter of a rectangle is:
$$\text{Perimeter} = 2 \times (\text{length} + \text{width})$$

$$\text{Perimeter} = 2 \times (12 + 7)$$
$$\text{Perimeter} = 2 \times 19 = 38\text{ meters}$$

### Summary:
*   **Area:** $84\text{ m}^2$
*   **Perimeter:** $38\text{ m}$"
123,academic,math,Gemini 3.5 Flash-Lite,Explain the difference between a derivative and an integral in simple terms.,"Think of a derivative and an integral as two sides of the same coin. They are the main tools of calculus, and they basically do **opposite things**. 

Here is the easiest way to think about them using a car trip:

### 1. The Derivative: Finding the Rate of Change
**The concept:** Zooming in to find out *how fast* something is changing at one exact moment.

*   **In car terms:** Imagine you are on a road trip. You look down at your speedometer and it says **60 mph**. That number is a derivative. It tells you your exact speed *at that exact second*. 
*   **The Big Idea:** Derivatives break things down. If you have the total distance you traveled, the derivative tells you your **speed** at any given moment. 

### 2. The Integral: Accumulating Things
**The concept:** Adding a bunch of tiny pieces together to find a **total amount** or an area.

*   **In car terms:** Imagine your speedometer is broken, but you kept a log of your speed every minute for a whole hour. An integral takes all those speeds, adds them up, and figures out the **total distance** you traveled.
*   **The Big Idea:** Integrals build things up. If you know your **speed** at every moment, the integral tells you the **total distance** you went.

---

### Summary
*   **Derivative:** Goes from **Total $\rightarrow$ Speed** (Breaks it down, finds the slope/rate).
*   **Integral:** Goes from **Speed $\rightarrow$ Total** (Adds it up, finds the area). 

If you're driving and you want to know how fast you are accelerating right now, use a **derivative**. If you want to know how much gas you used over the whole trip by adding up your usage every second, use an **integral**."
124,academic,math,Gemini 3.5 Flash-Lite,A car travels 180 miles in 3 hours. Calculate its average speed.,"To calculate the average speed, use the formula:

$$\text{Average Speed} = \frac{\text{Total Distance}}{\text{Total Time}}$$

Given:
* Distance = 180 miles
* Time = 3 hours

$$\text{Average Speed} = \frac{180 \text{ miles}}{3 \text{ hours}} = 60 \text{ mph}$$

The average speed of the car is **60 miles per hour (mph)**."
125,academic,math,Gemini 3.5 Flash-Lite,Explain why dividing by zero is undefined.,"To understand why dividing by zero is undefined, it helps to look at division not just as a math rule, but as a logical process. 

Here are three different ways to explain why dividing by zero ""breaks"" mathematics.

---

### 1. The Inverse of Multiplication (The Logic Approach)
In mathematics, division is the exact opposite (the inverse) of multiplication. 

Think about a normal division problem:
* **$12 \div 3 = ?$** 
* To solve this, you ask yourself: **""What number multiplied by $3$ equals $12$?""**
* The answer is $4$, because $4 \times 3 = 12$.

Now, let's try that with zero:
* **$12 \div 0 = ?$**
* To solve this, you must ask: **""What number multiplied by $0$ equals $12$?""**

Here is where the problem arises: **Any number multiplied by $0$ is always $0$.** There is no number in existence that, when multiplied by $0$, can give you $12$. Because no answer makes sense, the equation has **no solution**, making it *undefined*.

---

### 2. What about $0 \div 0$? (The Indeterminate Approach)
What happens if we try to divide zero by zero?
* **$0 \div 0 = ?$**
* We ask: **""What number multiplied by $0$ equals $0$?""**

This time, *every* number works! 
* $5 \times 0 = 0$
* $100 \times 0 = 0$
* $-7 \times 0 = 0$

Because *any* number is a valid answer, you can't pin down a single correct answer. In mathematics, if an expression can equal anything, it is useless for calculations, so we call it **indeterminate**.

---

### 3. The Limits Approach (The Calculus Way)
If you try to approach division by zero using calculus, you look at what happens when you divide a number by smaller and smaller denominators. Let’s divide $1$ by smaller and smaller fractions:

* $1 \div 1 = 1$
* $1 \div 0.1 = 10$
* $1 \div 0.01 = 100$
* $1 \div 0.0001 = 10,000$
* $1 \div 0.0000001 = 10,000,000$

As the denominator gets closer and closer to $0$, the answer gets infinitely large (approaching infinity, $\infty$). 

However, what if we approach zero from the negative side?
* $1 \div -1 = -1$
* $1 \div -0.1 = -10$
* $1 \div -0.001 = -1,000$
* $1 \div -0.0000001 = -10,000,000$

Here, as the denominator approaches zero from the negative side, the answer approaches **negative infinity ($-\infty$)**.

Because approaching zero from the positive side yields positive infinity, while approaching from the negative side yields negative infinity, the two sides never meet. Therefore, at the exact point of zero, the value cannot be determined.

---

### Summary
If we allowed division by zero, the entire structure of algebra would collapse. For example, if $0 \times 1 = 0$ and $0 \times 2 = 0$, then $0 \times 1 = 0 \times 2$. If you were allowed to ""divide by zero"" to cancel them out, you would end up with $1 = 2$. 

To keep mathematics consistent, logical, and useful, **division by zero is strictly forbidden and labeled ""undefined.""**"
126,academic,logic,Gemini 3.5 Flash-Lite,"If all roses are flowers and some flowers fade quickly, can we conclude that some roses fade quickly? Explain.","**No, we cannot conclude that some roses fade quickly.** 

Here is the explanation based on formal logic:

1. **Premise 1:** All roses are flowers. (This means the category ""roses"" is entirely contained within the category ""flowers."")
2. **Premise 2:** Some flowers fade quickly. (This means there is an overlap between ""flowers"" and things that ""fade quickly."")

**Why the conclusion fails:**
Even though roses are flowers, the premise only states that *some* flowers fade quickly—not *all* of them. It is entirely possible that the flowers that fade quickly are daisies, tulips, or sunflowers, while roses belong to the group of flowers that do *not* fade quickly. 

In logic, assuming that a property belonging to a group (""some flowers"") automatically applies to a specific subgroup (""roses"") when it hasn't been proven is known as the **fallacy of the undistributed middle** or a **faulty generalization**."
127,academic,logic,Gemini 3.5 Flash-Lite,A farmer has 17 sheep and all but 9 run away. How many sheep remain? Explain your reasoning.,"**9 sheep** remain. 

**Reasoning:**
The phrasing ""all but 9 run away"" means that out of the total 17 sheep, all of them escaped *except* for 9. Therefore, those 9 are the ones that stayed behind."
128,academic,science,Gemini 3.5 Flash-Lite,Explain Newton's third law using an everyday example.,"**Newton’s Third Law of Motion** states that: 
> *For every action, there is an equal and opposite reaction.*

This means that forces *always* come in pairs. When you push on an object, that object pushes back on you with the exact same amount of force, but in the opposite direction.

### Everyday Example: Jumping Off a Small Boat

Imagine you are standing in a small rowboat on a calm lake, and you decide to jump onto the dock. 

1. **The Action:** To launch yourself forward, your legs **push backward** against the floor of the boat. 
2. **The Reaction:** Because of Newton's Third Law, the boat **pushes forward** against your feet, propelling you through the air toward the dock.

However, because the boat is relatively light and floating on water (low friction), you will notice a side effect: **the boat shoots backward** away from the dock at the same time you jump forward. 

### Why does this happen?
* You exerted a force on the boat.
* The boat exerted an **equal and opposite** force on you. 

Even though the forces are equal, the results look different because of your masses. You have more mass and traction (via your connection to the water/dock eventually), so you go forward. The boat has less resistance in the water, so it zips backward! 

### Other quick examples:
* **Walking:** Your feet push backward against the ground, and the ground pushes you forward.
* **Typing:** Your fingers push down on the keys, and the keys push up against your fingers with the same force. 
* **A Balloon:** Air rushes *out* of the bottom (action), and the balloon is pushed *up* into the air (reaction)."
129,academic,science,Gemini 3.5 Flash-Lite,Why does ice float on liquid water?,"Ice floats on liquid water because of a unique property of water: **it is less dense as a solid than it is as a liquid.** 

Here is a step-by-step breakdown of why this happens:

### 1. The Behavior of Most Substances
Normally, when substances freeze (turn from liquid to solid), their particles move closer together as they lose energy, causing the material to shrink and become **denser**. Because solid forms are usually denser, most solids sink in their own liquids.

### 2. Water’s Special Molecular Structure
A water molecule ($H_2O$) is made of two hydrogen atoms and one oxygen atom. When water is a **liquid**, the molecules are close together, sliding past each other, and constantly forming and breaking loose bonds (called *hydrogen bonds*). 

### 3. The Freezing Process and the ""Crystalline Lattice""
When water cools down to $0^\circ\text{C}$ ($32^\circ\text{F}$) and freezes, the molecules slow down and settle into a fixed, rigid structure called a **crystalline lattice**. 

To maintain stable hydrogen bonds in this solid state, the water molecules have to push slightly further apart from one another than they were in the liquid state. 

### 4. The Result: Expanded Volume and Lower Density
Because the molecules are pushed further apart in the solid lattice, ice takes up about **9% more space** (volume) than the same amount of liquid water. 

* **Density** is mass divided by volume. 
* Since the volume increases while the mass stays the same, **the density of ice decreases.**

Because ice has a lower density ($0.92\text{ g/cm}^3$) than liquid water ($1.0\text{ g/cm}^3$), it floats.

---

### Why this matters for the planet:
This unusual property is crucial for life on Earth. Because ice floats, lakes and oceans freeze from the top down. The layer of ice acts as an insulating blanket, protecting the liquid water underneath so that fish and other aquatic life can survive through the winter. If ice sank, bodies of water would freeze solid from the bottom up, destroying most aquatic ecosystems."
130,academic,science,Gemini 3.5 Flash-Lite,Explain photosynthesis to a middle school student.,"Imagine you are a master chef, but instead of cooking in a kitchen, your kitchen is a green leaf, and your specialty is making pure energy. 

That is basically **photosynthesis** (fo-toe-SIN-thuh-sis). It’s the amazing process plants use to make their own food. 

Here is how the ""recipe"" works. Every plant needs three main ingredients:

1. **Sunlight:** Plants have a superpower. They can catch light from the sun using a special green chemical in their leaves called **chlorophyll** (which is also what makes leaves look green!).
2. **Water:** Plants drink water up through their roots from the soil.
3. **Carbon Dioxide:** This is a gas in the air that humans and animals breathe out when we exhale. Plants ""breathe"" it in through tiny microscopic holes in their leaves.

### How the Magic Happens:
Once the plant has gathered sunlight, water, and carbon dioxide, it mixes them all together inside the leaf. The sunlight acts like an oven, providing the energy to cook the ingredients. 

### The Finished Product:
When the cooking is done, the plant makes two things:
* **Glucose (Sugar):** This is the plant’s food! It gives the plant energy to grow tall, make flowers, and make fruits. 
* **Oxygen:** As a bonus, the plant makes oxygen and releases it back out into the air. 

And that is the coolest part: **Plants give us the air we breathe, and we give plants the carbon dioxide they need.** It’s like a giant, invisible friendship between humans and plants!"
131,academic,weather,Gemini 3.5 Flash-Lite,Explain the difference between weather and climate.,"The easiest way to understand the difference between **weather** and **climate** is to think of the saying: **""Climate is what you expect, weather is what you get.""**

Here is the breakdown of the two terms:

### 1. Weather
* **Definition:** Weather is the state of the atmosphere at a specific place and time. 
* **Timescale:** Short-term (minutes, hours, days, or weeks).
* **Examples:** A sudden thunderstorm, a freezing snow flurry on Tuesday, a heatwave this weekend, or a sunny, 75°F afternoon.
* **Key feature:** It changes constantly. It can be sunny in the morning, rainy by noon, and clear by night. 

### 2. Climate
* **Definition:** Climate is the average weather pattern of a region over a long period of time (usually 30 years or more).
* **Timescale:** Long-term (decades, centuries, or longer).
* **Examples:** The Sahara Desert has an *arid* (hot and dry) climate. Antarctica has a *polar* (cold and dry) climate. The Pacific Northwest has a *temperate* (mild and wet) climate.
* **Key feature:** It is stable and predictable. Even though you might have an unusually cold day in the summer, the *climate* of that region remains warm overall.

---

### A Helpful Analogy: Your Wardrobe

* **Weather is what you choose to wear today.** You look outside, see it’s raining, and grab an umbrella and a rain jacket. 
* **Climate is the entire contents of your closet.** If you live in Florida, your closet is full of shorts, t-shirts, and swimsuits because that fits the regional climate. If you live in Alaska, your closet is full of heavy coats, thermal underwear, and boots. 

In short, weather is a snapshot, and climate is the photo album."
132,academic,weather,Gemini 3.5 Flash-Lite,Why does warm air generally rise above cold air?,"Warm air generally rises above cold air because of a fundamental physical property: **density**. 

Here is the step-by-step breakdown of why this happens:

### 1. The Behavior of Molecules (Thermal Expansion)
Everything is made of molecules. When you heat a gas (like air), the molecules absorb thermal energy and move much faster and bounce off each other more vigorously. Because they are moving so fast, they push each other apart, taking up more space. This is called **thermal expansion**. 

### 2. Density Differences
Density is a measure of how much ""stuff"" (mass) is packed into a specific amount of space (volume). 
* **Warm air:** Because the molecules are spread far apart, a specific volume of warm air contains fewer molecules than the same volume of cold air. Therefore, **warm air is less dense**.
* **Cold air:** The molecules are slower and closer together, meaning more molecules are packed into that same volume. Therefore, **cold air is denser (heavier)**.

### 3. Buoyancy (The ""Under Water"" Analogy)
Gravity pulls down on all air molecules, but it pulls harder on the denser, heavier cold air. 

Imagine putting a wooden block (which is less dense) under water and letting go. The denser water is pulled down by gravity, squeezing underneath the wood and forcing the wood to float to the top. 

The exact same thing happens in the atmosphere. Gravity pulls the dense, heavy cold air downward. As the cold air sinks, it wedges under the lighter, less dense warm air, pushing the warm air upward. 

### Real-World Examples:
* **In your house:** Heat vents are usually placed near the floor because warm air naturally rises to heat the upper parts of the room, while cold air sinks to the floor.
* **Weather:** Warm air rising creates low-pressure systems, wind, and thunderstorms. 
* **Hot air balloons:** By heating the air inside the balloon, the air inside becomes less dense than the cooler air outside, causing the whole balloon to float upward."
133,academic,weather,Gemini 3.5 Flash-Lite,Explain how thunderstorms form.,"Thunderstorms are powerful, dynamic weather events that bring heavy rain, lightning, thunder, and sometimes hail or tornadoes. Despite their violence, they all start with a few basic atmospheric ingredients. 

Here is the step-by-step breakdown of how thunderstorms form.

---

### The Three Basic Ingredients
For a thunderstorm to develop, the atmosphere needs three crucial components:
1. **Moisture:** Water vapor in the lower atmosphere to fuel the storm clouds.
2. **Instability:** Warm air near the ground that is much warmer than the air high above it. This makes the warm air want to rise.
3. **Lift:** A trigger that forces the warm air upward. This can be a cold front, a mountain, or intense heat radiating from the sun-baked ground.

---

### The Three Stages of a Thunderstorm

A typical thunderstorm goes through a life cycle that lasts about 30 to 60 minutes and consists of three stages:

#### 1. The Cumulus Stage (Updrafts)
* **What happens:** The sun heats the Earth’s surface, which in turn heats the air directly above it. Because warm air is less dense than cold air, it begins to rise (this rising column of air is called an **updraft**). 
* **Cloud formation:** As the warm, moist air rises, it cools. When it reaches a certain height (the dew point), the moisture condenses into water droplets, forming a puffy cumulus cloud.
* **Growth:** The updraft continues to feed warm air into the cloud, causing it to grow vertically into a towering giant known as a *cumulonimbus* cloud. At this stage, there is no rain yet, and updrafts keep the water droplets suspended in the air.

#### 2. The Mature Stage (Updrafts and Downdrafts)
This is the most intense phase of the thunderstorm, characterized by violent weather.
* **Precipitation:** As the cloud grows higher, the water droplets and ice crystals in the top become too heavy for the updraft to support. They begin to fall, dragging cold air down with them. This creates a **downdraft**.
* **The Storm Engine:** You now have warm air rushing *up* (updraft) and cold rain/air rushing *down* (downdraft) side-by-side. 
* **The Weather:** When the downdraft hits the ground, it spreads out, creating the chilly, sudden gust of wind you feel right before a storm. This stage brings heavy rain, lightning, thunder, and sometimes hail.

#### 3. The Dissipating Stage (Downdrafts Dominate)
* **What happens:** The downdraft begins to choke off the updraft. Because the storm is no longer drawing in warm, moist air to fuel itself, it runs out of energy.
* **The End:** The heavy rain weakens to a light drizzle, the strong winds subside, and the cloud begins to break apart from the bottom up, often leaving behind wispy cirrus clouds.

---

### What Causes Lightning and Thunder?
Inside the storm cloud, billions of bits of ice, hail, and supercooled water droplets are constantly colliding. 
* **Charge Separation:** These collisions cause the smaller ice crystals to become positively charged (and float to the top of the cloud) while heavier, negatively charged particles (like hail) sink to the bottom.
* **Lightning:** When the negative charge at the bottom of the cloud gets large enough, it seeks out a positive charge (either on the ground or in another part of the cloud). A massive electrical spark shoots between them—this is **lightning**.
* **Thunder:** Lightning is extremely hot—around 50,000°F (5 times hotter than the sun). When the lightning bolt rips through the air, it superheats the air instantly, causing it to expand explosively and create a sonic shockwave. We hear this shockwave as **thunder**. *(Fun fact: Light travels faster than sound, which is why you see lightning before you hear thunder).*

---

### Types of Thunderstorms
* **Single-cell (Air Mass):** Small, short-lived storms caused by local afternoon heat. They are usually not severe.
* **Multi-cell:** A cluster of storms moving together. As one storm dies, the downdraft triggers new storms nearby. This is the most common type.
* **Supercell:** Rare, massive, rotating thunderstorms. They are the most dangerous and are often responsible for long-lived tornadoes, destructive winds, and giant hail."
134,academic,weather,Gemini 3.5 Flash-Lite,Why can coastal areas have milder temperatures than inland areas?,"Coastal areas generally have milder temperatures—meaning cooler summers and warmer winters compared to inland areas at the same latitude—primarily due to **water’s high specific heat capacity** and the movement of ocean currents and winds. 

Here is a breakdown of the key factors causing this phenomenon:

### 1. High Specific Heat Capacity of Water
Water requires a lot more energy (heat) to change its temperature than land does. It also holds onto that heat longer. 
* **In summer:** Land absorbs heat quickly and gets very hot. However, the nearby ocean absorbs the sun's energy much more slowly, keeping the water (and the air above it) relatively cool. Cool breezes off the ocean help keep coastal land cooler than inland areas.
* **In winter:** Land loses heat very rapidly and becomes cold. The ocean, having stored heat all summer and fall, releases that heat very slowly. Warm breezes off the ocean help keep coastal areas milder than freezing inland areas.

### 2. Ocean Currents
Ocean currents act like a global conveyor belt, moving warm water from the equator toward the poles, and cold water from the poles back toward the equator. 
* For example, the **Gulf Stream** brings warm water from the tropics up toward the eastern coast of the United States and across the Atlantic to Western Europe (making places like the UK and Ireland much milder in the winter than regions at similar latitudes, like central Canada).

### 3. Marine Breezes
Because land heats up and cools down faster than water, it creates daily pressure differences:
* **Sea breezes (daytime):** The sun heats the land faster than the water. Warm air over the land rises, and cooler air from the ocean rushes in to replace it, cooling the coast.
* **Land breezes (nighttime):** The land cools down faster than the ocean. Air over the ocean is now warmer and rises, while cooler air from the land blows out to sea.

### 4. Humidity and Cloud Cover
Coastal areas generally have higher humidity and more cloud cover. Water vapor in the air and clouds act like a blanket, trapping heat at night (preventing extreme drops in temperature) and reflecting sunlight during the day (preventing extreme temperature spikes). Inland areas tend to have drier air and clearer skies, allowing temperatures to swing wildly between day and night (diurnal temperature range).

### Summary
In short, **water acts as a temperature stabilizer**. Because inland areas lack large bodies of water to buffer the extreme changes in solar heating and cooling, they experience much harsher temperature extremes (hotter summers, colder winters)."
135,academic,weather,Gemini 3.5 Flash-Lite,Explain how meteorologists use air pressure to help predict weather.,"Air pressure is one of the most powerful tools meteorologists have for predicting the weather. By monitoring how air pressure changes over time and across different regions, forecasters can determine where the weather is going, how severe it will be, and what kind of conditions to expect. 

Here is a breakdown of how meteorologists use air pressure to forecast the weather.

---

### 1. Understanding the Baseline: Highs and Lows
Air pressure is the weight of the atmosphere pressing down on the Earth’s surface. Meteorologists measure it using instruments called **barometers** in units called millibars (mb) or inches of mercury (inHg). Average sea-level pressure is about 1013.25 mb. 

Meteorologists look for areas of **High Pressure** and **Low Pressure**:
*   **High-Pressure Systems (Anticyclones):** Air is denser and sinks toward the ground. Sinking air warms up, which prevents clouds from forming. 
    *   *Weather prediction:* Clear skies, calm winds, and fair, stable weather.
*   **Low-Pressure Systems (Cyclones/Depressions):** Air rises. As the warm air rises, it cools, and the moisture in it condenses to form clouds and precipitation. 
    *   *Weather prediction:* Cloudy, stormy, wet, and windy weather.

### 2. Reading Pressure Trends (The Barometer Rule)
The *change* in air pressure over a few hours is often more important than the actual reading at any given moment. Meteorologists use the trend to predict short-term changes:
*   **Rapidly Falling Pressure:** Indicates that a low-pressure system is approaching. Stormy, wet, or windy weather is likely on the way. (The phrase ""falling barometer"" historically signals approaching rain or snow).
*   **Rapidly Rising Pressure:** Indicates that a high-pressure system is moving in, bringing clearing skies and calmer conditions.
*   **Steady Pressure:** The current weather conditions are likely to persist.

### 3. Analyzing Isobars on Weather Maps
If you watch a weather forecast, you will often see weather maps covered in swirling lines. These lines are called **isobars** (lines connecting areas of equal air pressure). Isobars help meteorologists visualize pressure systems much like topographic lines show elevation on a hiking map.

*   **Spacing of Isobars:** The distance between isobars tells meteorologists about **wind speed**. 
    *   When isobars are **close together**, the pressure change over a short distance is steep (a strong pressure gradient). This creates **strong, gusty winds**.
    *   When isobars are **far apart**, the pressure change is gradual, resulting in **calm or light winds**.
*   **Wind Direction:** Wind always flows from areas of high pressure to areas of low pressure. However, due to the Earth’s rotation (the Coriolis effect), wind blows *around* high and low pressure systems rather than straight into them. By looking at isobars, forecasters can predict which direction the wind will blow and where it will carry temperature and moisture.

### 4. Tracking Fronts
Air pressure is crucial for identifying weather fronts—the boundaries where different air masses collide. 
*   **Cold Fronts:** A mass of dense, cold air pushes under a warm air mass, causing a sharp drop in pressure followed by a rapid rise, accompanied by thunderstorms, heavy rain, and dropping temperatures.
*   **Warm Fronts:** Warm air slides over cold air, usually marked by a gradual drop in pressure and steady, light precipitation over a larger area.

### Summary
In short, meteorologists use air pressure like a giant atmospheric pulse. By reading **barometers** and analyzing **isobars** on weather maps, they can answer three fundamental questions:
1. *Is the weather improving or worsening?* (Rising vs. falling pressure)
2. *Will it be clear or stormy?* (High vs. low pressure)
3. *How windy will it be?* (How close the isobars are)"
136,academic,math,Gemini 3.5 Flash-Lite,What is the probability of rolling a six on a fair six-sided die twice in a row? Explain.,"The probability of rolling a six on a fair six-sided die twice in a row is **$\frac{1}{36}$** (or about **$2.78\%$**). 

Here is the step-by-step explanation:

### 1. The probability of a single roll
A fair six-sided die has six equally likely outcomes: $1, 2, 3, 4, 5,$ and $6$. 
The probability of rolling a specific number (like a six) on one roll is the number of successful outcomes divided by the total number of possible outcomes:
$$\text{Probability of rolling a six} = \frac{1}{6}$$

### 2. Independent events
Each die roll is an **independent event**. This means that the result of the first roll has absolutely no effect on the outcome of the second roll. The die does not have a memory.

### 3. Multiplying probabilities
To find the probability of two independent events both occurring, you multiply their individual probabilities together:
$$\text{Probability of two sixes} = \left(\frac{1}{6}\right) \times \left(\frac{1}{6}\right) = \frac{1}{36}$$

### Another way to look at it:
If you roll a die twice, there are $6 \times 6 = 36$ total possible combinations of outcomes (e.g., roll a 1 then a 1, a 1 then a 2, all the way to a 6 then a 6). Out of those 36 possible pairs, only **one** combination is a six followed by a six ($6, 6$). Therefore, the odds are $1$ out of $36$."
137,academic,math,Gemini 3.5 Flash-Lite,"Calculate the mean of 4, 8, 10, 12, and 16 and explain the calculation.","The mean (average) of the numbers 4, 8, 10, 12, and 16 is **10**.

### Step-by-Step Explanation:

1. **Add all the numbers together (find the sum):**
   $$4 + 8 + 10 + 12 + 16 = 50$$

2. **Count how many numbers are in the set:**
   There are **5** numbers in total.

3. **Divide the sum by the count:**
   $$\frac{50}{5} = 10$$"
138,academic,math,Gemini 3.5 Flash-Lite,Explain the Pythagorean theorem and give a numerical example.,"### The Pythagorean Theorem Explained

The Pythagorean theorem is a fundamental rule in geometry that describes the relationship between the lengths of the sides of a **right-angled triangle** (a triangle where one angle measures 90 degrees). 

#### The Rule:
> In any right-angled triangle, the square of the longest side (the **hypotenuse**) is equal to the sum of the squares of the other two shorter sides (the **legs**).

#### The Formula:
$$a^2 + b^2 = c^2$$

Where:
*   **$c$** is the **hypotenuse** (the side directly opposite the 90-degree right angle. It is always the longest side of the triangle).
*   **$a$** and **$b$** are the **legs** (the two shorter sides that form the right angle).

---

### Numerical Example

Let's say we have a right-angled triangle where:
*   Leg $a = 3$ inches
*   Leg $b = 4$ inches

We want to find the length of the hypotenuse ($c$).

#### Step 1: Write down the formula.
$$a^2 + b^2 = c^2$$

#### Step 2: Plug in the known values for $a$ and $b$.
$$3^2 + 4^2 = c^2$$

#### Step 3: Square the numbers.
*   $3^2$ (which means $3 \times 3$) = $9$
*   $4^2$ (which means $4 \times 4$) = $16$

So, the equation becomes:
$$9 + 16 = c^2$$

#### Step 4: Add the numbers together.
$$25 = c^2$$

#### Step 5: Find the square root of both sides to isolate $c$.
To find $c$ instead of $c^2$, we take the square root ($\sqrt{}$) of 25.
$$\sqrt{25} = c$$
$$5 = c$$

**Answer:** The length of the hypotenuse ($c$) is **5**. 

*(Note: This specific triangle—with sides 3, 4, and 5—is often called a ""Pythagorean triple"" and is frequently used in math problems because the numbers work out to whole integers).*"
139,academic,logic,Gemini 3.5 Flash-Lite,"You have three boxes labeled apples, oranges, and mixed, but every label is wrong. Explain how you could correctly label all three boxes by taking one fruit from one box.","To correctly label all three boxes by taking just one fruit, you need to reach into the box labeled **""Mixed""**. 

Here is why it works:

1. **All labels are wrong:** This means the box labeled ""Mixed"" cannot actually contain mixed fruit. It must contain either 100% apples or 100% oranges.
2. **The test:** Draw one fruit from the ""Mixed"" box. 
   * If the fruit is an **apple**, then the ""Mixed"" box actually contains **apples**.
   * If the fruit is an **orange**, then the ""Mixed"" box actually contains **oranges**.
3. **Deduce the rest:** Once you know what is truly in the ""Mixed"" box, you can easily label the other two using process of elimination:
   * For example, say you pull an **apple** from the ""Mixed"" box. That means:
     * ""Mixed"" box = **Apples**
     * The box labeled ""Oranges"" cannot be oranges (because all labels are wrong) and it isn't apples (since you just used that). Therefore, the ""Oranges"" box must be **Mixed**.
     * The box labeled ""Apples"" must be **Oranges**."
140,academic,science,Gemini 3.5 Flash-Lite,Explain why astronauts appear weightless while orbiting Earth.,"Astronauts appear weightless while orbiting Earth not because there is no gravity in space, but because **they are in a constant state of free fall**. 

Here is a breakdown of why this happens:

### 1. Gravity Still Exists in Orbit
At the altitude of the International Space Station (about 250 miles or 400 km above Earth), Earth’s gravity is still about **90% as strong** as it is on the surface. If you dropped an apple up there, it would fall toward Earth. 

### 2. The Elevator Analogy
Imagine riding in an elevator at the top of a skyscraper, and the cables suddenly snap. The elevator begins to fall freely toward the ground. 
* If you let go of an apple inside that falling elevator, the apple would hover right next to you. 
* Because you, the apple, and the elevator are all falling at the exact same rate, there is no surface pushing back up against your feet. 
* To you, inside the elevator, you would feel weightless. 

### 3. Orbiting is ""Falling and Missing""
An orbiting spacecraft—like the Space Station—is essentially doing the exact same thing as the falling elevator, but with one big difference: **speed**. 

The space station is moving sideways at an incredible speed (about 17,500 mph or 28,000 km/h). As gravity pulls the station *down* toward Earth, the station moves *sideways* so fast that the Earth curves away underneath it. 

Because of this, the station (and the astronauts inside) are constantly falling *toward* the Earth, but they keep missing it. 

### Summary
Because the astronauts and their spacecraft are falling around the Earth together at the same rate, there is no support force (like the ground or a chair) pushing up against them. This creates the sensation and appearance of **weightlessness**, scientifically known as **microgravity**."
141,academic,science,Gemini 3.5 Flash-Lite,Describe the difference between speed and velocity.,"While both speed and velocity describe how fast something is moving, the fundamental difference between them comes down to **direction**. 

Here is the breakdown of the differences:

### 1. Speed
* **Definition:** Speed is the rate at which an object covers distance. It tells you *how fast* something is moving, but nothing about where it is going.
* **Type of Quantity:** It is a **scalar** quantity, meaning it has magnitude (a numerical value like 60 mph) but no specific direction.
* **Formula:** $\text{Speed} = \frac{\text{Distance}}{\text{Time}}$
* **Example:** ""The car was traveling at 65 miles per hour."" (We know how fast, but not which way).

### 2. Velocity
* **Definition:** Velocity is the rate at which an object changes its position. It tells you both the *speed* of the object and the *direction* of its motion.
* **Type of Quantity:** It is a **vector** quantity, meaning it has both magnitude (speed) and direction.
* **Formula:** $\text{Velocity} = \frac{\text{Displacement}}{\text{Time}}$
* **Example:** ""The car was traveling at 65 miles per hour **heading due North**.""

---

### Key Comparisons:

* **Changing Direction:** Because velocity includes direction, **an object's velocity can change even if its speed remains constant.** For example, a car driving around a circular racetrack at a constant speed of 50 mph has a *changing* velocity because its direction is constantly changing.
* **Zero Movement:** If you drive 100 miles and return to your exact starting point in 2 hours:
  * Your **average speed** is 50 mph (total distance / time).
  * Your **average velocity** is **0** (because your overall displacement—change in position—is zero).

### Analogy:
Think of **speed** as simply reading the speedometer in your car (e.g., ""45 mph""). Think of **velocity** as reading the speedometer *plus* looking at your GPS to see that you are moving 45 mph *toward the airport*."
142,academic,weather,Gemini 3.5 Flash-Lite,Why does snow sometimes fall when the surface temperature is slightly above freezing?,"Snow can fall when the surface temperature is slightly above freezing (typically between **33°F and 38°F / 0.5°C to 3.3°C**) due to a combination of atmospheric physics and thermodynamics. 

Here is why this happens:

### 1. The Air Above the Ground is Below Freezing
Snowflakes form high in the atmosphere where temperatures are well below freezing. When they start falling, they pass through a thick layer of sub-freezing air. By the time they get close to the ground, they are fully formed ice crystals. Even if the very bottom layer of air (right above the ground) is slightly above freezing, the snowflakes are falling too fast to melt completely before they hit the ground. 

### 2. Wet-Bulb Cooling
This is the most important scientific reason. As snowflakes fall into slightly warmer air just above the surface, some of the snow begins to melt. **Melting is a cooling process** (it absorbs heat from the surrounding air through a process called latent heat of fusion). 

As the snow melts, it cools the air immediately surrounding it. This creates a micro-climate of sub-freezing or freezing air right around the falling snowflake, protecting it from completely melting before it lands.

### 3. High Precipitation Intensity (Heavy Snow)
If snow is falling heavily, it actually drags a column of cold air down with it from the upper atmosphere. This rapid transport of cold air prevents the low-level warm air from heating up the snowflakes enough to melt them into rain. 

### 4. Ground Temperature vs. Air Temperature
Meteorological temperature is measured about 4 to 5 feet off the ground in the shade. However, the air right at the surface, or the ground itself, might be slightly warmer. If the air temperature is 35°F (1.7°C), snow can easily fall, but it may accumulate only on grassy surfaces or cars, while melting on contact with warm pavement. 

### What does this look like?
When snow falls in temperatures slightly above freezing, it tends to be **heavy, wet, and sticky** (often called ""packed powder"" or the kind of snow that makes great snowballs). If the temperature creeps even a degree or two higher, the snowflakes will melt entirely into rain or a mix of rain and snow before reaching the ground."
143,academic,weather,Gemini 3.5 Flash-Lite,Explain why wind occurs.,"Simply put, **wind is the movement of air caused by differences in air pressure within Earth's atmosphere.** 

If you want to understand *why* those pressure differences happen, it all comes down to one main driver: **the sun.**

Here is the step-by-step breakdown of how wind is created:

### 1. The Sun Heats the Earth Unevenly
The sun doesn’t heat the entire Earth equally. 
* **The Equator** receives direct, intense sunlight and gets very hot.
* **The Poles** receive angled, indirect sunlight and stay cold.
* Additionally, different surfaces (like oceans, forests, deserts, and cities) absorb and reflect heat at different rates.

### 2. Warm Air Rises, Cool Air Sinks
As the sun heats the ground, the air directly above it warms up. 
* **Warm air expands, becomes lighter (less dense), and rises.** This creates an area of **low pressure** near the ground.
* Meanwhile, air over cooler areas (like a shaded forest or the ocean) stays cool. **Cool air contracts, becomes heavier (denser), and sinks.** This creates an area of **high pressure** near the ground.

### 3. Nature Seeks Balance (Air Moves)
Nature doesn't like imbalances. Air naturally wants to move from areas of **high pressure** to areas of **low pressure** to try and equalize the atmosphere. 

When the rushing high-pressure air rushes in to fill the space left by the rising low-pressure air, **that horizontal rushing of air is what we feel as wind.**

### 4. The Coriolis Effect (Why Wind Curves)
If the Earth were stationary, wind would blow in a straight line from high to low pressure. However, **the Earth is rotating.** 

Because of a phenomenon called the **Coriolis Effect**, the rotation of the Earth deflects the path of the wind:
* Wind curves to the **right** in the Northern Hemisphere.
* Wind curves to the **left** in the Southern Hemisphere.
This is why global winds don't just blow straight from the poles to the equator; they swirl and create complex global weather patterns.

---

### Scale of Winds
Winds can happen on different scales:
* **Global Winds:** Massive air currents (like the trade winds or jet streams) driven by the massive temperature difference between the equator and the poles.
* **Local Winds:** Smaller breezes (like sea breezes at the beach) caused by the land heating up faster than the ocean during the day, creating localized pressure differences."
144,academic,math,Gemini 3.5 Flash-Lite,"A student scores 80, 90, and 70 on three exams. What score is needed on a fourth exam to have an average of 85?","To get an average of 85 across four exams, the student's total points for all four exams must equal:

$$\text{Target Total} = 4 \times 85 = 340$$

Next, find the sum of the first three exam scores:
$$80 + 90 + 70 = 240$$

Now, subtract the current sum from the target total to find the required score for the fourth exam:
$$340 - 240 = 100$$

The student needs a score of **100** on the fourth exam."
145,academic,logic,Gemini 3.5 Flash-Lite,"If today is Tuesday, what day of the week will it be 100 days from today? Explain how you determine the answer.","If today is Tuesday, it will be a **Thursday** 100 days from today.

Here is how to determine the answer:

1. **Understand the cycle:** There are 7 days in a week. This means the day of the week repeats every 7 days.
2. **Divide the total days by 7:** Divide 100 by 7 to find out how many full weeks are in 100 days, and more importantly, what the remainder is. 
   * $100 \div 7 = 14$ with a **remainder of 2** (since $14 \times 7 = 98$, and $100 - 98 = 2$).
3. **Count the remainder:** The remainder of 2 means that after 14 full weeks, the day will shift forward by 2 days. 
4. **Apply the shift:** 
   * Today = Tuesday
   * 1 day from today = Wednesday
   * 2 days from today = Thursday"
146,academic,science,Gemini 3.5 Flash-Lite,Explain the difference between mass and weight.,"While people often use the terms ""mass"" and ""weight"" interchangeably in everyday life, in physics, they represent two very different concepts. 

Here is the breakdown of the differences, explained through definition, variability, units, and measurement.

---

### 1. Definitions
*   **Mass** is a fundamental measure of the amount of matter (or ""stuff"") an object contains. It also measures an object's **inertia**—its resistance to a change in motion. An object with a large mass is harder to push, stop, or turn than an object with a small mass.
*   **Weight** is a **force**. It is the measure of the gravitational pull acting on an object's mass. 

### 2. Does it change depending on location?
*   **Mass is constant.** Your mass is the same whether you are standing on Earth, floating in the vacuum of space, or standing on the surface of Mars. 
*   **Weight is variable.** Because weight depends on gravity, your weight changes depending on where you are in the universe. Gravity on the Moon is about one-sixth of Earth's gravity. Therefore, **if you weigh 120 pounds on Earth, you would weigh only about 20 pounds on the Moon**, even though your mass hasn't changed at all.

### 3. Units of Measurement
*   **Mass** is measured in units of matter, such as **kilograms (kg)**, grams (g), or pounds-mass (though pounds are often confused with weight).
*   **Weight** is a force, so it is measured in units of force, such as **Newtons (N)** or pounds-force (lbs). 

### 4. How are they measured?
*   **Mass** is measured using a **balance scale** (like a traditional double-pan balance). A balance compares an unknown mass to known masses. Because gravity pulls equally on both sides of the balance, the measurement remains accurate regardless of the strength of the gravity.
*   **Weight** is measured using a **spring scale** (like a bathroom scale). A spring scale measures how much gravity is *stretching* or *compressing* a spring. 

---

### The Mathematical Relationship
They are related by the formula:
$$\text{Weight} = \text{Mass} \times \text{Acceleration due to Gravity}$$
$$(W = mg)$$

On Earth, the acceleration due to gravity ($g$) is roughly $9.8 \text{ m/s}^2$. 

### Summary Analogy
Think of a **brick**. 
* The amount of clay that went into making the brick is its **mass**. That amount of clay is the same everywhere.
* The downward pull of the Earth trying to drag that brick to the ground is its **weight**. If you took that brick to outer space far from any planets, it would still have the exact same mass (amount of clay), but it would have **zero weight** (it would float)."
147,academic,weather,Gemini 3.5 Flash-Lite,Explain why humidity can make a hot day feel hotter.,"On a hot day, high humidity makes the temperature feel much higher than it actually is primarily because it interferes with the body’s natural cooling system: **sweating**. 

Here is a step-by-step breakdown of how this process works:

### 1. How the Body Cools Itself
When you get hot, your body’s primary defense mechanism is thermoregulation through perspiration. Sweat glands release moisture (sweat) onto your skin. As that sweat **evaporates** into the air, it takes body heat with it, cooling you down. 

### 2. The Role of Humidity
Humidity is a measure of how much water vapor is currently in the air. 
* **Low humidity (dry air):** The air is dry and can easily absorb more moisture. Sweat evaporates quickly from your skin, making you feel relatively cool even on a hot day.
* **High humidity (moist air):** The air is already saturated with water vapor. Because the air cannot hold much more moisture, it slows down or completely stops the evaporation of sweat from your skin. 

### 3. The Trap of ""Trapped Heat""
When the sweat cannot evaporate, it remains trapped on your skin. Without evaporation, you lose your body's main cooling mechanism. The heat stays trapped against your body, causing your internal temperature to rise. This leaves you feeling sticky, uncomfortable, and much hotter than the actual air temperature.

### Summary: The Heat Index
Meteorologists use the **Heat Index** (often called the ""feels-like"" temperature) to combine air temperature and relative humidity. For example, if the actual air temperature is 90°F (32°C) with a high humidity of 70%, the heat index can make it feel like **105°F (41°C)** to the human body. 

Ultimately, high humidity doesn't actually raise the air temperature; it simply traps your body heat by shutting down your built-in air conditioner."
148,academic,math,Gemini 3.5 Flash-Lite,A $50 item is discounted by 20 percent and then taxed at 6 percent. Calculate the final price.,"To find the final price, follow these steps:

1. **Calculate the discount:**
   * Discount percentage = 20%
   * Discount amount = $50 × 0.20 = $10

2. **Calculate the discounted price:**
   * Discounted price = $50 - $10 = $40

3. **Calculate the tax:**
   * Tax rate = 6%
   * Tax amount = $40 × 0.06 = $2.40

4. **Calculate the final price:**
   * Final price = $40 + $2.40 = $42.40

The final price of the item is **$42.40**."
149,academic,logic,Gemini 3.5 Flash-Lite,A train leaves at 2:15 PM and travels for 2 hours and 47 minutes. What time does it arrive?,"The train arrives at **5:02 PM**. 

Here is how to calculate it:
1. Add the 2 hours to 2:15 PM, which gives you **4:15 PM**.
2. Add the 47 minutes to 4:15 PM:
   * Adding 45 minutes gets you to 5:00 PM.
   * Adding the remaining 2 minutes gets you to **5:02 PM**."
150,academic,science,Gemini 3.5 Flash-Lite,Explain why the seasons occur on Earth.,"The seasons on Earth occur due to two main factors working together: **the tilt of Earth's axis** and **its orbit around the Sun**. 

Here is a step-by-step breakdown of how it works:

### 1. The Axial Tilt (The ""Lean"")
Imagine an invisible rod running straight through the center of the Earth from the North Pole to the South Pole. This is Earth’s axis. 

Unlike a top that spins completely straight, Earth is tilted at an angle of **23.5 degrees**. As Earth travels around the Sun, it always maintains this same tilt. 

### 2. How the Tilt Affects Sunlight
Because Earth is tilted, different parts of the planet receive different amounts of direct sunlight as Earth orbits the Sun over the course of a year.

*   **Summer:** When your hemisphere is tilted **toward** the Sun, you experience summer. The Sun’s rays hit that part of the Earth more directly (at a steeper angle), and the days are longer. More direct sunlight means more heat.
*   **Winter:** When your hemisphere is tilted **away** from the Sun, you experience winter. The Sun's rays hit at a slant (less directly), spreading the energy out over a larger area, and the days are shorter. Less direct sunlight means less heat.

### A Common Misconception: Distance to the Sun
Many people mistakenly believe that seasons happen because Earth gets closer to or farther from the Sun in an elliptical orbit. 

In reality, Earth is actually **closest to the Sun in January** (during the Northern Hemisphere's winter) and **furthest from the Sun in July** (during the Northern Hemisphere's summer). This proves that distance doesn't cause the seasons; the **angle of the sunlight (the tilt)** is what matters.

### The Equinoxes and Solstices
*   **Summer Solstice (around June 21):** The North Pole is tilted closest to the Sun, giving the Northern Hemisphere its longest day of the year.
*   **Winter Solstice (around December 21):** The North Pole is tilted furthest from the Sun, giving the Northern Hemisphere its shortest day of the year.
*   **Equinoxes (around March 21 and September 22):** The Earth’s tilt is neither pointing toward nor away from the Sun. Day and night are of roughly equal length everywhere on Earth, marking the official start of spring and autumn."
