prompt_id,domain,task_type,LLM_name,LLM_Input,LLM_output
1,gymnastics,explanation,Qwen 3.8 27B,Explain why maintaining body tension is important during a handstand.,"Maintaining body tension, often referred to as ""sculpting"" or having a ""tight body,"" is the single most critical factor in executing a stable, safe, and aesthetically correct handstand. A loose body naturally sags due to gravity, causing joints to collapse, energy to dissipate, and the center of gravity to shift unpredictably.

Here is a detailed explanation of why body tension is essential, broken down by biomechanical, physical, and aesthetic factors.

### 1. Alignment and Trajectory
For a handstand to be stable, the weight of the body must pass through a straight line from the heels, through the hips, shoulders, and wrists. This is known as having a **long line**.

*   **Gravity and the Spine:** The human spine has natural curves (lordosis and kyphosis). Your weight (roughly 25 pounds) presses down on your lower back. If you do not engage your core and glutes, gravity will pull the spine into an excessive arch.
*   **Solving for a Flat Back:** Constant contractions of the glutes, hamstrings, and anterior core muscles are the only way to counteract gravity and keep the spine neutral and flat. Without this tension, the handstand becomes unstable like upside-down yoga or a ""bent"" posture.

### 2. Joint Stability (Micro-tension)
Joints are designed to move, but in a handstand, they must act as rigid, fixed points to transfer force.

*   **The Shoulders and Wrists:** Loose shoulders create a large gap between the upper arm and the torso. This gap causes your upper body to collapse, pulling your body overhead and shifting your balance point dangerously to one side. Tension in the upper back (lats and rhomboids) pulls the scapula together, locking the shoulders into a stable position.
*   **The Hips and Knees:** Loose hips cause the legs to drop away from the body. Without tension in the glutes and inner thighs (adductors), your legs cannot stay together. This splits your base of support, making balance nearly impossible.

### 3. Energy Efficiency and Endurance
Muscular tension provides a solid ""bridge"" from the points of contact (your hands) to the farthest part of your body (your toes).

*   **Structural Integrity:** Think of your body as a"
2,gymnastics,explanation,Qwen 3.8 27B,Explain why gymnasts use grips on high bar.,"Gymnasts use grips on the high bar to manage the extreme forces generated during their swings, dismounts, and skills. While it may look inconvenient during a routine, the grip is a functional piece of equipment (similar to how baseball players use batting gloves or rock climbers use chalk bags) designed to protect the athlete and enhance performance.

Here’s a detailed explanation of **why** gymnasts use grips, broken down by key factors:

### 1. Protection from Blisters and Skin Damage
The high bar is typically a stainless steel or coated metal bar. During a full turn or a high-amplitude swing, the gymnast’s hands experience repeated friction against the bar.
- **Without a grip:** This friction causes rapid blisters, calluses to crack, and even open wounds (especially on the palms and fingers).
- **With a grip:** The leather, suede, or synthetic material of the grip creates a protective barrier between the skin and the metal, significantly reducing friction burn and blister formation.

### 2. Improved Grip and Security
- **Better Traction:** Grips (especially those with suede or perforated leather) provide better friction than bare skin, which can become slippery due to sweat.
- **Confidence in Skills:** During complex skills like the Gienger, Mahler, or Tkachev, the gymnast needs absolute confidence that their hands won’t slip. A reliable grip allows them to commit fully to the rotation and release.
- **Controlled Release:** Some grips are designed with specific textures or pockets that allow for a *controlled* release when needed (e.g., during a cast to handstand or a dismount), rather than an accidental slip.

### 3. Reduction of Chalk Use and ""Chalk Dust""
- **Less Chalk Needed:** Without a grip, gymnasts must apply thick layers of magnesium carbonate (chalk) to keep their hands dry and grippy. This leads to:
  - Excessive chalk dust on the bar, making it slippery for others or staining the bar.
  - ""Chalk buildup"" in the skin, which can further cause blisters or dryness.
- **Cleaner Bar:** Grips help keep the bar cleaner and maintain consistent friction for all athletes.

### 4. Pain Management and Comfort
- **Pressure Distribution:** The padding in grips (often on the palm and finger areas) helps distribute the immense force"
3,gymnastics,biomechanics,Qwen 3.8 27B,Explain the role of the block during a men's gymnastics vault.,"The term ""block"" in men's artistic gymnastics specifically refers to the **vaulting table** (historically called the springboard or table, but often referred to as the block in some contexts, though ""springboard"" is more accurate for modern terminology). However, in strict gymnastics terminology:

- The **vaulting table** is the elevated, padded platform (approximately 1.8m high) that the gymnast jumps onto from the springboard.
- The **springboard** (or run-up board) is the inclined board that the gymnast sprints and jumps from to gain additional upward and forward momentum.

Assuming you are referring to the **vaulting table** (the main ""block"" structure on the vault), here is its role:

### 1. Generates Vertical and Forward Momentum
- The gymnast sprints down the track, jumps onto the **springboard**, and uses its inclined angle to convert horizontal speed into **upward and forward trajectory**.
- The gymnast then lands on the **vaulting table** (the block). This contact allows for a powerful push-off, adding further vertical lift and controlling the direction of flight.

### 2. Provides a Stable, Consistent Surface
- The vaulting table is padded and angled slightly downward (about 4–5 degrees) to facilitate a smooth takeoff.
- It standardizes the takeoff point for all athletes, ensuring fairness and safety.

### 3. Enables Complex Aerial Maneuvers
- The height and stability of the vaulting table allow gymnasts to perform high-complexity skills such as:
  - **Tsukahara** (half somersault with 1.5 twists)
  - **Yoshimoto** (full twist off the table)
  - **Cheng Fei** (half somersault with 2.5 twists, popularized by Chinese gymnasts)
  - **Perks** (half somersault with 2 twists)
  - **Kasamatsu** series
- The table's height (standard 145 cm for the landing surface, with the table top ~1.8m from the floor) provides sufficient clearance for these rotations.

### 4. Safety and Control
- The padded surface absorbs impact during contact, reducing injury risk.
- The standardized design helps gymnasts achieve consistent takeoffs, which is critical"
4,gymnastics,coaching,Qwen 3.8 27B,Give three tips to a gymnast who struggles with consistency on pommel horse.,"Struggling with consistency on the pommel horse is a very common challenge because the apparatus is unforgiving; even small variances in start position or tempo can lead to a fall or a dropped leg. Here are three targeted tips to help build a more reliable routine:

### 1. **Standardize Your Entry and Initial Position**
Inconsistency often starts before you’re even rotating. Your initial grip, hand placement, and leg lift height must be *identical* every single time.
- **Fix your hand position:** Use visual markers (if applicable) or muscle memory cues to ensure your hands are always hitting the exact same spot on the handles.
- **Standardize the leg lift:** Practice swinging your legs up to the same height (parallel) with the same amount of impulse. A higher or lower start height directly affects the tempo of your first circle, which throws off your entire rhythm.
- **Tip:** Record yourself from the side. You’ll likely see subtle differences in your entry that you don’t feel physically. Consistency in the first 1–2 seconds prevents cumulative errors later in the routine.

### 2. **Prioritize Tempo and Pressure Over Strength**
Many gymnasts try to ""muscle"" through transitional elements or keep their body rigid, which leads to uneven pressure on the handles. Instead, focus on **smooth, consistent tempo**.
- **Round, not rectangular:** Your arms and shoulders should create a smooth, circular motion. Jerky movements indicate tension, which disrupts energy transfer.
- **Maintain shoulder relaxation:** Tight shoulders cause your arms to shorten, altering your radius of rotation and making you swing too high or too low. Keep your shoulders ""melted"" down and relaxed, pressing out with your arms to create a long, stable line.
- **Tip:** Focus on controlling your *exit point* from each element. Where your legs leave the handle determines where they land next time. If you control the exit, you control the entry to the next element, leading to seamless consistency.

### 3. **Rehearse ""Failure recovery"" and Mental Anchoring**
Consistency isn’t just about doing the routine perfectly every time; it’s about how you handle micro-variations.
- **Practice under fatigue:** Do 2–3 routines in a row, gradually increasing difficulty. You’ll discover where your form breaks down when tired. This helps identify weak"
5,gymnastics,comparison,Qwen 3.8 27B,Compare the physical demands of still rings and parallel bars.,"While both the still rings and parallel bars are upper-body dominant apparatus in men’s and women’s artistic gymnastics, they place very different physical demands on the athlete. The distinctions arise primarily from the difference between **dynamic/unstable** movement (Rings) and **dynamic/stable** movement (Bars).

Here is a detailed comparison of the physical demands:

### 1. Core Demands: Stabilization vs. Propulsion

| Feature | Still Rings (Unstable) | Parallel Bars (Stable) |
|---------|------------------------|------------------------|
| **Primary Demand** | **Absolute isometric strength and stabilization** | **Explosive power and rhythmic rhythm** |
| **Core Role** | The core must constantly activate to prevent the rings from swinging or moving forward/backward. This creates a ""locked"" tension throughout the body. | The core provides oscillation and weight transfer. Movements are more fluid, requiring less constant bracing and more timed release/tension. |
| **Joint Stability** | Shoulders and elbows under constant static load; wrists under high shear stress. | Shoulders under dynamic load; wrists under compressive stress during supports. |

### 2. Strength Profiles

#### Still Rings: Maximum Relative Strength
- **Isometric Holds**: Rings require immense static strength. The classic **Iron Cross** (supporting body weight with arms extended perpendicularly) and **Front Lever** are examples of pure isometric strength that are rarely or never performed on parallel bars.
- **Long Lever Arms**: Many ring skills involve extending the body (e.g., Healy, Mackinnon), which increases torque around the shoulder and elbow joints. The muscles must work against a longer moment arm.
- **Wrist Flexion/Extension**: Because gymnasts often support their weight with straight wrists in various angles, ring routines place excessive stress on distal upper extremity joints.

#### Parallel Bars: Explosive and Endurance Power
- **Pumping Mechanics**: Routines rely on rhythmically pumping the arms to generate momentum for releases, swings, and bar-beating. This is a dynamic, concentric-eccentric strength pattern.
- **No Static Max Strength Skills**: While parallel bars require support holds (e.g., toe hold, double support), they do not typically demand extreme isometric strength like rings. The highest stress occurs during releases and re-grips.
- **Vertical Prop"
6,gymnastics,planning,Qwen 3.8 27B,Create a 60-minute pommel horse practice for an intermediate gymnast.,"Here is a comprehensive 60-minute pommel horse practice plan designed for an **Intermediate Gymnast** (approx. Level 5-7 or equivalent).

### 🎯 Practice Goals
1.  **Refine Flair Transitions:** Master the timing and body shape for clear, tight flairs.
2.  **Build Circuits:** Practice 4-beat and 6-beat circuits with proper pommel transfer.
3.  **Strengthen Core & Shoulders:** Improve stability during travels and pauses.
4.  **Develop Routine Elements:** Integrate basic moves into a short routine setup.

---

### ⏱️ Structure Overview
| Time | Segment | Focus Area |
|------|---------|------------|
| 0:00–0:10 | Warm-Up & Activation | Joint prep, shoulder stability |
| 0:10–0:20 | Apparatus Familiarization & Lactate | Body position, pommel grip |
| 0:20–0:35 | Core Skills: Flairs & Circuits | Timing, rhythm, consistency |
| 0:35–0:50 | Advanced/Mandated Elements | Travel work, pauses, transitions |
| 0:50–0:58 | Routine Block Practice | Sequencing, stamina, judging criteria |
| 0:58–1:00 | Cool-Down & Reflection | Stretching, mental reset |

---

## 🔹 DETAILED BREAKDOWN

### 1. Warm-Up & Activation (10 Minutes)
*Goal: Prepare shoulders, wrists, and core for high-radius work. Avoid injury.*

*   **5 min General Warm-Up:**
    *   Jumping jacks/star jumps: 2x20
    *   Dynamic arm circles: Forward/back x10
    *   Wrist circles & stretches: 30 sec each direction
    *   Neck rolls: 10 each way
*   **5 min Specific Activation:**
    *   Push-ups (shoulder taps): 2x15
    *   Plank with shoulder taps: 2x10 per side
    *   Shoulder bridges (walk hands to heels): 5x
    *   Wall handstand holds (front + side): 3x10 sec"
7,gymnastics,explanation,Qwen 3.8 27B,Explain the difference between difficulty and execution scores in men's artistic gymnastics.,"In men’s artistic gymnastics, scoring is based on two distinct components: the **Difficulty Score (D-Score)** and the **Execution Score (E-Score)**. These two scores are calculated independently and then combined to produce the final total score for an event.

### 1. Difficulty Score (D-Score)

The **D-Score** reflects the inherent complexity of the routine a gymnast has chosen to perform. It is determined by the composition of skills, their difficulty levels, and whether the routine meets certain compositional requirements.

#### Key Components of the D-Score:
- **Skill Values**: Each skill (element) in gymnastics is assigned a difficulty value ranging from 0.1 to 1.0, based on a congress-approved catalog. For example:
  - **A-value**: Simple movements (e.g., a forward roll).
  - **E-value**: Half somersault or flip with no twist.
  - **F-value**: 720° or multiple somersaults.
  - **G-value**: Double somersaults or complex combinations.
- **Compositional Requirements (COPs)**: To maximize the D-Score, a gymnast must include specific types of skills (e.g., a back handspring, a flight element, a turn, etc.). Each requirement has a point value (usually 0.1 or more). Missing a requirement results in a deduction.
- **No Ceiling**: There is **no maximum limit** to the D-Score. While in practice, top gymnasts rarely exceed a D-Score of 7.0 (pre-2022 rules) or around 6.0–6.5 (post-Code of Points updates), theoretically, the D-Score can increase as new skills are added.
- **Pre-Event Calculation**: After the gymnast performs their routine, judges determine the D-Score. It is not affected by how well the gymnast executes the skills.

#### Example:
If a gymnast performs a routine with all required elements and no missing COPs, and the sum of their skill values is 6.5, their D-Score would be **6.5**.

---

### 2. Execution Score (E-Score)

The **E-Score** starts at a perfect **10.0** and is reduced by deductions for errors in form"
8,gymnastics,biomechanics,Qwen 3.8 27B,Why does generating more height make it easier to complete multiple twists during a vault?,"To understand why greater height makes it easier to complete multiple twists during a vault, we need to look at the physics of **angular momentum**, **airtime**, and **rot inertia**.

Here is the step-by-step logical deduction:

### 1. Extension of Airtime (The Clock)
The most immediate benefit of generating more vertical height ($e$) is an increase in **airtime**.
*   The time a gymnast spends in the air is determined by the vertical component of their velocity.
*   A higher trajectory means the time to rise and the time to fall are both longer.
*   Twisting is a temporal process. To complete a 720° or 1080° twist, the gymnast requires a specific amount of time. If the gymnast does not have enough airtime, they will run out of twists before reaching the landing area.
*   **Logic:** More Height $\rightarrow$ More Time $\rightarrow$ Sufficient duration for high-velocity rotation to complete full turns.

### 2. Increased Average Angular Velocity (The Spin)
According to the Conservation of Angular Momentum ($L = I \cdot \omega$), where $L$ is angular momentum, $I$ is moment of inertia, and $\omega$ is angular velocity:

*   **Impulse Application:** To initiate a twist, a gymnast applies an ""Impulse"" (torque) via hip action or arm swing.
*   **Free Rotation Phase:** During a well-executed twist, the gymnast attempts to achieve a state where they are primarily twisting with minimal somersault (rolling). In this phase, if the gymnast has more vertical height, they tend to maintain a more extended position relative to the center of gravity, allowing for cleaner spin initiation.
*   The key is that a higher flight allows the athlete to achieve their **peak angular velocity** earlier and sustain it. In a lower trajectory, the gymnast may be forced to tuck or pike early to reach the bar or to land sooner, which increases Moment of Inertia ($I$) and slows down Angular Velocity ($\omega$), reducing the number of twists completed.

### 3. Mechanical Advantage in the ""Impulse"" Phase
Generating height usually comes from a powerful drive from the legs or hips.
*   The **impulse** required to generate a 1080° twist is"
9,gymnastics,coaching,Qwen 3.8 27B,A gymnast keeps traveling sideways during twisting skills. Give possible technical causes.,"When a gymnast drifts sideways (lateral deviation) while attempting a twisting skill, it usually indicates a breakdown in body control, spatial awareness, or timing. Twisting is a precision skill that relies on strict alignment and balance.

Below are the most common **technical causes** categorized by phase of the skill:

### 1. Takeoff Phase
- **Failing to “spot” the eyes correctly:** The athlete did not plant the eyes on a fixed point (spot) before takeoff. Without a visual anchor, the body naturally drifts in the direction of momentum.
- **Chin not tuck/un-tuck precise:**
  - *Under-tuck:* If the chin is too open during the takeoff, the axis of rotation shifts, causing the body to sail forward or sideways.
  - *Over-tuck:* If the chin is pressed in too early, the athlete may not generate enough height, leading to a collapse inward or sideways to reach the landing area.
- **Asymmetric leg action (in double leg tucks):** One leg kicks higher or faster than the other, creating rotational momentum that pulls the body off-center.
- **Loss of vertical orientation:** The gymnast leans too far forward or backward during the run-up or hurdle, causing the takeoff vector to be angled rather than vertical.

### 2. Preparation/Initiation Phase
- **Late initiation of the twist:** If the gymnast waits too long to initiate the turn (e.g., waiting for full height), they may over-rotate or be forced to turn late, causing them to end up off-center.
- **Early initiation of the twist:** Starting the turn before reaching full height can cause the gymnast to run out of rotation before peak height, leading to a lateral drift as they try to force the turn.
- **Inadequate “pre-rotation” or counter-rotation:** For skills requiring a split position (e.g., full twist), incorrectly aligning the shoulders or hips during the set-up can cause the body to open up sideways.

### 3. Rotation/Flight Phase
- **Loss of body tightness (shape):**
  - *Opening the hips/legs:* If the gymnast opens their legs or hips during the twist, the moment of inertia increases, slowing the rotation. This often causes the athlete to “hit the wall” (lose control) and drift sideways.
  -"
10,gymnastics,creative,Qwen 3.8 27B,Write a short story about a gymnast competing at his first major international competition.,"The air in the Tokyo Metropolitan Gymnasium didn’t smell like sweat or chalk, at least not yet. To Kaito, it smelled like ozone, old carpet, and the electric hum of ten thousand held breaths.

He sat on the blue plastic bench, his legs swinging back and forth in a nervous rhythm. At nineteen, he had won the national title, dominated regionals, and made the Japanese Olympic team. But this—this was the World Championships. This was where the geometry of his body was judged not just on form, but on gravity.

""Focus, Kaito,"" Coach Tanaka said, adjusting the white tape around Kaito’s left wrist. Tanaka’s voice was low, a steady anchor in the gale Kaito’s mind. ""The floor is not your enemy. It is your partner. You thank it, it lifts you.""

Kaito nodded, chalking his hands until his palms were ghost-white. The choreography for his floor routine was a symphony he had memorized in his sleep: the opening leap into a triple back tuck, the series of back handsprings that must connect with seamless fluidity, and finally, the signature move—the *Kaito Spin*, a double-twisting double somersault. It was risky. It was beautiful. It was exactly what the judges wanted to see, and exactly what could break him if he was off by a millimeter.

The buzzer sounded. A sharp, digital chirp that cut through the roar of the crowd.

He stood up. The walk to the mat felt endless. Every step was deliberate, a ritual of calming his heart rate. He placed his hand on the springboard, feeling the give in the wood, and turned to face the judges. They were blank faces behind dark glasses, slicked-back hair, holding scoresheets with clinical detachment.

He pointed to the music.

The first note of the violin hit, high and piercing. Kaito bowed, and then he exploded into motion.

The first four seconds were blur. The chalk dust kicked up like snow. But by the sixth second, the world slowed down. This was the ""flow state"" Tanaka preached about. Kaito wasn’t thinking; he was reacting, feeling the tension in his core, the extension of his toes. He landed the series of back handsprings with a soft *thud* that barely registered"
11,gymnastics,comparison,Qwen 3.8 27B,Which requires more consistency for an all-around gymnast: increasing difficulty or improving execution? Explain your reasoning.,"For an all-around gymnast, **improving execution** requires significantly more consistency than increasing difficulty.

Here is the reasoning behind this conclusion, broken down by the nature of the two components in competitive gymnastics:

### 1. Nature of Execution: Repetitive and Cumulative
- **Performed on Every Element and Every Pass:** Execution errors (such as bent knees, poor form, landing wobbles, or loss of body line) are judged on **every single skill** performed across four different apparatuses (Vault, Bars, Beam, Floor) and two passes each. This means execution is assessed over 100+ individual skills per meet.
- **Small Errors Compound Quickly:** Execution deductions are often in 0.1-point increments. A consistent 0.1 deduction on just 10 skills results in a 1.0-point loss, which can cost a podium finish. To achieve high execution scores, a gymnast must perform every skill with near-perfect form repeatedly.
- **Requires Daily Fine-Tuning:** Execution depends on muscle memory, flexibility, strength, and body awareness. These must be refined daily through technique drills. A single day of poor form can lead to visible execution errors that are hard to reverse quickly.

### 2. Nature of Difficulty: Event-Specific and Discrete
- **Fixed at the Compose Meet:** Difficulty scores (D-score) are calculated and submitted before the competition begins. Once the routine is composed, the difficulty value is locked in. It does not change based on performance.
- **Static, Not Continuous:** To ""increase difficulty,"" a gymnast must learn new skills, but once mastered, the difficulty component is stable. The challenge is in **learning** the skill, not in consistently performing it at a higher difficulty level every day.
- **Fewer Points of Failure:** Difficulty is determined by the presence or absence of specific skills (by gender, level, and rotation point). It is a binary or categorical assessment (e.g., ""did they start with a full one-arm handstand?""), not a continuous spectrum of performance like execution.

### 3. All-Around Context: The Weight of Consistency Across Apparatus
An all-around gymnast competes in four vastly different disciplines:
- **Vault & Bars:** High amplitude, high impact, less emphasis on continuous body line.
- **Beam:** Low impact, high precision, extremely sensitive"
12,gymnastics,explanation,Qwen 3.8 27B,Explain a Maltese on still rings to someone who has never watched gymnastics.,"To understand a ""Maltese"" in gymnastics, you first need to visualize the apparatus: the **still rings**.

Imagine two large, wooden rings hanging from high-up steel bars by thick ropes. They are **not** fixed to the ceiling. The rings hang freely, meaning they can swing, rotate, and move in any direction in response to the gymnast's weight and movement.

Now, imagine a gymnast holding onto these two rings, with one hand on each ring.

### What is the Maltese?

The **Maltese** is a **hold**, not a movement you perform *on* the rings. It’s a static, frozen moment where the gymnast stops swinging and hangs in a specific, rigid position.

Here’s how it looks:

1.  **The Body Position**: The gymnast’s body is held straight, like a stiff plank, from heel to head. The legs are together, toes pointed down. The arms are fully locked and straight.
2.  **The Key Detail**: The hands are **grasping the rings from above**, with the fingers wrapped over the top of the ring and the palms facing **down** (away from the body).
3.  **The Triangle Shape**: Because the arms are straight and the rings hang freely, the gymnast’s shoulders, elbows, and wrists form a perfect, tight triangle pointing upward toward the rings. The body hangs vertically below this triangle.

### Why is it called ""Maltese""?

The name comes from the **position of the arms**, which resembles the shape of a **Maltese Cross** (a cross with four equal arms that are wider at the ends). When you look at the gymnast’s arms and the rings from the front, the silhouette of the upper body looks like that cross shape.

### Why is it so difficult? (For a non-gymnastics fan)

Even if it looks like ""just hanging,"" the Maltese is one of the most demanding static holds in gymnastics for several reasons:

1.  **Full Body Tension**: The gymnast must keep every muscle tense. If they relax even slightly, the rings will start to swing, and the body will lose its vertical line. It’s like trying to balance a pencil on your finger while holding a heavy bag.
2.  **No Swinging**: To get into the Maltese, gymnasts usually swing on the rings to"
13,gymnastics,planning,Qwen 3.8 27B,Create a simple weekly training schedule for a six-event men's all-around gymnast.,"Here is a balanced, progressive weekly training schedule designed for a **six-event men’s all-around gymnast** (Floor, Pommel Horse, Rings, Vault, Parallel Bars, Horizontal Bar).

This plan assumes an **elite/collegiate level** athlete training 5–6 days per week, with an emphasis on **consistency, technical refinement, and injury prevention**. It follows a ""high/low"" alternation for intensity and includes dedicated strength and flexibility sessions.

---

### 📅 **Weekly Training Structure**

| Day | Focus | Key Elements |
|-----|-------|--------------|
| **Monday** | **High Intensity / New Skill Intensity** | High-energy routines, new element attempts, heavy strength work. |
| **Tuesday** | **Technical Refinement / Low Intensity** | Focus on form, slow skills, conditioning, flexibility. |
| **Wednesday** | **Moderate Intensity / Consistency** | Routine execution under pressure, mid-level strength. |
| **Thursday** | **High Intensity / Vault & Bars Focus** | Vault runway work, horizontal bar release moves, ring strength. |
| **Friday** | **Meet Simulation / Mental Prep** | Full routines, scoring simulation, mental visualization. |
| **Saturday** | **Active Recovery / Cross-Training** | Light cardio, mobility, yoga, foam rolling, brief skill touch-ups. |
| **Sunday** | **Full Rest** | No training. Focus on sleep, nutrition, and mental recovery. |

---

### 🏋️‍♂️ **Detailed Daily Breakdown**

#### **Monday: Big Skills & Heavy Strength**
- **Warm-up (30 min):** Dynamic stretching, ankle/shoulder mobility, light cardio (bike/run), core activation.
- **Skill Block 1 (Pommel Horse & Rings):**
  - Pommel Horse: Circles, scissors, Toi–Bissol, timed routines.
  - Rings: Front/back rises, straight-arm swings, L-sit holds, strength elements (toes to bar, skin the cat).
- **Skill Block 2 (Horizontal Bar & Floor):**
  - Horizontal Bar: Release moves (Tkatchev, Gervais, Cossy), strength pulls.
  - Floor: Complex tumbling passes (new or higher difficulty), jumps for height."
14,gymnastics,biomechanics,Qwen 3.8 27B,Explain how angular momentum affects twisting in gymnastics.,"In gymnastics, angular momentum is the fundamental physical quantity that dictates how fast a gymnast rotates or twists in the air. The relationship between angular momentum and twisting is governed by the laws of physics, specifically the conservation of angular momentum.

Here is a step-by-step logical explanation of how angular momentum affects twisting in gymnastics:

### 1. The Definition of Angular Momentum
Angular momentum ($L$) is a measure of the rotational motion of an object. For a spinning body like a gymnast, it is defined by the product of the moment of inertia ($I$) and the angular velocity ($\omega$).

$$ L = I \cdot \omega $$

*   **$L$ (Angular Momentum):** The total ""rotational quantity"" of the gymnast.
*   **$I$ (Moment of Inertia):** A measure of the gymnast's resistance to rotation, depending on their mass and how that mass is distributed relative to the axis of rotation.
*   **$\omega$ (Angular Velocity):** How fast the gymnast is rotating (twisting), usually measured in radians per second (or revolutions per second).

### 2. The Law of Conservation of Angular Momentum
Once a gymnast has left the springboard, balance beam, or floor, there are no significant external forces acting on their body to add or remove rotation. Consequently, **angular momentum is conserved**.

$$ \text{L}_{\text{initial}} = \text{L}_{\text{final}} $$

Since $L$ remains constant during the flight, the product $I \cdot \omega$ must remain constant. This leads to an **inverse relationship**:
*   If the gymnast increases their **I** (spreads out), their **$\omega$** (twist speed) **decreases**.
*   If the gymnast decreases their **I** (tucks/pulls in), their **$\omega$** (twist speed) **increases**.

### 3. Aerobic/Planar vs. Torsional Rotation
To understand twisting, we must distinguish between the two primary types of rotation in gymnastics:
1.  **Planar Rotation (Salto):** Rotation around an axis passing through the chest and feet (e.g., a backflip).
2.  **Torsional Rotation (Twist):** Rotation around the longitudinal axis (the axis passing from"
15,gymnastics,coaching,Qwen 3.8 27B,What advice would you give a gymnast who performs a skill confidently into a foam pit but hesitates on a competition surface?,"This is a very common phenomenon in gymnastics often referred to as **""foam pit mentality""** or the **safety net effect**. The foam pit removes the fear of injury, allowing your brain to fully commit to the skill mechanics. On the competition floor (spring floor), the consequence of a mistake is high, triggering a sympathetic nervous system response (fight-or-flight) that leads to hesitation, ""checking,"" or shortened skills.

Here’s a structured approach to transitioning from confidence in the pit to confidence on the floor:

### 1. Reframe Your Mindset
*   **The Pit is for Learning, the Floor is for Expression:** In the pit, you are *trying* to do the skill. On the floor, you are *performing* it. Stop thinking ""I need to make sure I don’t hurt myself."" Instead, think ""I am going to show this skill I’ve already done 500 times.""
*   **Accept the Risk:** You cannot remove all risk from gymnastics. Acknowledge the risk, then consciously decide that performing the skill is more important than the potential for a minor error. Hesitation is actually *more* dangerous than committing, as it leads to off-balance landings.
*   **Error-Permitting Mindset:** Remind yourself: *""Even if I make a small deduction, I will still finish my routine. I can always do another pass. But if I check, I may fall.""*

### 2. Technical & Progressive Training
*   **Start on Spring Boards (Grinder):** After the foam pit, use spring boards. They provide the same rebound force as the floor but allow you to practice the exact takeoff and landing mechanics without the full height/impact of the competition surface.
*   **Land on Mats, Then Lower Them:** Begin landing on high mats, then gradually lower the mats over several sessions. This desensitizes your body to the hard impact.
*   **Do the Skill ""Short"" Before Doing It ""Full"":** If you’re hesitating due to fear of the landing distance, practice the skill ending in a safer spot (e.g., a front walkover into a full on balance beam before risking the full floor routine).
*   **Focus on the Takeoff, Not the Landing:** Hesitation often happens *during* the takeoff because your brain is preoccupied with the landing. Drill the trigger:"
16,gymnastics,explanation,Qwen 3.8 27B,Why are landings important in competitive gymnastics?,"In competitive gymnastics, **landings** are arguably as critical as the skills themselves. A gymnast can perform a perfect 20-difficulty skill sequence, but how they finish that sequence directly impacts their final score.

Here’s why landings are so important in competitive gymnastics:

### 1. **Scoring Impact (Execution Deductions)**
- **Small deductions add up**: In the Code of Points, small deductions (0.1 points) are common for imperfect landings. For example, a slight lean or touching the floor with a hand results in deductions.
- **Large deductions for major errors**: Losing balance, taking a step, or falling off the apparatus can result in deductions of 0.3 to 1.0+ points, which can easily cost a gymnast a medal.
- **Final skill completion**: A landing is the final component of a skill. If a gymnast crashes down or loses control, the skill is considered incomplete or severely flawed, reducing its value.

### 2. **Injury Prevention**
- **High forces on impact**: Gymnast landings involve high vertical forces (often 3–6 times body weight). Poor technique (e.g., landing with locked knees, flat feet, or poor absorption) can lead to:
  - Sprains or fractures (ankles, feet, legs)
  - Joint hyperextension (knees, hips, spine)
  - Long-term chronic injuries
- **Recurring issues**: Many elite gymnasts suffer from stress fractures or joint pain due to repetitive high-impact landings. Proper landing technique (soft knees, active absorption) is essential for career longevity.

### 3. **Competitive Pressure and Consistency**
- **Narrow margins**: In elite competition, differences between athletes are often fractions of a point. A clean landing can be the difference between 1st and 2nd place, or making it to the World Championships/Olympics.
- **Psychological confidence**: A clean landing builds momentum and confidence for the next skill. A shaky landing can break focus and lead to errors in subsequent skills.

### 4. **Judging Criteria**
Landings are explicitly evaluated under **Execution (E-score)** criteria:
- **Stability**: Did the gymnast remain on the shoes/feet?
- **Balance**: Was the center of gravity maintained over the base of support"
17,gymnastics,comparison,Qwen 3.8 27B,Compare floor exercise and high bar in terms of the physical abilities they require.,"While both **floor exercise** (also known as all-around apparatus on floor) and **high bar** (men’s only) are premier gymnastics events, they demand distinct but overlapping physical abilities. Below is a detailed comparison:

### 1. Primary Physical Demands

| Physical Ability | Floor Exercise | High Bar |
|------------------|----------------|----------|
| **Core Strength** | **Explosive & Dynamic Core**: Required for take-offs, landings, tumbling passes, and maintaining body position during aerial rotations. Must resist rotation and control landing impact. | **Isometric & Sustained Core**: Essential for protecting the neck/head during rotation, powering swings, and maintaining body tension during releases (e.g., giant swing, Thomas, Tkachev). Prevents ""whipping"" and maintains line. |
| **Upper Body Strength** | **Explosive & Brief**: Used primarily for pre-displacement (push-offs) in tumbling and for press-outs in dance elements. Less sustained load. | **Continuous & Sustained**: Arms must support full body weight constantly during swings. Requires exceptional biceps, lats, shoulders, and grip strength to maintain levers and releases. |
| **Lower Body Strength** | **Explosive Power & Impact Absorption**: Legs drive the take-off, generate height/rotation in tumbling, and absorb high-impact landings (often 4–6x body weight). Critical for springboard approach. | **Leg Drive & Flexion**: Legs generate initial swing momentum (""kick-up""), drive releases, and control body shape (tuck, pike, layout). Less impact absorption taken on landings compared to floor. |
| **Flexibility** | **Full Range Dynamic Flexibility**: Required for jumps, leap heights, turned landings, and open body positions in dance. Legs must split >180° mid-air. | **Specific Flexibility**: Hip flexion for tucks/pikes, shoulder flexibility for swing amplitude, and ankle flexibility for points. Less emphasis on extreme split flexibility in flight compared to floor. |
| **Grip Strength** | Minimal; hands are rarely used for support except in final poses. | **Extreme**: Sustained grip strength is critical to avoid falling. Chalked hands endure high shear and tensile forces during releases and catches. |
| **Spatial Awareness & Kinesthetic Sense** | **Multi-directional & Complex Spatial"
18,gymnastics,coaching,Qwen 3.8 27B,Give three ways a gymnast could improve handstand control on parallel bars.,"Improving handstand control on parallel bars requires a combination of strength, stability, and body awareness. Here are three effective ways a gymnast can improve this skill:

### 1. Strengthen the Core and Shoulder Stabilizers
A handstand is fundamentally a problem of balance, which is heavily influenced by core stability and shoulder strength. The arms act as the base, the shoulders as the pivot, and the core as the stabilizer.
- **Target Exercises**: 
  - **Plank to Handstand (Gazelle Planks)**: Start in a plank, tuck one leg under the body, and slowly walk the feet up to the bar. This builds the specific shoulder and core engagement needed for controlled lifts.
  - **Dead Hang to Handstand (Tuck-to-Handstand Progressions)**: Practice transitioning from an L-hang to a tuck handstand, focusing on engaging the lats and upper back to pull the body upward.
  - **Shoulder Push-Ups**: Build direct deltoid and pectoral strength to maintain a rigid frame during the hold.

### 2. Master the ""Spotting"" and Release Technique
Control begins before the handstand is achieved. A common mistake is pushing straight up without controlling the descent or using the arms to ""fight"" for balance. Instead, gymnasts should learn to use their shoulders and elbows to actively correct their position.
- **Focus on the “Pull”**: When the body starts to fall forward, the gymnast should pull down slightly with the arms (engaging the upper back) to arrest the fall, rather than just pushing straight down.
- **Elbow Angle Control**: Keep elbows locked but not hyperextended. A slight, controlled micro-bend can sometimes help absorb momentum during dynamic corrections.
- **Visual Focus**: Train the eyes to have a fixed spot on the bars or just beyond them. Shifting gaze is often the first sign of losing balance, so maintaining a consistent visual anchor helps the nervous system make quicker, smaller corrections.

### 3. Practice Controlled Desents and Re-Enters
Many gymnasts focus only on holding the handstand to its maximum height. However, true control is demonstrated in the transition *out* of the handstand and the ability to return to it smoothly.
- **Suspended Handsteps (Cast-offs)**: Practice casting out from a handstand without letting the feet touch the bar or"
19,gymnastics,biomechanics,Qwen 3.8 27B,Explain why a gymnast changes body shape during a somersault.,"The reason a gymnast changes body shape during a somersault is primarily to manipulate their **Moment of Inertia** to control their **Angular Velocity** (rotational speed). This is a direct application of the **Law of Conservation of Angular Momentum**.

Here is the step-by-step logical deduction:

### 1. The Core Principle: Conservation of Angular Momentum
In a somersault, once the gymnast is in the air, no external torque (rotational force) is acting on their rotation. Therefore, the **Angular Momentum ($L$)** remains constant throughout the flip.

The formula for angular momentum is:
$$L = I \cdot \omega$$
Where:
*   $L$ is Angular Momentum.
*   $I$ is **Moment of Inertia** (rotational mass).
*   $\omega$ (Omega) is **Angular Velocity** (spin speed).

Since $L$ is constant, $I$ and $\omega$ must be **inversely proportional**. If one increases, the other must decrease, and vice versa.

$$I \cdot \omega = \text{Constant}$$

### 2. Understanding Moment of Inertia ($I$) in a Human Body
For a gymnast, Moment of Inertia depends on how their mass is distributed relative to their axis of rotation (an imaginary line passing through the center of their body).
*   **Mass closer to the axis**: Low Inertia ($I \downarrow$).
*   **Mass further from the axis**: High Inertia ($I \uparrow$).

### 3. The Role of Body Shapes
The gymnast changes their shape to shift their mass distribution, thereby changing $I$ and consciously controlling $\omega$.

#### A. The Tuck (Maximizing Speed)
When the gymnast begins the flip or wants to rotate faster:
1.  They pull their knees, arms, and head close to their core.
2.  This brings their mass as close to the axis of rotation as possible.
3.  **Result**: $I$ decreases significantly.
4.  **Physics**: Because $I$ drops and $L$ must remain constant, $\omega$ **increases**. The gymnast spins faster.

#### B. The Extension/Straddle (Minimizing Speed)
As the rotation nears completion, the gymnast needs"
20,gymnastics,creative,Qwen 3.8 27B,Write a motivational speech for a gymnast before an NCAA competition.,"Listen closely. Take a breath. Feel that heartbeat? That’s not fear. That’s your fuel.

Right now, the arena might feel loud. The crowd might feel distant. The stakes might feel heavy. But I need you to look around this gym. Look at the mats. Look at the bars. They don’t care about your GPA. They don’t care about the rankings on the wall. They don’t care about what happened in the warm-up. They only care about **you** and the moment you commit to the flight.

You have spent thousands of hours in this discipline. You have tasted blood on your palms. You have pushed through the pain of failures that no one else saw. You have rebuilt yourself over and over again, stronger every single time. That history is written into your muscles. It’s in your muscles memory. When you chalk your hands, you aren’t just preparing your skin; you are waking up that muscle memory.

So here is what we are going to do: **Shrink the world.**

It doesn’t matter who is competing in the next event. It doesn’t matter where you placed last year. It doesn’t matter what the judges are thinking. Your only job is to execute *your* routine.

Trust your training. If you have done it ten thousand times, do it one thousand and first. Don’t think ahead to the landing; stay in the release. Don’t worry about the height; focus on the spot. You know the feeling of that perfect takeoff, that split second where gravity seems to let go. That’s your domain. That’s where you are king. That’s where you are alive.

Be present. Be bold. Be fierce.

When you step to the center of the mat, own it. Let them see that you belong here. Let them hear the confidence in your body.

You are not just a gymnast. You are a fighter. You are an artist. And you are ready.

Now, get out there. Make them remember your name.

Let’s go."
21,gymnastics,explanation,Qwen 3.8 27B,What makes pommel horse difficult compared with the other men's gymnastics events?,"The pommel horse is widely considered the most technically demanding and physically grueling event in men's artistic gymnastics. Its difficulty stems from a unique combination of factors that differ significantly from the apparatuses used in men's floor exercise, vault, parallel bars, horizontal bar, and rings.

Here’s what makes the pommel horse particularly difficult compared to other events:

### 1. **Continuous Motion and Rhythm**
- **No ""Starting Position"" Advantage**: Unlike other events where the gymnast approaches or jumps onto the apparatus, the pommel horse requires the gymnast to **start from a support position already on the horse** (a ""leg press"" or ""scissor"" entry). This means they must possess exceptional strength and balance from the very first second.
- **Unbroken Rhythm**: The routine must be performed in a **continuous, flowing sequence of circling elements** (circles, scissor switches, travels) without stopping, hesitating, or losing momentum. Any pause results in a significant deduction. Maintaining this rhythm at high speed for 30–50 seconds is mentally and physically exhausting.

### 2. **Technical Complexity of Circles**
- **Symmetry and Precision**: Circles on the pommel horse must be **perfectly symmetric, planned, and controlled**. This involves precise body positioning, arm extension, and hip alignment. Even a slight deviation in angle or height is penalized.
- **Traveling Elements**: Advanced routines require traveling circles (moving sideways across the horse) or complex transitions between the rings and the body. These demand extraordinary spatial awareness and control.
- **Pommel Use vs. Body Support**: The gymnast must seamlessly transition between using the pommels for support and performing elements solely on the deck. Mis-timing this transition leads to loss of height, balance, or control.

### 3. **Extreme Physical Demands**
- **Grip Strength and Endurance**: The grip on the rings and the pressure on the shoulders, wrists, and arms are far more sustained and intense than on other apparatuses. The gymnast must support their entire body weight with their arms in a static or dynamic position for prolonged periods.
- **Core and Shoulder Stability**: Maintaining a straight body line (""strut"") during high-speed circles requires immense core strength. Any collapse in form (dropping the hip, bending the knees) is a major deduction.
-"
22,gymnastics,coaching,Qwen 3.8 27B,A gymnast repeatedly takes a large step on landing. What are some possible causes?,"When a gymnast lands a skill, the goal is to absorb the impact from the air in a way that minimizes horizontal displacement. Because they land with both legs at the same time, step-outs are specifically referred to as ""walking"" or ""stepping out."" A large step typically indicates an asymmetry in how the gymnast is transferring kinetic energy into the ground or a deficit in their physical attributes.

Here is a breakdown of the possible causes for a gymnast taking a large step on landing, categorized by physical biomechanics, technical choices, and equipment factors.

### 1. Joint Flexion Deficits (Physical Causes)
The hips, knees, and ankles act as shock absorbers. If these joints are not flexible enough or the muscles are too tight, they cannot absorb the forward momentum of the body without pushing the feet out.
*   **Tight Hamstrings or Hips:** If the hips or hamstrings are not flexible enough to allow full hip flexion (bringing the knees to the chest), the body must stick the torso upwards while the feet step out to remain safe.
*   **Porous or Ankle Stiffness:** Limited ankle dorsiflexion makes it difficult to sink down into a crouch.
*   **Short Limb Ratios:** Physically, shorter legs naturally require a shorter step distance to absorb the same impact as a gymnast with longer legs. However, a *large* step suggests a lack of absorption regardless of height.

### 2. Strength and Power Deficits
Receiving a landing safely requires the legs to act like heavy-duty springs.
*   **Lack of Leg Strength:** If the quadriceps and gluteals are not strong enough to counteract the gravity of the body weight and the horizontal velocity of the momentum, the legs will give out and bail forward.
*   **Loss of Vertical Force Vector:** To land without a step, the forces must go straight down. If the upper body (torso) is ""pushing"" forward (leaning), rather than straight down, the legs must migrate forward to keep the center of mass over the feet. This often happens when the core is underestabilized.

### 3. Technical and Drilling Habits (Psychological/Motor)
Often, the large step is a defensive mechanism for safety or a result of specific training history.
*   **The ""Safety Step"":** A major"
23,gymnastics,planning,Qwen 3.8 27B,Design a short warm-up for a gymnast preparing to train floor exercise.,"Here is a targeted, 10–12 minute warm-up routine designed specifically for floor exercise. This routine focuses on **joint mobility, core activation, and dynamic spinal flexibility**, which are crucial for tumbling passes, leaps, and dance elements.

### **Goal:** Increase blood flow, activate the core/glutes, and prepare the spine, ankles, and shoulders for high-impact landings and flexible movements.

---

### **1. General Cardio (2–3 minutes)**
*Goal: Raise heart rate and temperature.*
- **Jumping Jacks** (30 sec)
- **High Knees** (30 sec)
- **Butt Kicks** (30 sec)
- **Skaters** (30 sec) – focus on controlled landing.
- **Low-impact Skips** (30 sec) – alternate feet while swinging arms.

---

### **2. Joint Circles & Mobility (3 minutes)**
*Goal: Lubricate joints and improve range of motion.*
- **Neck Rolls** (5 each direction)
- **Arm Circles** (10 forward, 10 backward – small to large)
- **Shoulder Cares** (10 each direction)
- **Wrist Circles** (10 each direction) – important for breakdowns.
- **Hip Circles** (8 each direction, standing)
- **Lunge with Torso Rotation** (alternate sides, 6 each)
- **Ankle Circles** (10 each direction, bent knee)
- **Knee Circles** (10 each direction, bent knee)

---

### **3. Dynamic Spine & Core Activation (4 minutes)**
*Goal: Prepare the spine for forward rolls, back walkovers, and extensions.*
- **Cat-Cow Stretch** (10 reps) – move slowly, focus on spinal articulation.
- **Bird-Dog** (8 per side) – engage core, keep hips level.
- **Dead Bug** (8 per side) – maintain lower back pressed to floor.
- **Plank Shoulder Taps** (8 per side) – stabilize shoulders and core.
- **Russian Twists** (16 total, light weight or no weight) – control the torso.
- **Sweeping Leg (Standing)** ("
24,gymnastics,comparison,Qwen 3.8 27B,Compare training for an all-around gymnast with training for a one-event specialist.,"Training for an all-around gymnast and a one-event specialist differs significantly in volume, intensity, periodization, and psychological demands. While both require immense physical dedication, their approaches to fitness development, injury risk management, and competition preparation are tailored to their distinct goals.

### 1. **Simplicity vs. Specificity**
- **All-Around Gymnast**:
  - **Breadth First**: Training must cover all four women’s events (vault, uneven bars, balance beam, floor exercise) or five men’s events (pommel horse, still rings, parallel bars, vault, floor, high bar – often split into two groups). 
  - **Less Time per Event**: Less time is dedicated to each apparatus, requiring efficient skill acquisition and consistent maintenance across all events.
  - **Cross-Training Synergy**: Strength and conditioning is designed to support multiple skills. For example, core stability benefits beam stability and pommel horse control simultaneously.

- **One-Event Specialist**:
  - **Depth First**: Training focuses exclusively on one apparatus (e.g., only vault or only floor).
  - **Higher Volume on Specific Skills**: More repetitions of complex routines, drills, and refinements are possible due to concentrated time.
  - **Specialized Conditioning**: Strength and flexibility work is highly targeted to the demands of that single event (e.g., extreme wrist and shoulder strength for vaulting; ankle and arch strength for beam).

### 2. **Strength & Conditioning (S&C) Focus**
- **All-Around Gymnast**:
  - **Balanced Development**: S&C aims for uniform strength to avoid ""weak links"" that could limit performance on any event.
  - **General Physical Preparedness (GPP)**: Emphasis on overall athleticism, explosiveness, coordination, and endurance across different movement patterns.
  - **Joint Health Priority**: Since gymnasts train on multiple high-impact apparatuses, S&C often prioritizes joint stability (shoulders, wrists, upper back) to prevent overuse injuries across the board.

- **One-Event Specialist**:
  - **Event-Specific Strength**: S&C is highly targeted. For example:
    - *Vaulters*: Focus on powerful arms, wrists, and leg drive.
    - *Floor Exercisess*: Emphasize lower-body power, core rotation, and landing stability.
    - *Beam"
25,gymnastics,biomechanics,Qwen 3.8 27B,Explain how shoulder angle can affect a handstand.,"Shoulder angle is arguably the most critical factor in a successful, stable, and safe handstand. It determines your **balance point**, **structural stability**, and **range of motion**.

Here’s a detailed breakdown of how different shoulder angles affect your handstand:

### 1. The Ideal Angle: Slightly Internal Rotation & Extension
The ""perfect"" handstand position involves shoulders that are **flexed to about 180°** (facing forward) but with a **slight internal rotation**. This means your armpits are slightly compressed together, and your shoulder blades are down and back (avoiding shrug).

**Why this angle is optimal:**
- **Balance Point Centering:** It aligns your wrists, shoulders, and hips over the same vertical line. Your center of gravity (COG) is directly over your base of support (your hands).
- **Structural Stability:** The ribs stack directly over the pelvis, creating a rigid column. This minimizes the energy required to stay balanced.
- **Joint Safety:** The glenohumeral joint (shoulder socket) is in a neutral, congruent position, reducing shear force on the labrum.

---

### 2. Excessive External Rotation (Shrugged Shoulders)
**What it looks like:** Your armpits are wide open, shoulder blades are hiked up toward your ears, and your upper back is rounded (kyphosis).

**Effects on the Handstand:**
- **Widened Base of Support:** The distance between your wrists increases relative to your COG. This makes balancing harder because small shifts in weight are more pronounced.
- **Unstable Skeleton:** Because your ribs do not stack over your pelvis, you create a ""loaded lever"" across the lower back. You lose structural integrity and must rely on muscular fatigue to hold the position.
- **Risk of Injury:** Placing a full 100% body weight on a shrugged, externally rotated shoulder puts immense stress on the biceps tendon and labrum.
- **Difficulty Inverting:** If you start from a forward plank, shrug prevents the smooth ""pop"" into vertical because the joint is locked in a cramped position.

---

### 3. Excessive Internal Rotation (Wing-Loaded Shoulders)
**What it looks like:** Your armpits are squeezed tightly together, shoulder blades are"
26,gymnastics,explanation,Qwen 3.8 27B,Why do gymnasts swing before performing many release skills on high bar?,"Gymnasts swing before performing release skills on the high bar primarily to generate the necessary **angular momentum** and **energy** required to execute these complex, dynamic movements.

Here’s a detailed breakdown of the reasons:

### 1. Generating Angular Momentum
- **Physics Principle**: A release move (like a Gienger, Thomas, or Tkatchev) involves the gymnast letting go of the bar, performing an aerial rotation or shift, and then re-grasping it.
- **Need for Speed**: To successfully re-grasp the bar at the correct point, the gymnast must have sufficient forward (or backward, depending on the skill) angular velocity. Without this speed, they would not reach the bar in time or would misjudge the timing, leading to a loss of momentum or a fall.
- **Swing Purpose**: The initial swing builds up this angular momentum. The higher the swing, the greater the kinetic energy stored in the system.

### 2. Achieving Sufficient Height and Arc
- **Trajectory**: Many release skills require the gymnast’s body to follow a specific parabolic arc that intersects with the bar at the correct height and angle.
- **Energy Requirement**: Building energy through the swing allows the gymnast to reach the necessary height and travel distance in the air to complete the skill. A low or slow swing would result in a trajectory that does not align with the bar.

### 3. Timing and Rhythm
- **Precision**: Release skills are extremely dependent on precise timing. The gymnast must let go at a specific point in the swing cycle (e.g., at the bottom, side, or top of the swing).
- **Consistency**: Regular, controlled swings allow the gymnast to develop muscle memory and rhythmic consistency, which are critical for safely performing high-risk errors.

### 4. Positioning for the Release
- **Body Shape**: The swing also helps the gymnast control their body position (tuck, pike, or layout) at the moment of release.
- **Pivot Point**: Depending on the type of release, the gymnast may need to be at a specific angle relative to the bar. The swing allows them to adjust their center of mass and body alignment before let-go.

### Summary
In essence, the swing is not just preliminary motion; it is the **energy source** for the entire skill. Without adequate swing:"
27,gymnastics,coaching,Qwen 3.8 27B,Give advice to a gymnast learning a new skill who is physically capable but afraid to attempt it.,"It is incredibly common—and actually a sign of self-awareness—for a physically capable gymnast to face mental blocks. When your body knows *how*, but your mind says *don’t*, the challenge shifts entirely from biomechanics to psychology.

Here is structured advice to help bridge the gap between capability and confidence:

### 1. Reframe Fear as ""Alertness""
First, stop labeling the feeling as ""fear"" in a negative sense. In gymnastics, that adrenaline spike is **alertness**. Your body is preparing for a high-stakes task. Instead of fighting it, accept it: *""I am feeling excited and my body is tuned in.""* Fear often amplifies when we resist it. Acknowledging it without judgment can lower its intensity.

### 2. Deconstruct the Skill (Progressive Progressions)
Break the skill into micro-components and master each one in isolation before combining them.
- **If it’s a flip:** Work on the takeoff, the tuck shape, the rotation timing, and the landing separately.
- **If it’s a balance element:** Practice the prep, the turn, and the freeze in steps.
- **Use safety nets and spotters** liberally during the learning phase. There is no shame in using them. They are tools, not crutches.

### 3. Visualize Success, Not Failure
Athletes often say, ""Visualize the skill."" Be more specific:
- **Positive Visualization:** Close your eyes and imagine performing the skill *perfectly*. Feel the springy floor, feel the landing stick, hear the coach say ""nice!"" Engage all senses.
- **Avoid ""Don’t Fall"" Thinking:** Never visualize falling. Your brain executes what it focuses on. If you imagine falling, your muscles will tension up to ""catch"" yourself, which ruins your form.
- **The ""Already Done"" Method:** After you’ve successfully done the skill a few times, visualize doing it *again* tomorrow. This builds a mental shelf of success.

### 4. Build a Pre-Motion Routine
Anxiety thrives in uncertainty. Create a consistent, short ritual before you attempt the skill. This could be:
- Three deep belly breaths.
- A specific hand clap or jump.
- A mantra like *""Strong takeoff, quiet landing""* or *""Trusted body, controlled brain.""*"
28,gymnastics,reasoning,Qwen 3.8 27B,Why might a gymnast perform better in practice than in competition?,"It is a very common phenomenon in gymnastics for athletes to perform better in practice than in competition. This discrepancy, often referred to as the **""practice vs. competition gap,""** stems from a combination of psychological, physical, and structural factors.

Here are the primary reasons why this occurs:

### 1. Psychological Pressure and Anxiety
- **Stakes Matter**: In practice, the only consequence of a mistake is the need to retry. In competition, mistakes affect scores, rankings, and team medals, which triggers **performance anxiety**.
- **Fear of Failure**: The fear of making a costly error can lead to **hesitation** or **overthinking** movements that are normally automatic, disrupting muscle memory.
- **Audience Effect**: The presence of judges, spectators, and media can increase arousal levels. According to **Yerkes-Dodson Law**, moderate arousal enhances performance, but excessive anxiety (high arousal) impairs it.

### 2. Loss of Routine and Familiarity
- **Emotional Balance**: Practice is routine and predictable. Competition introduces variable stimuli (lighting, sound, crowd noise, unfamiliar equipment) that can disrupt an athlete’s focus and sense of rhythm.
- **Pressure to ""Show""**: In practice, a gymnast can focus on technique. In competition, there’s often internal or external pressure to perform with more **artistry, expression, and difficulty**, which can distract from mechanical precision.

### 3. Physiological Factors
- **Adrenaline and Cortisol**: Competition triggers a ""fight-or-flight"" response. Elevated cortisol and adrenaline can:
  - Increase muscle tension.
  - Reduce fine motor control.
  - Cause lactic acid buildup faster.
- **Fatigue from Competition Structure**: Competition routines are performed in rapid succession with little rest, leading to **neuromuscular fatigue** that doesn’t occur in controlled practice sessions.

### 4. Environmental and Equipment Differences
- **Beam/Bar Height and Tightness**: Even minor differences in the height of the beam, the tilt of the bars, or the texture of the floor can feel foreign, requiring mental adjustment.
- **Grip and Chalk**: The timing of chalking hands or wrapping grips may differ, affecting confidence on aerial moves.
- **Lighting and Acoustics**: Bright arena lights and echoing arenas can be overstimulating compared to the calmer gym environment.

###"
29,gymnastics,planning,Qwen 3.8 27B,Create a simple strategy for preparing for a gymnastics competition one week away.,"Preparing for a gymnastics competition just one week out requires shifting your focus from building new skills to **refining, executing, and recovering**. The goal is to peak your performance for competition day, not to learn a new mount or flip.

Here is a simple, high-impact 7-day strategy:

### 🧠 Core Principles for This Week
1. **Trust Your Preparation:** You have trained for months. This week is about refinement, not creation.
2. **Energy Conservation:** Do not exhaust yourself in training. Practice with intention, not intensity.
3. **Simulate Competition:** Your mental game is just as important as your physical skills.

---

### 📅 Day-by-Day Strategy

#### **Day 1 (7 Days Out): Assessment & Light Rehearsal**
*   **Physical:** Run through your full routine at 80% effort. Focus on flow and connections, not perfection.
*   **Mental:** Film yourself. Watch it back calmly. Identify *one* small thing to tweak in each skill (e.g., ""soften the landing,"" ""look up during the turn"").
*   **Nutrition:** Begin loading carbs to top up glycogen stores. Eat complex carbs (oatmeal, brown rice, sweet potatoes) and lean proteins.
*   **Sleep:** Aim for 8–9 hours. No late nights.

#### **Day 2 (6 Days Out): Skill Refinement**
*   **Physical:** Focus on your weakest skills in your routine, but **do not force difficult elements**. Practice control, form, and execution.
*   **Mental:** Create a pre-routine visualization. Close your eyes and imagine walking down the beam/apparatus, executing each skill perfectly, and finishing with your final pose. See yourself succeeding.
*   **Nutrition:** Continue high-carb, moderate-protein. Stay hydrated (aim for clear/light yellow urine).

#### **Day 3 (5 Days Out): Full-Routine Rehearsal (FDR)**
*   **Physical:** Do one full, perfect FDR of your entire competition routine. Focus on transitions and choreography if applicable.
*   **Mental:** Practice your routine without music if that helps, or with your competition music. Get used to the flow.
*   **Recovery:** Light stretching, foam rolling, or a short walk."
30,gymnastics,creative,Qwen 3.8 27B,Describe the final rotation of a close gymnastics team championship from the perspective of one athlete.,"The squeak of sneakers on the floorboards is the only sound I can hear, drowning out the roar of the crowd. My lungs are burning, a tight band of fire around my ribs from the triple-double on bars and the full-out floor exercise just minutes ago. I am hanging by my fingertips on the uneven bars, legs split, staring at the ceiling spotlights until they blur into a single, blinding white star.

One hundred and ninety-eight points. That’s where we stand. United States, in first. But the score isn’t locked.

Down the arena, on the parallel bars, the sensation of failure must be happening. I can feel it in the tension of the room, a physical weight pressing against my eardrums. The crowd is holding its breath. I don’t need to look. I know the count. I know the margin. I know that if *she* lands it, we win by four-tenths. If she falls, we lose by six-tenths.

My heart isn’t just beating; it’s slamming. *Thud. Thud. Thud.* Like a hammer on an anvil. The adrenaline is a cold tide in my veins. I focus on the texture of the cast iron under my chalk-dusted hands. The smooth, gray grit. It’s the most beautiful thing I’ve ever touched. It’s the ground I stand on. The one thing that won’t change.

And then, the silence.

It happens in the space between one inhale and the next. A pause so profound it feels like time itself has broken. I see the other team’s coach walk off the podium. Not angry. Just… empty. Defeated. The realization hits me like a physical blow. The score is over. The last routine is done. The numbers are final.

One hundred and ninety-eight. One hundred and ninety-nine point six.

The roar doesn’t start as a sound. It starts as a vibration. It travels up through the floorboards, up through my shins, up my spine, and explodes behind my eyes. I open my mouth, but no sound comes out. Just the raw, animal cry of release that vibrates in my chest.

I spin. I don’t know how. One moment I’m frozen, staring at the scoreboard, and the next I’m in the air, mid-laugh, mid-scream, mid-collapse. The world"
31,random,explanation,Qwen 3.8 27B,Explain how a microwave heats food in simple terms.,"Here is a simple explanation of how a microwave heats food.

### 1. The Main Player: Water
Everything you eat contains a certain amount of water, even foods that seem dry (like crackers or bread). Inside this water, there are tiny molecules.

### 2. The Weapon: Microwaves
A microwave oven uses short-length radio waves called **microwaves** to cook. These waves can pass right through the glass or plastic container holding your food, but they interact specifically with the water molecules inside the food.

### 3. The Mechanism: The ""Twist""
Here is the most important part: Water molecules act like tiny magnets. They have a positive end and a negative end.
*   The microwave field acts like a spinning switch that flips back and forth very, very fast (about 2.45 billion times per second).
*   Because the water molecules are magnetic, one end is attracted to the positive wave and the other to the negative wave.
*   As the wave switches polarity, the water molecules try to stay aligned. This causes them to **rapidly vibrate and rotate back and forth**.

### 4. The Heat Effect: Friction
Those water molecules are not spinning in a vacuum; they are bumping into neighboring water molecules and the other molecules in the food (like proteins and sugars).
*   When thousands of trillions of tiny molecules vibrate and bump into each other at such high speeds, it creates **friction**.
*   Just like rubbing your hands together makes them warm up, this molecular friction creates **heat**.

### Summary
1.  The microwave sends an electromagnetic signal into the food.
2.  The signal forces the water molecules to spin and vibrate intensely.
3.  This intense motion creates heat through friction.
4.  The heat spreads from the water-rich parts of the food to the rest of the food.

**Note:** Microwaves actually penetrate food evenly (to a depth of about 1-2 inches), which is why the middle of the food often hot hits or even heats *faster* than the outside initially."
32,random,creative,Qwen 3.8 27B,Write a short story about a dog that accidentally becomes mayor of a small town.,"The town of Oakhaven was the kind of place where the most exciting event of the month was whether the local bakery ran out of sourdough before noon. It was also the kind of place where democracy was taken with a casual, almost sleepy reverence.

The incident began on a Tuesday, with a stray Golden Retriever named Biscuit who had wandered into the town square during the annual mayoral election. The incumbent, Mayor Grumble, had just been found asleep in the town records office, snoring loudly while clutching a fountain pen. The election was up, but no one had realized the paperwork for the vote had been left open on the placard at the front of the stage.

In a moment of collective daze, caused by a power outage and the general humidity of the July afternoon, the townspeople looked at the open ballot box. Then they looked at Biscuit, who was sitting dignified on the steps, tail wagging lazily, looking direct and trustworthy.

""Vote!"" shouted old Mrs. Higgins, pointing a trembling finger at the dog. ""He’s calm! He’s big! He smells like bacon!""

With no one else in the vicinity willing to step up, and the ballot box essentially functioning as a suggestion box, the town council, in a fit of bureaucratic inertia and summer lethargy, accepted the ""vote."" The quorum was met. The sign was flipped. Biscuit was Mayor.

***

The first week was a miracle.

Biscuit’s ""administration"" focused entirely on what he did best: finding and marking the best spots for napping. Consequently, the town square garden, which had been neglectful for years, was suddenly trampled into a beautiful, low-lying patch of clover and bluebonnets. His barking, alarmingly loud at 7 AM, convinced three stray cats to leave the town, significantly reducing the number of yowling complaints from residents.

The citizens of Oakhaven, accustomed to Mayors Grumble and his predecessors who spent most of their time arguing about zoning laws for the dumpster behind the hardware store, found a strange peace in the silence. There were no heated council meetings. There were no angry letters about speed bumps. Instead, there was Biscuit, sitting on a custom-built velvet cushion in the center of the square, eating kibble from a shiny ceramic bowl labeled *Office of the Executive*.

People started bringing"
33,random,advice,Qwen 3.8 27B,Give five practical tips for improving time management as a college student.,"Here are five practical, actionable tips to improve time management as a college student:

### 1. Use a Single, Centralized Planner (Digital or Analog)
Stop juggling due dates in your head, sticky notes, or multiple apps. Choose **one** system—whether it’s a physical planner, a digital calendar (like Google Calendar), or an app like Todoist—and record **everything** there: class schedules, deadlines, part-time job shifts, social commitments, and even appointments for laundry or errands. 
- **Why it works:** Reduces cognitive load. Your brain should be for thinking, not remembering.

### 2. Schedule “Block Time” for Deep Work
Don’t just list tasks; assign them to specific time slots on your calendar. Identify your peak energy hours (for many, this is morning) and reserve those blocks for difficult tasks like writing papers or studying for exams. 
- **Pro tip:** Treat these blocks like non-negotiable classes. No studying, no studying—but also no checking social media. Use techniques like the **Pomodoro Technique** (25 minutes work, 5 minutes break) to maintain focus within these blocks.

### 3. Learn to Say “No” (or “Not Now”)
College is busier than you expect, and saying yes to every club, party, or extra shift can derail your academic performance. 
- **How to do it:** 
  - Ask yourself: *Does this align with my top 3 priorities this semester (e.g., GPA, internships, health)?*
  - If not, politely decline: “I’m already committed to [Class X] and [Project Y] this week, so I won’t be able to make it.”
  - Remember: Saying no to low-priority activities is saying yes to your main goals.

### 4. Prioritize Using the Eisenhower Matrix
Not all tasks are equally urgent or important. Classify your to-do list into four quadrants:
- **Urgent & Important:** Do these first (e.g., essay due tomorrow).
- **Important, Not Urgent:** Schedule these (e.g., studying for a mid-term in two weeks, networking).
- **Urgent, Not Important:** Delegate or minimize (e.g., some admin emails).
- **Not Urgent, Not Important:** Elimininate or limit (e.g., mindless"
34,random,comparison,Qwen 3.8 27B,Compare reading a physical book with reading an ebook.,"Reading a physical book versus reading an ebook is often a matter of personal preference, as both methods offer distinct advantages depending on your environment, learning style, and goals.

Here is a detailed comparison across key categories:

### 1. **Sensory Experience & Engagement**
*   **Physical Books:**
    *   **Tactile Connection:** The feel of paper, the weight in your hands, and the smell of ink/paper create a multisensory experience that many readers find comforting and engaging.
    *   **Tangible Progress:** Physically seeing how far you’ve come (the thickness of the book remaining) can provide a sense of accomplishment.
    *   **Nostalgia:** For some, books hold sentimental value (e.g., a book given as a gift).
*   **Ebooks:**
    *   **Minimalist Focus:** The device eliminates distractions like cover art, font size, or physical interruptions (e.g., a phone buzzing nearby).
    *   **Abstraction:** The experience is more about the *content* than the *object*. For some, this leads to a more immersive mental focus on the narrative.

### 2. **Portability & Convenience**
*   **Physical Books:**
    *   **Weight:** A single book is manageable, but carrying several is impractical.
    *   **No Battery Needed:** You can read anywhere, even in flight mode or dead zones, as long as there is light.
    *   **Shared Ownership:** Easier to lend to friends, family, or leave in public spaces (e.g., a library return bin).
*   **Ebooks:**
    *   **Library in Your Pocket:** One device can hold thousands of books. Ideal for travelers, commuters, or heavy readers.
    *   **Adjustable Features:** You can change font size, style, line spacing, and background color (e.g., sepia or dark mode) for eye comfort.
    *   **Portability:** An e-ink device weighs less than most physical books and consumes minimal power.

### 3. **Eye Strain & Health**
*   **Physical Books:**
    *   **No Blue Light:** Paper reflects ambient light rather than emitting it, reducing risk of digital eye strain.
    *   **Ambient Light Dependent:** Requires sufficient lighting to read comfortably (unless using a"
35,random,reasoning,Qwen 3.8 27B,Why do people often procrastinate even when they know a task is important?,"Procrastination is often misunderstood as a character flaw or simple laziness, but research in behavioral psychology and neuroscience suggests it is actually a complex **emotional regulation problem**.

When people hesitate to do an important task, it is rarely because they don’t value the outcome—it’s that the *process* of doing the task triggers negative emotions they want to avoid. Here’s a breakdown of why this happens:

### 1. It’s About Feelings, Not Time Management
Contrary to popular belief, procrastination is not primarily about managing one’s time well. It’s about managing the negative emotions associated with a task.
- **The Task as a Trigger:** Important tasks often evoke feelings of **fear, uncertainty, boredom, frustration, or inadequacy**.
- **Short-Term Relief:** Doing something else (like checking social media, cleaning, or watching TV) provides immediate, temporary relief from these negative feelings. The brain prefers this quick hit of comfort over the long-term reward of finishing the task.

### 2. The Role of the Prefrontal Cortex vs. The Limbic System
Your brain has two key parts interacting in this process:
- **The Prefrontal Cortex (PFC):** This is the logical, planning, and decision-making part of the brain. It knows the task is important and sets deadlines.
- **The Limbic System:** This is the emotional processing center. It reacts to threats and discomfort.

When a task feels overwhelming, the limbic system overrides the PFC. It hits the ""pause button"" to protect you from emotional distress, even if it sabotages long-term goals. This is sometimes called an **emotional avoidance loop**.

### 3. Fear of Failure (or Success)
- **Fear of Failure:** If a task is important, it likely matters to your self-image. The worry that you might do it poorly can be paralyzing. Procrastination acts as a protective mechanism: *""If I don’t try, I can’t fail. If I do fail, I can blame the deadline, not my ability.""*
- **Fear of Success:** Sometimes, succeeding means future expectations will rise. Procrastination can be a way to keep expectations manageable.

### 4. Perfeционism (Perfectionism)
Many procrastinators are perfectionists. They have an inflated sense of how long or how difficult the task is because they want"
36,random,planning,Qwen 3.8 27B,Plan a relaxing Saturday for someone with no work or school obligations.,"Here is a plan for a truly restorative Saturday, designed to reduce stress and recharge your energy. The focus is on **low decision-making**, **gentle movement**, and **social disconnection**.

### 🌅 Morning: Gentle Awakening
*Goal: Start slowly without the pressure of a rigid schedule.*

*   **Sleep In:** Wake up naturally without an alarm. When you wake, stay in bed for 10 minutes. Stretch slowly, enjoy some sunlight, or read a few pages of a book.
*   **Hydrate & Nourish:** Drink a large glass of water. Prepare a simple, warm breakfast. Avoid checking emails or social media while eating.
*   **Morning Ritual (Pick One):**
    *   *Option A (Calming):* 15 minutes of meditation or gentle yoga/stretching.
    *   *Option B (Creative):* Journaling or free writing for 10 minutes to clear your head.
    *   *Option C (Nature):* A 20-minute slow walk outside, focusing on sounds and smells rather than distance.

### 🌤️ Mid-Morning: Creative or Curious Time
*Goal: Engage in something you enjoy for the process, not the product.*

*   **Choose ONE activity:**
    *   Work on a hobby (painting, knitting, playing music, gardening).
    *   Go to a cafe or library with a book you’ve been meaning to read.
    *   Tackle a small, satisfying home project (organizing a drawer, watering plants, cleaning a shelf) only if it feels pleasant, not obligatory.
    *   Cook a simple, enjoyable meal or bake something.

### 🍽️ Lunch: Mindful Fuel
*Goal: Eat slowly and savor the food.*

*   Have a late lunch (between 12:30 PM and 2:00 PM).
*   Sit somewhere comfortable. No screens during the meal.
*   Focus on the textures, flavors, and smells of your food.

### ☀️ Afternoon: Rest & Connection
*Goal: Allow your body to fully rest or connect gently with others.*

*   **The Power Nap or Quiet Hour (30–60 mins):**
    *   Take a short nap.
    *   *OR* stay in bed resting with"
37,random,explanation,Qwen 3.8 27B,Explain how airplanes stay in the air to a ten-year-old.,"To understand how airplanes stay in the air, imagine you are holding your hand out of the window of a moving car.

Keep your arm straight and your hand flat, with your palm facing forward. After a few seconds, you might feel a breeze. Now, try tilting your hand up slightly, away from the road.

**Do you feel a force pushing your hand *up*?**

That bumping up is called **Lift**. And that is the same force that keeps giant airplanes flying!

### How it works (The 4 Magic Forces)

An airplane needs to balance four forces to stay in the sky:

1. **Lift (Up)** – This is the main magic. It comes from the shape of the wings.
2. **Weight (Down)** – This is the airplane’s heaviness (gravity pulling it down).
3. **Thrust (Forward)** – This comes from the engines (like the car’s engine).
4. **Drag (Back)** – This is the air resistance pushing against the front of the plane (like the wind pushing against your face when you stick your head out the window).

For the plane to fly:
*   **Lift** must be stronger than **Weight**.
*   **Thrust** must be stronger than **Drag**.

### Why do wings push air down?

Here’s the secret: **Wings are curved on top and flatter on the bottom.**

When the airplane moves forward fast (thanks to the engines), the air hits the wing. Because of the curve, the air flowing over the top has to travel a longer, faster path than the air underneath.

*   **Faster air on top → Lower pressure**
*   **Slower air on bottom → Higher pressure**

This difference in pressure creates a suction lift, like when you blow over a piece of paper and it floats up. Also, the wing pushes air *down* (this is called ""downwash""). By Newton’s Third Law: **""For every action, there is an equal and opposite reaction.""** So, if the wing pushes air down, the air pushes the wing **up**!

### In simple steps:

1. The engines make the plane move forward really fast (**Thrust**).
2. The wings catch the air.
3. The shape of the wings makes the air flow over the top faster than underneath.
4"
38,random,creative,Qwen 3.8 27B,Invent a new holiday and describe how people celebrate it.,"**Holiday Name: The Solstice of Unplugged Harmony**
**Date:** The day immediately following the winter solstice (typically December 22nd in the Northern Hemisphere).
**Theme:** Mindful Connection, Nature Reintegration, and Digital Detox.

### Origin Story
In a world increasingly dominated by screens, notifications, and digital noise, people began to feel a growing sense of isolation despite being hyper-connected. A grassroots movement called ""The Silence"" emerged, advocating for a 24-hour pause from all electronic devices to reconnect with the natural world and with one another. This evolved into an official public holiday known as the **Solstice of Unplugged Harmony**.

### How People Celebrate

#### 1. The ""Dimming"" (Evening Before)
On the night before the holiday, homes and cities gradually dim their artificial lights. By sunset, most public spaces are lit only by lanterns, candles, and the soft glow of fireplaces. This signifies the relinquishment of digital light for natural light. People prepare handmade meals, often using seasonal, locally sourced ingredients, and share them with family or neighbors in face-to-face gatherings.

#### 2. The 24-Hour ""Silence"" (The Core Celebration)
On the day of the holiday, it is customary (though not legally mandated) for individuals and families to turn off all smartphones, computers, tablets, and other digital devices for 24 hours. This period is sacred time for:

*   **Nature Immersion:** Families hike, skate, or simply sit in parks and forests, observing the changing seasons. The focus is on sensory experiences: the smell of pine, the sound of wind, the feel of cold air, and the sight of the longest night of the year.
*   **Analog Gatherings:** Friends and neighbors host ""Harmony Circles"" where conversation, storytelling, and board games (using physical cards, pieces, or no equipment at all) are encouraged. Music is played live—violins, guitars, or vocal harmony—rather than streamed.
*   **Reflection Rituals:** Many write detailed letters or journal entries to themselves, loved ones, or future selves. These handwritten notes are often displayed in a communal ""Wall of Words"" in community centers, where others can read and be inspired.
*   **Acts of Quiet Service:** People perform small, anonymous acts of kindness, such as shov"
39,random,advice,Qwen 3.8 27B,What should someone consider when choosing between two job offers?,"Choosing between two job offers is one of the most significant career decisions you will make. It’s not just about the highest paycheck, but about which role aligns best with your long-term goals, values, and lifestyle.

Here is a comprehensive framework to help you evaluate both offers systematically.

### 1. Compensation & Financial Health
While money isn’t everything, it sets the baseline for your quality of life.
- **Base Salary**: Compare the pre-tax annual salary.
- **Benefits Package**: Include health/dental/vision insurance, 401(k) match or retirement plans, life insurance, and disability coverage.
- **Bonus Structure**: Is the bonus guaranteed or performance-based? What is the historical average payout?
- **Equity/Stock Options**: If applicable, understand the vesting schedule, strike price, and potential liquidity (especially in startups).
- **Paid Time Off (PTO) & Holidays**: Compare vacation days, sick days, parental leave, and company holidays.
- **Tax Impact**: Consider if one job is in a location with higher or lower taxes.

### 2. Career Growth & Development
Ask yourself: *Where will I be in 3–5 years with each company?*
- **Promotion Path**: Is there a clear ladder? How often do promotions happen?
- **Learning Opportunities**: Does the role challenge you? Are there budgets for conferences, courses, or certifications?
- **Mentorship**: Who would your manager be? Do you have the chance to learn from senior leaders?
- **Internal Mobility**: Can you switch teams or departments easily within the company if your interests change?

### 3. Company Culture & Values
Culture fit is crucial for daily happiness and retention.
- **Mission & Purpose**: Do you believe in what the company does? Does the work feel meaningful to you?
- **Work Style**: Is it autonomy-driven or highly structured? Collaborative or individual?
- **Management Style**: Research or ask about the manager’s approach. Do they micromanage or empower?
- **Diversity & Inclusion**: Is the workplace inclusive? Are there Employee Resource Groups (ERGs)?

### 4. Work-Life Balance & Lifestyle
This directly impacts your mental health and personal relationships.
- **Remote/Hybrid Policy**: Can you work from home? How flexible are the hours?
- **Average Working Hours**: Do"
40,random,comparison,Qwen 3.8 27B,Compare living in a large city with living in a small town.,"Choosing between a large city and a small town is essentially a choice between **convenience and connection**. Both lifestyles offer distinct advantages and trade-offs, appealing to different personality types and life stages.

Here is a detailed comparison across key dimensions:

### 1. Pace of Life and Energy
*   **Large City:** High-energy and fast-paced. The environment is often loud, crowded, and constantly in motion. This can be stimulating and exciting for some, but exhausting for others. There is a strong ""sense of urgency"" in everything from meetings to errands.
*   **Small Town:** Slower-paced and relaxed. Life moves at a more predictable rhythm. You have more downtime and less stress from constant stimuli. It’s ideal for those who value peace, quiet, and a lower cognitive load.

### 2. Social Dynamics and Community
*   **Large City:** **Anonymous and diverse.** You can be alone in a crowd. Social circles are often self-selected (interest-based, professional, or hobby-based). Diversity in culture, religion, and background is high, which can be enriching but also require more effort to meet people.
*   **Small Town:** **Close-knit and personal.** Everyone often knows everyone else. There is a stronger sense of belonging and mutual support. However, this can feel suffocating or intrusive to those who value privacy. Privacy is more limited, and social norms are more visible.

### 3. Cost of Living
*   **Large City:** Typically **high**. Housing (rent or mortgage) is usually dominated by space-efficiency rather than size. Goods, services, and entertainment often carry a premium. However, entry-level jobs may pay more, and there are more opportunities for upskilling and higher salaries.
*   **Small Town:** Generally **lower**. You can stretch your dollar further, particularly with housing. A modest income goes much further. However, local job markets may have fewer high-paying opportunities, potentially creating a tension between low costs and lower wages.

### 4. Opportunities and Career
*   **Large City:** **Hub of opportunity.** Access to major industries (finance, tech, arts, media), headquarters of corporations, and specialized roles. Networking events, conferences, and cultural institutions are abundant. Career mobility is high.
*   **Small Town:** **Niche opportunities.** Jobs may be more traditional (manufacturing, healthcare, education, local business). Remote"
41,random,reasoning,Qwen 3.8 27B,Why can two people remember the same event differently?,"The phenomenon of two people remembering the same event differently is not a sign of deception or poor memory; rather, it is a fundamental characteristic of how the human brain constructs memory. Memory is not a video recording that plays back exactly as it happened; it is a **reconstructive process**.

Here are the key scientific and psychological reasons why memories diverge:

### 1. Memory is Reconstructive, Not Reproductive
When you recall a memory, your brain does not simply retrieve a stored file. Instead, it **rebuilds** the memory from fragments of information. During this reconstruction, the brain often:
- Fills in gaps with plausible details (confabulation).
- Blurs or distorts edges, colors, or sequences.
- Integrates current knowledge and emotions into the past event.

Since each person’s brain reconstructs the memory differently, the output will vary.

### 2. Perspective and Selective Attention
Even if two people are in the same physical location, they are not seeing the same thing.
- **Physical Vantage Point:** One person may be facing the speaker; the other may be seeing the audience’s reactions.
- **Attentional Focus:** You can only pay attention to a fraction of what happens around you. One person might focus on the content of a conversation, while another notices the tone of voice or a distracting phone alert.
- **Sensory Priorities:** A visually oriented person may remember more details about clothing or objects, while an auditory person may remember words more vividly.

### 3. Encoding Differences (How the Event is Stored)
Memory formation (encoding) is highly individual. Factors that influence how an event is stored include:
- **Emotional State:** Strong emotions (especially fear or excitement) enhance some aspects of memory (like faces or threats) but can impair others (like background details). If one person was scared and the other was amused, their brains encoded the event with different emotional tags.
- **Pre-existing Knowledge and Beliefs:** We interpret events through our own mental frameworks. A union member and an HR manager in the same meeting will interpret the same words as completely different narratives.
- **Motivation and Engagement:** If one person was actively engaged and the other was distracted (e.g., daydreaming), the engaged person will have a much richer memory trace.

### 4. Interference and Post-Event Information
"
42,random,planning,Qwen 3.8 27B,Create a simple morning routine for a busy college student.,"Here is a streamlined, realistic morning routine designed specifically for a busy college student. The goal is **low friction** and **high impact**, keeping the total preparation time under **45 minutes**.

### 🌅 The ""Busy Student"" Morning Routine (7:00 AM – 7:45 AM)

#### 🕖 7:00 AM – Wake Up & Hydrate (5 mins)
- **No snooze button:** Place your phone across the room so you *have* to get up to turn it off.
- **Drink a full glass of water:** Rehydrate immediately. Keep a bottle next to your bed.
- **Make your bed:** Instant accomplishment + tidier space = clearer mind.

#### 🧘 7:05 AM – 10-Minute Movement & Mindset (10 mins)
- **Quick stretch or 5-min workout:** No equipment needed. Try:
  - 10 jumping jacks
  - 10 squats
  - 10 push-ups (or wall push-ups)
  - 30-sec plank
- **Sunlight exposure:** Open curtains or step outside for 2 mins. This resets your circadian rhythm and boosts alertness.
- **Review your top 3 priorities:** Write down the *one most important thing* you must accomplish today.

#### 🍳 7:15 AM – Quick, Healthy Breakfast (10 mins)
Stick to pre-prepped or no-cook options to save time:
- **Option A:** Overnight oats (made the night before) + banana.
- **Option B:** Greek yogurt + handful of nuts + berries.
- **Option C:** Toast + peanut butter + sliced apple.
- **Option D:** Protein shake + a piece of fruit.

> 💡 *Tip: Prep these on Sunday evening to avoid Monday morning chaos.*

#### 📚 7:25 AM – Quick Review & Pack (10 mins)
- **Check syllabus/calendar:** Glance at upcoming assignments, labs, or classes.
- **Pack your bag:** Textbook, laptop, charger, snacks, water bottle.
- **Lay out clothes:** Choose outfits with zero decision-making required (e.g., black pants + any top + clean jeans).

#### 🚶‍♂️"
43,random,explanation,Qwen 3.8 27B,Explain why the sky appears blue during the day.,"### Logical Deduction and Explanation

The phenomenon of the sky appearing blue during the day is primarily due to a physical process called **Rayleigh Scattering**. This explanation involves analyzing the interaction between sunlight, the Earth's atmosphere, and human vision.

#### 1. The Spectrum of Sunlight
Sunlight appears white to us, but it is actually composed of a spectrum of colors (red, orange, yellow, green, blue, indigo, and violet). Each color corresponds to a specific wavelength of light:
*   **Red light** has the longest wavelengths (approx. 620–750 nm).
*   **Violet/Blue light** has the shortest wavelengths (approx. 380–450 nm).

#### 2. Rayleigh Scattering
When sunlight enters the atmosphere, it interacts with gas molecules (primarily nitrogen and oxygen). These molecules act like very small obstacles that scatter the light in different directions.

The efficiency of this scattering is governed by the **Rayleigh Scattering Law**, which states that the intensity of scattered light ($I$) is inversely proportional to the fourth power of the wavelength ($\lambda$):

$$ I \propto \frac{1}{\lambda^4} $$

**Consequence:**
*   Because blue and violet light have much shorter wavelengths than red and orange light, they are scattered much more effectively.
*   Specifically, blue light is scattered about **10 times more efficiently** than red light due to the difference in wavelength.
*   This ""blue"" scattered light is dispersed throughout the sky, meaning that no matter which part of the sky you look (except directly at the sun), you are seeing this scattered blue light.

#### 3. Why Not Violet?
According to the physics of scattering, violet light has an even shorter wavelength than blue light and is therefore scattered even more strongly than blue. However, the sky does not appear violet for two main reasons:

1.  **Solar Spectrum Distribution:** The Sun actually emits more light in the blue region of the visible spectrum than it does in the violet region. There is less available violet energy to scatter.
2.  **Human Eye Sensitivity:** The human eye is not equally sensitive to all colors. Our eyes are significantly more sensitive to blue and green light and less sensitive to violet light.

Due to these two factors, the combined effect dominates the blue"
44,random,creative,Qwen 3.8 27B,Write a dialogue between two astronauts who discover something unexpected on the Moon.,"**Setting:** *The Mare Imbrium, one week after landing. The silence of space is absolute, broken only by the hum of life support and the crunch of regolith under magnetic boots.*

**Characters:**
*   **Commander Elena Vance:** Experienced, pragmatic, focused on mission protocols.
*   **Geologist Julian Thorne:** Curious, analytical, prone to getting distracted by anomalies.

***

**Julian:** (Pacing slowly, helmet visor reflecting the stark, shadow-less horizon) It’s quiet, isn’t it, El? Quieter than the simulation. The sim had static. This has... absence.

**Elena:** (Checking her wrist-mounted spectrometer) Absence is just another form of presence, Julian. Battery at 80%. O2 nominal. Let’s head toward the ridge line. The LRO images suggested a basalt outcrop there. We need samples before the light angle drops too low for photography.

**Julian:** You’re always counting the seconds. I’m always counting the rocks. Just once, let’s just walk. No science objectives. No telemetry.

**Elena:** (A rare, small smile) Careful. The Agency isn’t known for its leniency toward ""free walking."" But fine. Five minutes of contemplative strolling. Then we climb.

*They walk side-by-side, their shadows stretching long and distorted by the low angle of the sun, just cresting the lunar horizon. They pass over a large, flat plain of gray dust. Suddenly, Julian stops.*

**Julian:** El. Do not move.

**Elena:** What?

**Julian:** Look. Center-left. About fifty meters out.

*Elena adjusts her visor’s magnification filter. She squints.*

**Elena:** Cloud cover? No... it’s a shadow. But there’s no cloud in low Earth orbit right now that would cast something that sharp.

**Julian:** It’s not a shadow from above. It’s a shadow from *below*.

*They approach cautiously. As they get closer, the ""shadow"" resolves. It is a deep, narrow fissure in the basalt, roughly two meters wide and disappearing into darkness. But it’s not natural. The edges are too smooth. Too geometric.*

**Elena:** (Whispering over the comm) Julian, are you"
45,random,advice,Qwen 3.8 27B,Give practical advice for someone giving their first public speech.,"Giving your first public speech is a rite of passage that can feel terrifying, but it is also one of the most rewarding skills you can master. The key is to shift your mindset from ""performing for judgment"" to ""sharing a gift with an audience.""

Here is practical, actionable advice broken down into three phases: **Preparation**, **The Moment**, and **Delivery**.

### 1. Preparation: Build Your Confidence
Confidence comes from competence. The more prepared you are, the less anxious you will be.

*   **Know Your Audience:** Who are they? What do they already know? What do they *want* to hear? Tailor your tone and vocabulary to them. If they are experts, skip the basics. If they are novices, avoid jargon.
*   **Structure Simple:** Use a clear framework:
    *   **Hook:** Start with a question, a surprising statistic, or a short story to grab attention.
    *   **Body:** Stick to **3 main points**. Most people struggle to remember more than three things. Use signposts (""Firstly... Secondly... Finally..."") to guide them.
    *   **Conclusion:** Summarize your key points and end with a strong call to action or a memorable closing line.
*   **Write It, Then Break It Down:** Write out your full speech so you feel secure about your thoughts. Then, create **bullet-point notes** or index cards. Do not write out full sentences to read from. Read-only eye contact breaks the connection with your audience.
*   **Practice Out Loud:** Reading in your head is not enough. You need to hear your own rhythm.
    *   Practice in front of a mirror to monitor body language.
    *   Record yourself on your phone to spot filler words (""um,"" ""uh,"" ""like"").
    *   **Time it:** Aim for under the limit. If you have 10 minutes, aim for 9. Nervousness often makes you talk faster.

### 2. The Moment: Manage Nervousness
Nerves are normal. Even seasoned speakers get them. The goal is not to eliminate them, but to manage them.

*   **Reframe the Feeling:** Tell yourself, ""I am excited, not scared."" Physiologically, anxiety and excitement are similar (increased heart rate, adrenaline). Choose the narrative of excitement."
46,random,comparison,Qwen 3.8 27B,Compare studying alone with studying in a group.,"Studying alone and studying in a group are two distinct approaches to learning, each with its own set of advantages and disadvantages. The ""better"" method often depends on the subject matter, your personality, and your current level of mastery.

Here is a detailed comparison to help you decide which approach suits you best.

### 1. Studying Alone

**Advantages:**
*   **Self-Paced Learning:** You can move quickly through concepts you already understand and spend more time on difficult topics without feeling rushed or letting down others.
*   **Reduced Distractions:** Without conversation or social dynamics, you can maintain deep focus (often referred to as ""flow state""), which is crucial for complex problem-solving or memorization.
*   **Complete Ownership:** You are solely responsible for your progress. There’s no risk of free-riding, and you don’t have to coordinate schedules or manage interpersonal conflicts.
*   **Introspection:** It provides a quiet space to reflect on what you’ve learned, identify gaps in your understanding, and formulate questions for later inquiry.

**Disadvantages:**
*   **Isolation:** You may lack motivation or feel isolated, especially during long study sessions.
*   **Blind Spots:** Without feedback, you might miss logical errors or misunderstandings because no one is challenging your thinking.
*   **Limited Perspective:** You only have your own way of thinking. You might struggle with a concept that another student could explain in a simpler way.
*   **Procrastination:** Without external accountability, it can be easier to procrastinate or take more breaks than intended.

### 2. Studying in a Group

**Advantages:**
*   **Collaborative Problem-Solving:** Different students bring different insights. One person might see a pattern another misses, leading to a deeper collective understanding.
*   **Accountability and Motivation:** Knowing that others expect you to contribute can boost your effort and keep you on track. The social aspect can make studying feel more engaging and less monotonous.
*   **Active Learning:** Teaching or explaining concepts to peers forces you to process the material more deeply. If you can explain it simply, you truly understand it.
*   **Emotional Support:** Groups can provide encouragement, especially before exams or when facing challenging material.

**Disadvantages:**
*   **Scheduling Conflicts:** Coordinating times and locations for"
47,random,reasoning,Qwen 3.8 27B,Why are habits difficult to change?,"Changing habits is notoriously difficult because human behavior is deeply rooted in **neurobiology**, **psychology**, and **environmental reinforcement**. Here’s a breakdown of why habits resist change:

### 1. The Brain’s “Energy-Saving Mode”
Your brain is an energy-conserving organ. Habits form because repeating a behavior creates strong neural pathways in the **basal ganglia**, a part of the brain responsible for automatic routines. 
- **Automaticity**: Once a habit is ingrained, it shifts from being controlled by the brain’s conscious, deliberative regions (prefrontal cortex) to the automatic, low-energy basal ganglia.
- **Efficiency**: It’s easier (and more energy-efficient) for the brain to rely on autopilot than to make conscious, effortful decisions repeatedly.

### 2. The Habit Loop: Cue → Routine → Reward
Every habit follows a three-step loop:
1. **Cue**: A trigger that tells your brain to go into automatic mode (e.g., feeling stressed).
2. **Routine**: The behavior itself (e.g., eating sugar).
3. **Reward**: The benefit that reinforces the behavior (e.g., a dopamine hit, temporary relief).

**Why it’s hard to break**: The reward reinforces the neural pathway, making the brain expect that reward in the future. If you remove the routine without providing a replacement, the brain experiences “withdrawal” or frustration, often leading to relapse.

### 3. Dopamine and Emotional Reinforcement
Habits are strongly tied to **dopamine**, the neurotransmitter associated with motivation and pleasure. 
- When you anticipate a reward, dopamine is released, making the cue more powerful.
- Over time, the **anticipation** of the reward becomes more addictive than the reward itself. This makes it hard to stop, even if the habit is no longer beneficial.

### 4. Environmental Triggers Are Pervasive
Habits are often tied to specific **cues** in your environment (time of day, location, social situation). These cues are usually outside your immediate control. 
- *Example*: If you always drink coffee in the same café at 9 AM, the smell of coffee and the time of day become powerful triggers. Changing the habit requires either changing the environment (hard) or consistently overriding the cue (requires willpower).

### 5. Willpower Is a"
48,random,planning,Qwen 3.8 27B,Plan a low-cost weekend road trip for four college students.,"Planning a low-cost weekend road trip for four college students requires balancing **group dynamics**, **budget constraints**, and **experience quality**. The key is to split costs efficiently, maximize value, and choose a destination that is close enough to minimize fuel costs.

Here’s a step-by-step plan to create an affordable, memorable weekend (Friday evening to Sunday evening).

### 1. Choose the Right Destination
*   **Proximity:** Stay within **2–3 hours** driving distance from campus to keep gas costs low and maximize time at the destination.
*   **Type:** Choose a **national park, small coastal town, or historic city suburb**. These areas often have ample free or low-cost activities.
*   **Avoid:** Major tourist hubs with inflated prices (e.g., Lake Tahoe in summer, Disney World vicinity) unless you have a specific budget.

### 2. Select a Cost-Effective Vehicle
*   **One Car vs. Two Cars:**
    *   **Best Option:** One reliable car with 4+ passengers + a driver/rotating driver. This saves 50% on fuel and parking.
    *   **Alternative:** Two cars if one car is unreliable or seating is limited. Split gas and tolls evenly.
*   **Fuel Strategy:**
    *   Fill up before leaving.
    *   Use apps like GasBuddy to find discounts.
    *   Drive economically (65 mph or less) to save 15–20% on fuel.

### 3. Accommodation: The Biggest Savings Lever
*   **Option A: Airbnb/Vrbo with a Kitchen**
    *   Rent places with a full kitchen. Cooking your own breakfast and dinners can save $50–$100 per night compared to eating out for every meal.
    *   Look for ""mid-week"" deals if you can adjust dates (e.g., Thu–Sun instead of Fri–Sun).
*   **Option B: Hostels or Dorms**
    *   Many hostels have dorm-style rooms for $20–$40/night per person. Great for socializing and saving money.
*   **Option C: Campground**
    *   If you have camping gear, national/state park campgrounds cost $15–$30 per night. Bring sleeping bags, pads, and a small tent.
"
49,random,explanation,Qwen 3.8 27B,Explain how noise-canceling headphones work.,"Noise-canceling headphones (specifically **Active Noise Cancellation** or ANC) do not simply ""block"" sound physically. Instead, they use a sophisticated audio technique called **destructive interference** to mathematically erase background noise before you hear it.

Here is the step-by-step logical deduction of how this technology works:

### 1. The Physics of Sound
To understand cancellation, one must first understand how sound is structured.
*   **Waveform:** Sound travels through the air as a pressure wave. High-pressure areas (compressions) are perceived as ""loud,"" and low-pressure areas (rarefactions) as ""quiet.""
*   **Frequency:** The pitch of noise determines its frequency (speed of vibration). Low frequencies (like airplane engines) have long wavelengths; high frequencies have short wavelengths.

### 2. The Hardware Components
Inside a pair of ANC headphones, three distinct components work in synchronization:
1.  **Microphones:** Usually one is placed on the earcup (passive) to capture ambient noise before it enters the ear, or on the inside (active) to monitor what is currently entering.
2.  **The Processor (DSP):** A digital signal processor acts as ""brain."" It analyzes the data from the microphone in real-time, measuring the amplitude and phase of the sound wave.
3.  **The Drivers (Speakers):** These are responsible for playing the audio you want, but they are also used to play the ""anti-noise.""

### 3. The Core Principle: Destructive Interference
This is the mathematical mechanism that creates silence.
*   **The Concept:** Every sound wave has an exact opposite called an **anti-wave** or ""anti-noise.""
*   **The Mechanism:**
    *   If a sound wave has a positive pressure peak at a specific moment, the processor generates a wave with a negative pressure peak (an inverted phase) at that exact same moment.
    *   When the **external noise wave** (e.g., a humming engine) meets the **generated anti-wave** inside your ear, they superimpose.
*   **The Result:** $A + (-A) = 0$. The two waves cancel each other out, nearly eliminating the sound before it reaches the eardrum.

### 4. Modes of Operation
Modern headphones usually utilize two distinct protocols based on where the processing occurs:"
50,random,creative,Qwen 3.8 27B,Describe a future city where cars are no longer used.,"Welcome to **Aethelgard**, a sprawling metropolis nestled in the valley of the River Antiqua, circa 2085. Here, the concept of the private automobile has vanished, replaced by a seamless, multi-layered mobility ecosystem that prioritizes flow, sustainability, and human connection.

### The Streets: From Asphalt to Living Pathways
The most immediate change is the landscape itself. The wide, gray arteries of the past—highways and parking lots—have been reclaimed by nature and community.

*   **Green Corridors**: Former roads are now lush, linear parks. Wide pathways for pedestrians and cyclists wind through groves of native trees, while undergrowth hosts biodiversity. Rainwater gardens filter runoff, turning every street into a functioning ecosystem.
*   **Quiet Zones**: With the roar of engines gone, the city hums with a different frequency: birdsong, distant conversation, and the soft whir of electric pods on silent rails. Noise pollution has plummeted, improving mental health and sleep quality across the population.

### The Transportation Network: A Three-Tier System
Movement in Aethelgard is fluid, integrated, and on-demand, accessible via a single biometric wristband or neural link interface.

1.  **The Sky-Grid (High-Speed Transit)**:
    *   Suspended 50 meters above the treetops, autonomous magnetic-levitation pods travel along transparent, reinforced glass tubes. These pods carry up to 20 passengers and zip across the city in under 10 minutes. The view is panoramic, offering residents a daily aerial perspective of their home.
    *   Cargo and heavy machinery use a separate, lower-altitude cargo grid, keeping the sky clear for people and cleaner air.

2.  **The Ground-Way (Active & Local Transit)**:
    *   **Pedestrian & Cycle Dominance**: The ground level is exclusively for humans, bicycles, and small, quiet electric scooters. Streets are wide, warm-toned stone, designed for lingering, not just passing. Benches, outdoor cafes, and art installations line every block.
    *   **Neighborhood Pods**: For trips under 5km, residents use shared, capsule-sized electric vehicles. These are summoned via app and dock at every corner. They are quiet, efficient, and cost almost nothing due to mass distribution.

3.  **Sub-Surface"
51,random,advice,Qwen 3.8 27B,Give three ways someone can become a better listener.,"Here are three effective ways to become a better listener:

1. **Practice Active Listening Techniques**
   Instead of thinking about what you’ll say next while the other person is speaking, focus entirely on understanding their message. Use non-verbal cues like eye contact, nodding, and open body language to show you are engaged. Paraphrase or summarize what you’ve heard (e.g., “So, what I’m hearing is that you felt frustrated when the deadline was moved”) to ensure clarity and demonstrate that you are truly paying attention.

2. **Delay Judgment and Response**
   Make a conscious effort to withhold immediate advice, opinions, or reactions. Often, people seeking a listener just want validation and understanding rather than solutions. By resisting the urge to interrupt or pivot the conversation to your own experiences, you create a safe space for the speaker to fully express themselves. Ask open-ended questions to encourage them to elaborate, rather than leading them toward your preferred conclusion.

3. **Manage Your Own Distractions and Internal Dialogue**
   Be mindful of external distractions (like your phone) and internal noise (your own worries, biases, or preconceptions). When you notice your mind wandering, gently bring your focus back to the speaker’s words and emotions. Cultivating mindfulness during conversations helps you stay present, allowing you to pick up on subtle emotional cues and tone shifts that convey the deeper meaning behind the words."
52,random,comparison,Qwen 3.8 27B,Compare cooking at home with eating at restaurants.,"Comparing cooking at home with eating at restaurants is a balance of trade-offs involving cost, health, time, and experience. While both activities satisfy the fundamental human need for food, they serve different purposes and offer distinct advantages.

Here’s a detailed comparison across key dimensions:

### 1. Cost
- **Cooking at Home**: Generally **significantly cheaper** per serving. You can buy ingredients in bulk, avoid service charges, and minimize waste. A homemade meal might cost $2–$5 per person.
- **Eating at Restaurants**: Typically **more expensive**. You pay for rent, staff, ambiance, portion sizes, and overhead. A comparable meal might cost $15–$30+ per person.
  - *Note:* For large families or groups, bulk cooking can be more economical, but for single meals, restaurants often require a higher budget.

### 2. Health and Nutrition
- **Cooking at Home**: Offers **full control** over ingredients. You can use less salt, sugar, and oil, choose fresher produce, and tailor meals to dietary needs (e.g., keto, vegan, gluten-free). Portion sizes are also self-regulated.
- **Eating at Restaurants**: Often uses more oil, butter, salt, and sauces to enhance flavor and texture. Portions may be larger than necessary. However, many restaurants now offer healthier options, and you can ask for modified preparations (e.g., ""side salad instead of fries,"" ""no added sugar"").

### 3. Time and Convenience
- **Cooking at Home**: Requires **significant time and effort**: planning, shopping, prepping, cooking, and cleaning. It can be a stressful or tiring task after a long day.
- **Eating at Restaurants**: **Highly convenient**. No preparation or cleanup is required. It saves time and mental energy, making it ideal for busy weeks, special occasions, or when you’re too tired to cook.

### 4. Social and Experiential Aspects
- **Cooking at Home**:
  - Can be a **social activity** in itself (cooking with family/friends).
  - Offers a relaxed, familiar, and cozy environment.
  - Allows for informal, spontaneous conversations.
- **Eating at Restaurants**:
  - Provides a **structured social experience**. It’s a shared event with ambiance, decor, and professional service"
53,random,reasoning,Qwen 3.8 27B,Why does music sometimes bring back strong memories?,"The phenomenon where music triggers vivid, often emotional memories is commonly known as the **""musical reverberation"" effect** or, more scientifically, **music-evoked autobiographical memories (MEAMs)**.

This happens due to a unique combination of how the brain processes music, stores memories, and links sensory inputs to emotional states. Here’s a breakdown of the key reasons:

### 1. **The Limbic System is Highly Activated by Music**
The limbic system, particularly the **amygdala** (key for emotional processing) and the **hippocampus** (key for memory formation and retrieval), is strongly activated when we listen to music.
- Music doesn’t just engage auditory centers; it bypasses the rational parts of the brain and deeply engages emotional circuits.
- When you hear a song, your brain reactivates the same emotional state associated with when you first heard it, which helps unlock memories tied to that emotion.

### 2. **Strong Association with “Piquant” or Emotional Moments**
Memories are stronger when they are emotionally significant. Music often forms the soundtrack to:
- First dates
- Graduations
- Breakups
- Road trips with loved ones
- Times of personal growth or loss
Because these events are emotionally charged, the brain encodes them more deeply, and music becomes a powerful cue for recall.

### 3. **Music Engages Multiple Brain Regions Simultaneously**
Unlike most other stimuli, music activates a **network of brain regions** at once:
- **Auditory cortex**: Processes sound
- **Prefrontal cortex**: Handles attention, prediction, and meaning
- **Motor cortex**: We tap feet, sway, or sing along
- **Limbic system**: Boost emotional and memory centers
- **Cerebellum**: Involved in timing and rhythm
This widespread activation creates a rich, multi-layered memory trace, making it easier to retrieve later.

### 4. **Retrograde Access to “Mid-Life” Memories**
Research shows that music can trigger memories from the **reminiscence bump** period (ages 15–30), when identity is formed and many life experiences are particularly vivid.
- The brain tends to retain memories from this period more strongly, and music from that era often becomes a key access point to these forgotten or faded memories.

### 5. **Temporal"
54,random,planning,Qwen 3.8 27B,Create a simple plan for learning a new language over six months.,"Here is a simple, balanced, and sustainable 6-month plan to learn a new language. This plan assumes you are a beginner (or near-beginner) and have about **30–45 minutes per day** to dedicate to learning.

### Core Principles
1. **Consistency > Intensity**: 30 minutes daily is better than 3 hours once a week.
2. **Input + Output**: You need to *hear/read* (input) and *speak/write* (output).
3. **Speak Early**: Don’t wait until you’re “ready.” Start speaking from Week 1.

---

### Phase 1: Foundation & Comfort (Months 1–2)
**Goal:** Learn the basics of grammar, alphabet (if non-Latin), and 300–500 core words. Get comfortable with pronouncing sounds.

#### Week 1–2: Get Started
- **Tools:** Use a structured app (e.g., Duolingo, Busuu) or a beginner textbook.
- **Focus:** 
  - Alphabet/sounds.
  - Basic greetings, introductions, and numbers.
  - Present tense verbs (to be, to have, to go, to eat, etc.).
- **Daily Routine:**
  - 15 mins: App (grammar/vocab).
  - 15 mins: Listen to a beginner podcast or YouTube video (e.g., “Easy [Language]”).
  - 5 mins: Write down 5 new words in a notebook.

#### Week 3–8: Build the Core
- **Focus:**
  - Expand vocabulary to everyday topics (food, family, directions, work).
  - Learn past and future tenses.
  - Start simple conversations.
- **Daily Routine:**
  - 15 mins: Review vocab with flashcards (Anki, Quizlet).
  - 15 mins: Watch a children’s cartoon or simple YouTube series in the target language (with subs if needed).
  - 10 mins: **Speak!** Use a language exchange app (HelloTalk, Tandem) or talk to yourself. Describe your day in simple sentences.

---

### Phase 2: Expansion & Immersion (Months 3–4)
**Goal:** Reach basic conversational proficiency. Understand simple news, songs, and"
55,random,explanation,Qwen 3.8 27B,Explain how a refrigerator keeps food cold.,"A refrigerator keeps food cold by mechanically moving heat from the cold interior to the warm exterior environment. This process relies on the fundamental principle of thermodynamics: **heat naturally flows from hot objects to cold objects, but with energy input, it can be reversed.**

Here is the step-by-step logical deduction of how a refrigerator achieves this:

### 1. The Role of the Refrigerant
The core component of a refrigerator is a fluid called a **refrigerant** (often a specific type of gas or liquid). This fluid circulates in a closed loop, much like blood circulates in the human body.
*   **Key Property:** Under normal room temperature, this fluid has a low boiling point. This means it easily changes from a gas to a liquid (condenses) and from a liquid to a gas (evaporates) at relatively mild temperatures.

### 2. The Evaporation Process (Heat Extraction)
The refrigerant enters the evaporator coils, usually located at the back or top of the fridge interior.
*   **State:** Inside the fridge, the refrigerant is in a low-pressure liquid state.
*   **Action:** It absorbs heat from the air and food inside the refrigerator.
*   **Result:** As it absorbs this thermal energy, it **evaporates** (boils) into a state of low-pressure gas.
*   **Outcome:** This phase change removes heat from the air inside the box, lowering the temperature and keeping the food cold.

### 3. The Compression Process
The low-pressure gas travels to a mechanical **compressor**, which is located at the back or bottom of the refrigerator (the part that hums and gets warm).
*   **Action:** The compressor compresses this low-pressure gas, squeezing it into a much smaller space.
*   **Physics:** According to gas laws, compressing a gas increases its internal energy.
*   **Result:** The low-pressure, low-temperature gas becomes a **high-pressure, high-temperature** gas.

### 4. The Condensation Process (Heat Rejection)
This hot, high-pressure gas moves through the condenser coils (the dark coils usually visible on the back or sides of the fridge).
*   **Action:** The hot gas enters these coils. The surrounding air in the room is cooler than the gas coming out of the compressor.
*   **Result:** Heat dissip"
56,random,creative,Qwen 3.8 27B,Write a short mystery that takes place inside a university library.,"The air in the Hammersmith Library always tasted of dried binders and old paper, but tonight, it carried a metallic tang. It was 11:45 PM on a Friday, and the West Wing was sealed. Only Elara, the overnight cataloger, was inside.

Elara loved the silence. It was a thick, velvety curtain that muffled the world outside. Her task was simple: verify the return codes on the due-date machine before the doors unlocked at dawn. She worked her way down the restricted stacks, a flashlight cutting a cone of pale light through the dust motes dancing in the dark.

Between shelves 402 and 403, the light caught something that didn’t belong.

A red scarf. Bright crimson, silk, bright as a warning. It lay crumpled on the floor, half-tucked under the shelf housing Victorian poetry. Elara’s breath hitched. She knelt, her knees pressing into the cold linoleum. The scarf smelled strongly of jasmine and wet wool.

She shone her light under the shelf. There was nothing but shadows. But near the baseboard, barely visible in the flashlight’s beam, was a smudge. Not dust. Mud. Fresh mud, with a distinct geological pattern of crushed quartz.

Elara stood up slowly. The mud wasn’t from the entrance; it had rained three days ago, but the doors had been dry since then. And the West Wing was sealed. *Locked.*

She checked the maintenance closet door just in case, but the deadbolt was still engaged, the key only held by her. Panic began to prickle at the base of her neck. She wasn’t alone.

She retreated to the sorting desk, her heart hammering against her ribs. She picked up the radio handset. ""Central, any movement in the West Wing?""

Static. Then, a voice, calm and distorted by background noise. ""No motion detected, Elara. You’re the only badge scanner active.""

*You’re the only badge scanner active.*

Elara looked at the door. It was locked. She looked at the camera in the corner of the stack aisle. The red light was blinking steady. Normal.

Then she remembered the mud. The pattern.

She looked back at the shelf where the scarf had been, then at the floor. The mud wasn’t on the floor *near*"
57,random,advice,Qwen 3.8 27B,What advice would you give someone moving away from home for the first time?,"Moving away from home for the first time is one of the most significant milestones in a young adult's life. It is simultaneously thrilling, terrifying, and transformative. Whether you are moving to another city, state, or country, here is comprehensive advice to help you navigate this transition smoothly and successfully.

### 1. **Master the Basics of Life Administration**
When you were at home, many tasks were handled by others. Now, you are the CEO of your own life.
*   **Set up an emergency fund:** Aim for 3 months’ worth of living expenses before moving, or start building it immediately. Life happens—cars break down, appliances fail, and medical bills arise.
*   **Understand your lease:** Read every clause. Know your responsibilities regarding repairs, pets, noise, and utilities.
*   **Register your address:** Notify your bank, employer, post office, driver’s license authority, and any subscriptions immediately.
*   **Insurance:** Secure renter’s insurance (cheap and essential) and ensure you have health insurance coverage.

### 2. **Budget Like a Pro**
Allow yourself to be financially stranded is the fastest way to undo the experience.
*   **Track every dollar:** For the first month, track every single expense. Use an app like Mint, YNAB, or a simple spreadsheet.
*   **Know your fixed costs:** Rent, utilities, internet, phone, and car payment/insurance. Everything else is variable.
*   **Cook for yourself:** This is the single biggest financial difference between home and independent living. Meal planning and batch cooking can save hundreds of dollars a month.
*   **Cut the ""luxury"" costs:** Subscriptions you don’t use, impulse buys, and frequent takeout are the biggest budget killers.

### 3. **Build a New Support System**
You are leaving your existing social network, which can feel isolating.
*   **It takes time:** Don’t expect to have deep, lifelong friends in week one. Many people feel lonely in their first 6 months. Give yourself permission to be lonely.
*   **Be active:** Join clubs, take classes (cooking, coding, art), or get involved in volunteer work. Shared activities are the easiest way to form connections.
*   **Keep old friends close:** Schedule regular calls or video chats with friends and family. Miss them when they’re"
58,random,comparison,Qwen 3.8 27B,Compare working from home with working in an office.,"The shift between working from home (WFH) and working in a traditional office is one of the most significant changes in modern professional culture. Each setting offers distinct advantages and challenges that affect productivity, well-being, and career development.

Here’s a detailed comparison across key dimensions:

### 1. Flexibility and Work-Life Balance
- **Working from Home**: 
  - **Pros**: High flexibility in scheduling. Employees can adjust their hours to peak productivity times or manage personal commitments (e.g., parenting, appointments). Eliminates commuting, saving time and reducing stress.
  - **Cons**: Blurred boundaries between work and personal life can lead to overworking. It may be difficult to ""switch off,"" leading to burnout without clear separation of space.
- **Office Work**: 
  - **Pros**: Clear separation between work and personal life. Leaving the office at 5 PM often signals the end of the workday.
  - **Cons**: Less flexibility. Commuting consumes time and energy. Rigid schedules can conflict with personal needs.

### 2. Productivity and Focus
- **Working from Home**: 
  - **Pros**: Fewer distractions (no loud colleagues, endless meetings, or social interruptions). Ideal for deep work and tasks requiring concentration.
  - **Cons**: Home environment may have interruptions from family members, pets, or household chores. Self-discipline is critical; procrastination can be easier.
- **Office Work**: 
  - **Pros**: Structured environment promotes routine. The presence of colleagues can create a sense of momentum and accountability.
  - **Cons**: Prone to noise, interruptions, and ""presenteeism"" (appearing busy rather than productive). Open-plan offices can be distracting.

### 3. Collaboration and Communication
- **Working from Home**: 
  - **Pros**: Encourages asynchronous communication and documented decision-making (e.g., email, shared docs).
  - **Cons**: Real-time collaboration can be harder. Spontaneous brainstorming and quick problem-solving are replaced by scheduled video calls, which can feel less natural. Miscommunication due to lack of non-verbal cues is more common.
- **Office Work**: 
  - **Pros**: Immediate face-to-face interaction fosters quick problem-solving, informal networking (""watercooler moments""), and stronger team bonds. Non-verbal cues (body language, tone) are fully accessible.
 "
59,random,reasoning,Qwen 3.8 27B,Why do people sometimes perform worse when they feel pressure?,"The phenomenon where performance decreases under pressure is known in psychology and sports science as **""Choking Under Pressure""** or simply **""Choking.""**

There is no single cause, but several well-established theories explain why this happens. Here are the main reasons:

### 1. Anxiety and Emotional Distress
- **Physical Arousal:** Pressure triggers the body’s “fight-or-flight” response, releasing stress hormones like adrenaline and cortisol. This can cause physical symptoms such as trembling hands, rapid heartbeat, dry mouth, or muscle tension.
- **Cognitive Load:** Anxiety consumes working memory and attentional resources, leaving fewer mental resources available for the task at hand. Instead of focusing on the task, the individual focuses on their fear of failure or bodily sensations.

### 2. Distraction and Monitor Hypothesis
- **Competing Processes:** In the moment of pressure, two cognitive processes compete for attention:
  - Process 1: Performing the task.
  - Process 2: Monitoring whether the task is being performed correctly.
- For advanced or automatic skills (e.g., free throws in basketball, tennis serves, typing), the “monitoring” process becomes excessive. This **distracts** from the automatic execution of the skill, leading to errors.

### 3. Choking by Interference
- **Disruption of Automaticity:** Most well-practiced skills (like playing a piano piece or a golf putt) are performed automatically, requiring little conscious thought.
- Under pressure, individuals become conscious of every step of the process, trying to micromanage their movements. This **re-conceptualization** disrupts the smooth, automatic flow of the skill, leading to choppy, inefficient performance.

### 4. Distortion Hypothesis
- **Altered Perception:** Pressure can distort an individual’s perception of relevant information.
- For example, a batter in baseball may misjudge the speed or location of a ball. These distorted mental representations lead to poor motor execution.

### 5. Reaction Time Tests and Slowing Down
- In some tasks, especially those requiring quick decision-making (like a reaction time test or a chess problem), pressure can slow down response time. The individual may second-guess their instincts or overanalyze options, leading to slower or more hesitant performance.

### 6. Fear of Failure and Self-Efficacy
- **Negative Expectations:** If an"
60,random,creative,Qwen 3.8 27B,Imagine humans establish a permanent settlement on Mars. Describe an ordinary day there.,"The alarm doesn’t ring; it vibrates gently through the haptic weave of your sleep suit. In Hermes-1, the first permanent Martian colony, silence is a luxury we rarely afford, but the hum of the life-support systems is constant, a low-frequency heartbeat that tells you oxygen is flowing and gravity—artificial, at 0.38g—is holding.

You stretch, your limbs feeling slightly lighter than they do in your training simulations. Outside the triple-layered polycarbonate dome, the sky is a pale, butterscotch cream. There’s no blue. There are no clouds, just the eternal, swirling dust of the Tharsis Plateau. The sun rises, but it doesn’t cast long, dramatic shadows like it does on Earth. It rises soft, diffused, turning the rust-colored regolith into a sea of muted copper.

**07:00 Local Sol Time (Martian Day)**

Breakfast is a ritual of efficiency and warmth. You grab a pouch of rehydrated oatmeal and a capsule of locally grown spinach, harvested in the hydroponic bays three floors down. The spinach tastes metallic, a faint echo of the nutrient solution, but it’s fresh. That’s the miracle here: green growing in the red.

You meet your partner-in-crime, Elara, in the mess hall. The walls are lined with old postcards from Earth—views of beaches, mountains, crowded cities. It’s a psychological anchor. We talk about trivial things: the new coffee blend they’re testing (it’s still too bitter), the glitch in the air recycler that made the hall smell like burnt toast last night. We don’t ask when we’re going home. We don’t think about it. We are here.

**09:00 – 13:00: Work & Wonder**

Your job is geological surveying. Today, you’re not in a powered suit; you’re in the hard-shelled rover, *Dustbreaker*, heading out to the rim of the crater. The drive is silent except for the whir of motors and the crunch of loose gravel under the treads.

You stop at a ridge. The landscape is alien in its beauty. There are no birds, no wind that howls—it’s a thin, almost inaudible rustle when the dust moves. You kneel beside a rock. It’s basalt"
61,oulu,factual,Qwen 3.8 27B,"What is Oulu, Finland known for?","Oulu is the fourth-largest city in Finland and serves as the capital of the Northern Ostrobothnia region. Situated on the Gulf of Bothnia, it is widely recognized as one of the most important centers for technology, education, and innovation in the Nordic countries.

Here are the key things Oulu is known for:

### 1. **Technology and Innovation Hub**
Oulu is often referred to as **""Northern Europe’s Silicon Valley""** due to its strong focus on IT, telecommunications, and software development. Key highlights include:
- **Nokia’s Historical Roots**: Nokia, one of the world’s most famous mobile phone manufacturers, was founded in Finland in 1865, and its research and development operations have been heavily tied to Oulu since the 1990s.
- **University of Oulu**: One of Finland’s leading research universities, with a particular strength in information technology, electrical engineering, and medical research.
- **Startup Ecosystem**: Oulu hosts a vibrant startup scene, with companies like **Qonfident**, **Tombi Robotics**, and **Oyovo** (now part of H1 Group) emerging from its innovation community.
- **5G and Future Networks**: Oulu was early in piloting 5G technology and is a global testbed for next-generation wireless networks.

### 2. **Education and Research**
- **University of Oulu**: A major driver of the city’s innovation, with top-ranking programs in ICT, cybernetics, and medical technology.
- **Lutian University of Applied Sciences**: Focuses on business, health, and business in northern Finland.
- **Research Centers**: Home to prominent research institutes in telecommunications, medical technology, and natural sciences.

### 3. **Natural Beauty and Outdoor Activities**
- **Barents Sea and Forests**: Oulu offers access to pristine forests, lakes, and the Arctic Circle (about 140 km north of the city), where visitors can witness the **Northern Lights** (Aurora Borealis) during winter.
- **Winter Sports**: The city is a hub for ice sports, cross-country skiing, and snowmobiling. It hosted parts of the **1984 Winter Olympics** (though mostly in Sarajevo, Oulu had early connections to Finnish winter sport culture).
- **Oulu River and Ruost"
62,oulu,explanation,Qwen 3.8 27B,Explain what winter in Oulu is like to someone who has never experienced a northern winter.,"To someone who has never experienced a northern winter, describing **Oulu** (located in Northern Finland, about 1.4 degrees south of the Arctic Circle) is less about explaining ""cold"" and more about explaining a fundamental shift in the texture of reality. It is quiet, heavy, still, and surprisingly beautiful.

Here’s what it’s really like, broken down by senses and experience:

### 1. Light: The Long Twilight and the Solar Standstill
In places like London or New York, winter is gray and early, but the sun still rises high enough to feel distinctively ""daytime."" In Oulu, winter is **dim**.

- **The Sun Never Gets High:** At its lowest point (the solar standstill in late January), the sun barely creeps above the horizon. At its highest point, it only rises to about the height of a first-floor window. The light is diffuse, flat, and shadow-less. It feels like perpetual late afternoon or early morning.
- **The Dark Hours:** In December, you might have only 5–6 hours of dim daylight. The rest is either true darkness or a thick, indigo twilight. Learning to live without bright daylight is a psychological adjustment. People become masters of candlelight, warm lamps, and glowing screens.
- **The Aureora:** This is the surprise. On clear, dark nights, you may look up and see the **Northern Lights** dancing silently above you. It’s not a rare tourist spectacle here; it’s a regular part of winter life. One night you’re bundled up eating soup; the next, you’re standing in the snow, watching green and violet ribbons ripple across the sky. It’s atmospheric, not electric—more like a mural in motion.

### 2. Temperature and Snow: Heavy, Quiet, and Practical
It’s cold, yes. January averages hover around −10°C to −15°C (14°F to 5°F), with dips below −25°C (−13°F) not uncommon. But it’s not the biting, wind-chilled cold of the American Midwest. It’s a **dry, still cold**.

- **The Snow is Gentle:** Oulu receives moderate snowfall. The snow is often light and deep, creating a soundless world. Footsteps crisper in the snow rather than crunching. The city feels hushed.
- **Wind is"
63,oulu,planning,Qwen 3.8 27B,Plan a summer day in Oulu for someone visiting for the first time.,"Visiting Oulu in the summer is a unique experience. Unlike Helsinki or Turku, Oulu holds the title of the ""Gateway to the North."" The sun barely sets (it’s called *keskiyöauringon*, or midnight sun, around the solstice), the air is fresh, and the city is surprisingly green, nestled between Lake Oulujärvi and the Baltic Sea.

Here is a curated, relaxed yet immersive plan for a first-time visitor to enjoy a full Oulu summer day.

### 🌅 Morning: Wake Up in the Bay (6:30 AM – 9:30 AM)

**1. Start at Oulu Bay (Oulunlahti) or the Old Town Beach (Keskustorannan hiekkaranta)**
*   **Why:** Oulu’s defining feature is its relationship with water. Mornings are best spent here. The light in summer is magical; the sun may not be fully down yet, leaving the sky in pastel pinks and blues.
*   **Activity:** If you’re feeling adventurous, **swim in the lake or sea**. The water is cool but refreshing. If not, walk along the **Rantapromenadi (Seaside Promenade)**. It’s a paved path that runs along the shore, offering great views of the archipelago to the east.
*   **Coffee Stop:** Head to **Kaffi Paff** or **Espresso House** in the city center for fresh, high-quality Finnish coffee and a light breakfast (try *munkki* – a Finnish doughnut – with coffee).

### 🍽️ Late Morning: Local Flavor (10:30 AM)

**2. Breakfast/Brunch at a Hidden Gem**
*   **Option A (Classic):** **Ravintola Tympiä** in the Old Town. Known for excellent brunch and a cozy, rustic atmosphere.
*   **Option B (Modern):** **Nordic** (in Oulu Shopping Center or the new location) for upscale Nordic cuisine.
*   **Option C (Cafe Culture):** **Café de Nord** (on Merikatu) for beautiful pastries and a view of the street life.

### 🌳 Midday: Nature & History (12:00 PM – 3:00 PM)

**3. Walk"
64,oulu,comparison,Qwen 3.8 27B,Compare living in Oulu with living in Helsinki.,"Living in **Oulu** and **Helsinki** offers two distinctly different experiences within Finland. While both are vibrant, safe, and well-connected cities, they differ significantly in pace, culture, cost, and lifestyle.

Here’s a detailed comparison to help you understand the key differences:

### 1. City Size & Vibe
- **Helsinki (Capital):**
  - **Population:** ~650,000 (metro area ~1.5 million).
  - **Vibe:** Fast-paced, international, cosmopolitan, and culturally dynamic. It’s a hub for tech, startups, diplomacy, and tourism.
  - **Atmosphere:** Urban energy with a mix of historical charm and modern innovation. You’ll find a constant flow of events, clubs, and business meetings.
- **Oulu (Sub-national Region Capital):**
  - **Population:** ~220,000 (metro area ~290,000).
  - **Vibe:** Relaxed, friendly, compact, and community-oriented. Known as the “City of Lights” due to its northern location and tech innovation (especially in software and IoT).
  - **Atmosphere:** More accessible and quieter. You can walk or bike across the city center quickly. Strong sense of local community and connection to nature.

### 2. Climate & Seasonality
- **Helsinki:**
  - Located in **southern coastal Finland**.
  - **Winter:** Milder but damp. Snow is common, but ice and slush can be pesky. Days get shorter but not as extreme as in the north.
  - **Summer:** Pleasant but not extremely hot (avg. highs ~20–25°C). Mornings and evenings can be chilly.
  - **Daylight:** About 6 hours of daylight in mid-winter, 19–20 hours in summer.
- **Oulu:**
  - Located in **northern Finland** (beyond the Arctic Circle? No, just south of it, so no midnight sun, but experiences polar night conditions).
  - **Winter:** Colder and drier. Snow is more consistent and lasts longer. Temperatures can drop below -20°C regularly.
  - **Summer:** Warm during the day (often 20–25°C, sometimes hotter), but days are extremely"
65,oulu,explanation,Qwen 3.8 27B,Why is cycling such an important form of transportation in Oulu?,"Cycling is a vital form of transportation in Oulin, Finland, due to a combination of **planning, infrastructure, climate, culture, and policy** factors. Oulu has one of the highest rates of cycle commuting any large city in the world, particularly during the summer months. Here are the key reasons:

### 1. **Flat Topography and Compact Urban Layout**
- Oulu is built on relatively flat terrain, making cycling physically easy and accessible for most people.
- The city center and major residential neighborhoods are not overly spread out, with many key destinations (universities, shopping areas, public transport hubs) within a comfortable 5–10 km cycling radius.
- The Oulu River divides the city into north and south, but numerous bridges connect them, keeping trip lengths short for many residents.

### 2. **Well-Developed and Safer Cycling Infrastructure**
- Oulu has invested heavily in **separated cycle lanes**, reducing conflict with motor vehicles and increasing perceived and actual safety.
- There are dedicated cyclist routes, clear signage, and many four-way stops where cyclists and drivers have equal priority.
- Protected intersections and traffic-calming measures in residential areas encourage more people to ride.

### 3. **Strong Cultural and Institutional Support**
- The University of Oulu and Oulu University of Applied Sciences have large student populations. Students naturally favor cycling due to its low cost, flexibility, and health benefits.
- Cycling is deeply embedded in the local culture. Many families use bikes regularly for errands, school runs, and recreation.
- Oulu is home to many bike-friendly initiatives, including “Bike Sundays” and family cycling events.

### 4. **Favorable Climate (Compared to Much of the World)**
- While Oulu has harsh winters, it also enjoys **long, mild summer days** with more than 18 hours of daylight in June. This makes summer cycling extremely pleasant.
- Winter cycling is also practiced by a significant minority using fat bikes, electric bikes, or snow tires, and the city clears snow from cycle paths.
- The distinct seasons encourage a lifestyle of active transport, not just during busy months.

### 5. **Cost-Effectiveness**
- Car ownership and maintenance are expensive in Finland (high purchase prices, insurance, road tax, and fuel costs).
- Public transport is good but requires schedules and"
66,oulu,planning,Qwen 3.8 27B,Suggest outdoor activities someone could do around Oulu during the winter.,"Oulu, known as the ""Winter Capital of Europe,"" is one of the best places in the world to experience the Nordic winter. Here are some top outdoor activities you can enjoy in and around Oulu during the winter months (roughly November to March):

### 1. **Aurora Borealis (Northern Lights) Hunting**
- **Why Oulu?** Oulu has one of the highest frequencies of auroral activity in the world due to its location near the auroral oval.
- **Tip:** Stay clear of city lights (e.g., drive to areas like **Karkka**, **Kyyro**, or **Rakkuri**) for darker skies. Check the [Kp index](https://www.kp-index.com/) and cloud forecast nightly.
- **Bonus:** Combine with a warm snowmobile tour or ski to stay active and keep warm.

### 2. **Cross-Country Skiing**
- Oulu has an extensive network of well-maintained marked ski trails (often free or low-cost).
- **Popular Spots:**
  - **Kyyro Ski Field**: Near the city center, short and accessible trails.
  - **Hailuoto**: Beautiful coastal skiing along the shores of Hailuoto Bay.
  - **Kyläkoski**: A charming village just south of Oulu with stunning forest and lake trails.

### 3. **Snowshoeing**
- If you don’t want to invest in skis, snowshoeing is a great low-impact alternative.
- Many operators offer guided tours along forest paths, frozen lakes, or coastal routes, often combined with a traditional Finnish meal (like soup and pasties) at a cabin in the woods.

### 4. **Dog Sledding**
- Available in several companies around Oulu.
- You can either steer your own team (if instructed) or ride as a passenger.
- Offers a unique way to explore snowy forests and frozen landscapes while bonding with energetic huskies or Alaskan Malamutes.

### 5. **Snowmobiling**
- Ideal for covering more distance quickly.
- Tours often include stops at scenic viewpoints, frozen waterfalls, or even the edge of Säädetinvuori (a local hill) for panoramic views.
- Many operators provide full gear, so no prior experience is needed.

"
67,oulu,creative,Qwen 3.8 27B,Write a short story set in Oulu during a cold winter night.,"The wind in Oulu didn’t just blow; it carried a voice. It shrieked through the gaps in the ancient wooden shutters of Elina’s apartment, a high-pitched keen that vibrated against her eardrums. Outside, the sky was a bruised purple, heavy with the promise of more snow, while the immediate world beyond her windowpane was a monochrome landscape of grey shadows and white drifts.

Elina wrapped her scarf tighter, the wool biting slightly at her neck. She had been in Oulu for only three weeks, fresh from the milder, chaotic streets of Helsinki, and the scale of the silence here still felt overwhelming. It was a silence that had weight, pressing against the glass, waiting for a crack to slip through.

She stepped out onto the balcony, the cold hitting her face like a slap. The air was crisp, dry, and so cold that it seemed to freeze the moisture in her lungs instantly. Below, the city was asleep, but not entirely. A single streetlamp on Ranta-aukio flickered to life, casting a long, lonely orange cone onto the fresh snow. In the distance, the dark outline of the Lumo Tower stood tall, its windows mostly dark, a ghost ship anchoring the horizon against the vast, empty sky.

A snowflake landed on her glove. Then another. Then a flurry, gentle but persistent, burying the footprints of the few late-night walkers who had brave enough to venture out. Elina watched a red fox dart across the snow-covered courtyard, its tail a brush of fire against the white canvas. It paused, ears swiveling, and seemed to look up at her before vanishing into the shadows of the birch trees.

For a moment, the harshness of the cold and the vastness of the darkness gave way to a strange, sharp beauty. The cold was not just an absence of heat; it was a presence, clarifying the air, sharpening the lines of the world. In Helsinki, she had often felt obscured by noise and neon lights. Here, in Oulu, the winter stripped everything back to its essentials. Light, shadow, breath, and heart.

A headlights swept across the snow from the main road, the beam cutting through the swirling flakes like a sword through silk. The car passed without stopping, just a blur of motion in the stillness.

Elina took a deep breath"
68,oulu,factual,Qwen 3.8 27B,Describe Oulu's geographic location within Finland.,"Oulu is located in **central-northern Finland**, along the western coast of the country.

Here are the key geographic details:

1. **Region**: Oulu is the capital of the **North Ostrobothnia** (Pohjanmaa) region.
2. **Coastal Position**: It sits on both shores of the **Oulu River estuary**, where the river meets the **Gulf of Bothnia**, part of the Baltic Sea. This makes it one of Finland’s major coastal cities.
3. **Distance from Key Cities**:
   - Approximately **300 km (186 miles) north** of Helsinki, the capital.
   - About **250 km (155 miles) south** of Tornio, the border town with Sweden.
   - Roughly **200 km (124 miles) west** of the eastern border with Russia.
4. **Latitude**: Oulu lies at approximately **65° North latitude**, placing it near the Arctic Circle (which passes further north through Rovaniemi). This gives Oulu a subarctic climate with distinct seasons, including polar nights effects (though not as extreme as in inland Lapp).
5. **Transport Hubs**: Due to its central-northern location, Oulu serves as a major transportation hub for northern Finland, connecting inland areas via highways to southern Finland and the rest of Europe, and facilitating maritime and air links across the Baltic region.

In summary, Oulu is a pivotal coastal city in the heart of northern Finland, bridging the gap between the capital Helsinki and the more remote northern regions."
69,oulu,comparison,Qwen 3.8 27B,Compare summer and winter in Oulu.,"Oulu, located in northern Finland just south of the Arctic Circle, experiences extreme seasonal contrasts, often described as a ""land of light and dark."" The difference between summer and winter is not just a change in weather; it is a complete shift in lifestyle, perception of time, and daily routines.

Here’s a detailed comparison:

### 🌞 Summer in Oulu (May – August)

**1. Light and Darkness**
- **Midnight Sun (Vastapais):** Around June, Oulu experiences the **midnight sun**. In late June, the sun barely sets (dropping just below the horizon) or stays above it for most nights. This creates long, luminous evenings and nights. People rarely sleep well, so many take naps.
- **Daylight Hours:** Up to **19–20 hours** of daylight in late June.
- **Evensong (Näkös):** The phenomenon where neither full day nor full night exists – twilight lasts for hours.

**2. Weather**
- **Temperature:** Mild to warm, typically **10–20 °C (50–68 °F)**, occasionally reaching **25–30 °C (77–86 °F)** during heat waves.
- **Rainfall:** Summer is the wettest season. Rain is common but often light and short-lived.
- **Humidity:** Generally low, making summers feel comfortable despite warm temperatures.

**3. Activities**
- **Sauna and Swimming:** Oulu is home to Finland’s largest city **sauna culture**. Swimming in the Oulujoki River, the Hanhijoki River, or nearby lakes is a rite of passage.
- **Trekking and Cycling:** Paved trails (like the Oulujoki River cycle path) are popular.
- **Nightlife and Festivals:** The city comes alive with the **Oulu Music Festival (Oulu Musiikki)** in August, outdoor concerts, and parties that last well into the night due to the light.
- **Berries and Fungi:** Picking blueberries, lingonberries, and cloudberries in local forests is a beloved family activity (usually July–August).

**4. Mood**
- Energetic, social, and fast-paced. People use the light to the fullest, working or socializing late into the ""night."""
70,oulu,explanation,Qwen 3.8 27B,How does Oulu's northern location affect the amount of daylight throughout the year?,"Oulu, located in Northern Finland at approximately **65° North latitude**, experiences extreme variations in daylight duration throughout the year due to its proximity to the Arctic Circle (which is at 66°33′ N) and the tilt of the Earth's axis.

### Key Factors Influencing Daylight in Oulu

1.  **Earth’s Axial Tilt**: The Earth's axis is tilted ~23.5° relative to its orbital plane around the Sun. This causes different parts of the Earth to receive varying amounts of sunlight over the course of a year.
2.  **Latitude**: At 65° N, Oulu is close enough to the pole that the Sun’s path in the sky changes dramatically between summer and winter.

---

### Seasonal Daylight Patterns in Oulu

#### 1. **Summer (June – July): Longest Days**
- **Midsummer (around June 21)**: This is the day with the most daylight.
  - **Daylight Duration**: Approximately **18 hours 30 minutes to 19 hours**.
  - **Sunrise/Sunset**:
    - Sunrise: ~03:30 AM (local time)
    - Sunset: ~10:00 PM (local time)
  - **Twilight**: The Sun never sets completely below the horizon for several weeks. There is **civil twilight** (light suitable for outdoor activities without artificial lighting) for extended periods. Although Oulu is slightly south of the Arctic Circle, it is close enough to experience **white nights** (the Sun dips slightly below the horizon but quickly rises again, leaving only a few minutes of true night).
- **Effect**: Extended productive hours, vibrant outdoor culture, and minimal need for artificial lighting in summer.

#### 2. **Winter (December): Shortest Days**
- **Winter Solstice (around December 21)**: This is the day with the least daylight.
  - **Daylight Duration**: Approximately **6 hours 15 minutes to 6 hours 30 minutes**.
  - **Sunrise/Sunset**:
    - Sunrise: ~11:00 AM
    - Sunset: ~05:00 PM
  - **Twilight**: Long periods of civil and nautical twilight before sunrise and after sunset. The Sun rises low and sets low, maximizing the"
71,oulu,planning,Qwen 3.8 27B,Create a two-day itinerary for an international student visiting Oulu.,"Oulu, Finland’s ""Silicon Valley of the North,"" offers a perfect blend of academic atmosphere, vast wilderness access, and high-tech culture. For an international student, this two-day itinerary balances essential sights, cultural immersion, and the unique Northern Lights experience (seasonal).

### **Day 1: City Core & Academic Culture**
**Theme:** *Explore University Life, Finnish Design, and the Old Town*

#### **Morning: Oulu University & Oulunkaari**
- **8:30 AM – Breakfast at a Local Café**  
  Start at *Kahvila Kettu* or *Espresso Oulu* near the main campus for a classic Finnish breakfast: rye bread, cheese, cold coffee, and maybe a cinnamon bun (*pulla*).
- **9:30 AM – Visit Oulu University Main Campus**  
  Even as a visitor, touring the main campus (located on Korvenkankulma peninsula) gives insight into student life. Visit the **University Library & Information Centre (UOPL)** – one of the largest libraries in the Nordic countries, known for its modern architecture and quiet study spaces.
- **11:00 AM – Walk to Oulunkaari Island**  
  Cross the Korvenkankoja Bridge (pedestrian-friendly) to Oulunkaari. This island feels like a separate city within Oulu, with a mix of 19th-century residential architecture and modern design.
  - Stop by **Arvo Pärt’s Music Pavilion** (if open) or visit the **Oulu Art Museum (Oulun Taidemuseo)** in the historic *Kirkkonaistenkullasti* area.
  - Optional: Visit the **Pöyry Group Headquarters** on the bank of the Oulujoki – a striking example of contemporary Finnish glass architecture.

#### **Afternoon: Old Town & Local Culture**
- **1:00 PM – Lunch at a Traditional Finnish Restaurant**  
  Try *Nuorena Koto* (for hearty Finnish food) or *Ravintola Valkeakoski* (modern Nordic cuisine). Recommended dishes: *Karjalanpiirakka* (Karelian rice pie), *Revonkarjapalaa* (reindeer stew), or *Lohikeitto* (salmon soup).
- **"
72,oulu,creative,Qwen 3.8 27B,Describe a peaceful summer evening in Oulu.,"The summer evening in Oulu does not fade into darkness as it does in many other parts of the world; instead, it glides into a state of eternal twilight. By 10 PM in July, the sky over the Oulujoki River is still a vibrant, bruised purple that gradually softens into a deep, velvety blue, while the horizon rarely dips fully below the sightline.

The air, after a typical Oulu summer day that rarely exceeds 20°C (68°F), begins to cool with a crisp, clean moisture flowing off the Gulf of Bothnia. A gentle breeze drifts from the west, carrying the scent of pine needles from the surrounding forests and the faint, briny tang of the sea. The distant hum of the city—perhaps the low murmur of traffic on the new bridge over the River Oulu or the distant sound of a market in the Nyysa district—feels muffled and serene, absorbed by the stillness of the landscape.

In the lower town, particularly around the riverbanks and the parklands of Nyysa, people embrace the ""kaamos"" (polar night) absence. You might see families strolling along the lakeside paths, their faces illuminated by the soft, ambient glow of streetlights that blend seamlessly with the natural dusk. Perhaps a few joggers navigate the Sörnäisten tennistalon track, their strides unhurried. On the grassy slopes, locals gather for casual picnics, sharing coffee and sweets, watching the last traces of sunlight linger on the tall, white cliffs of the city’s skyline.

At the University of Oulu campus, the architecture—modern, glass-clad, and minimalist—catches the remaining light, reflecting the cool tones of the sky. The silence here is profound, broken only by the occasional ripples in the water or the caw of distant birds settling in for the night, though they rarely go fully quiet due to the midnight sun’s lingering presence a few days prior.

There is a unique tranquility to an Oulu summer evening: it is not the warm, heavy warmth of southern Europe, nor the sharp cold of winter. It is a balanced, clear, and gentle coolness, where time seems to slow down, and the boundary between day and night becomes a soft, harmonious gradient rather than a distinct break. It invites contemplation, conversation, and a deep appreciation for"
73,oulu,factual,Qwen 3.8 27B,What industries and fields of technology is Oulu associated with?,"Oulu, a major city in Finland’s Northern Ostrobothnia region, is globally recognized as a **technology and innovation hub**. While it was historically known for wood pulp and forestry, its modern identity is defined by several key industries and technological fields:

### 1. **Mobile Communications and Wireless Technology**
   - **Telecommunications R&D**: Oulu is a world leader in mobile communication research, particularly in 5G and 6G technologies.
   - **Nokia Research Center**: Nokia has a significant R&D presence in Oulu, focusing on future wireless communication solutions.
   - **Business Communications and Software Centre (BCSC)**: A major innovation and business incubation center that supports tech startups, particularly in the mobile and software sectors.

### 2. **Software and Digital Services**
   - Oulu has a thriving ecosystem of software companies developing applications in areas such as:
     - **IoT (Internet of Things)**
     - **Cloud computing**
     - **Cybersecurity**
     - **Smart city solutions**
   - Many Finnish and international tech companies maintain development centers in Oulu.

### 3. **University-Driven Innovation (University of Oulu)**
   - The **University of Oulu** is a key driver of the city’s tech identity. It is one of Finland’s largest universities and has strong programs in:
     - Engineering
     - Natural Sciences
     - Medicine
     - Business and Management
   - The university actively collaborates with industry, fostering spin-offs and research partnerships.
   - It is home to renowned research centers such as:
     - **WISA Centre** (for digital manufacturing and additive technology)
     - **Bioeconomy Strategy (BUS)**
     - **Biosense** (biosensing and biomimetics)

### 4. **Artificial Intelligence and Data Science**
   - Oulu has emerged as a significant center for AI research and application, particularly in:
     - Medical AI
     - Predictive analytics
     - Computer vision
   - The University of Oulu and private companies are increasingly focusing on AI-driven solutions for healthcare, industry, and society.

### 5. **Future Industries and Emerging Technologies**
   Oulu is positioning itself as a leader in future industry areas, including:
   - **5G/6G and Beyond**: Testing and developing next-generation"
74,oulu,explanation,Qwen 3.8 27B,Explain how residents of Oulu adapt to snow and ice during everyday life.,"Residents of Oulu, Finland, have developed a unique lifestyle deeply integrated with its long, harsh winters. Living in the second-largest city in Finland, which is close to the Arctic Circle, requires practical adaptation, cultural mindset, and specific infrastructure. Here’s how Oululaiset (residents of Oulu) navigate everyday life through snow and ice:

### 1. Footwear and Clothing: The Essentials
- **Winter Boots (""Tuikkurit"" or High-Top Boots):** Almost everyone owns insulated, waterproof, high-top winter boots with deep treads. These protect against wet snow and ice while preventing cold feet. Leather or synthetic materials with thick soles are standard.
- **Layering:** The Finnic approach to dressing is ""layering"" (kerrospukeutuminen):
  - *Base Layer:* Moisture-wicking thermal underwear (usually wool or merino).
  - *Mid Layer:* Insulating fleece or wool sweaters.
  - *Outer Layer:* Waterproof, windproof, and insulated outerwear (parkas-style jackets and pants).
- **Head, Hands, and Neck:** Beanies, waterproof mittens (for warmth) or fingerless gloves (for dexterity), and scarves or neck gaiters are non-negotiable.

### 2. Transportation: Safety and Practicality
#### **Cars**
- **Winter Tires:** Mandatory from December 1 to April 15. Studless (friction) tires are more common in urban areas due to quieter operation, while studded tires dominate in surrounding rural areas for extra grip on ice.
- **Parking:** Residents look for heated parking spots (inside or covered with heat lamps) to avoid frozen doors and locks. Scraper tools and de-icing sprays are always in the car.
- **Driving Behavior:** Speed limits are strictly respected. Drivers slow down significantly on icy patches, avoid sudden braking or steering, and must keep a much longer following distance. ""Snowplow etiquette"" is understood: if a snowplow is ahead, maintain a safe buffer (at least 50–100 meters) to prevent plow blades from hitting your car.

#### **Public Transport**
- Oulu’s bus network operates reliably in winter, with buses equipped with winter tires and heated interiors. Schedules may be adjusted during extreme weather, but disruptions are rare.

#### **Bicycles"
75,oulu,comparison,Qwen 3.8 27B,Compare transportation in Oulu during summer and winter.,"Transportation in Oulu, Finland, changes significantly between summer and winter due to the extreme climate. While the basic infrastructure (roads, bus routes, and pedestrian paths) remains the same, **conditions, safety, and convenience** differ vastly.

Here’s a detailed comparison:

### 1. Road Conditions for Drivers
- **Summer**: Roads are dry, clear, and in good condition. Traffic is heavier due to tourism, student return, and increased outdoor activity. Parking may be more congested in city centers and popular areas like the Oulunka riverbank or Pyhäniemi lake.
- **Winter**: Roads are treated with salt and grit, but **black ice** can still form unexpectedly. Snow packaging (large snowbanks) can obscure street signs and force drivers to adjust to narrower lanes. Visibility is lower due to shorter days (Neljännähdön, ""midnight sun"" in June vs. darkness in December) and snowfall. Speed limits are strictly enforced, and drive times can be longer even over short distances.

### 2. Public Transportation (Buses and Trams)
- **Summer**: Bus arrivals are more predictable. Passengers often wait at stops in comfort. Cycling is a major competitor for short trips, reducing bus crowding during daytime.
- **Winter**: Buses are essential, especially during snowstorms. They are heated, and stops are often sheltered. However, **delays are more common** due to:
  - Snow plowing delays.
  - Slower bus speeds on icy roads.
  - Higher demand as cycling and walking decrease.
  - Note: Oulu’s tram network is being expanded, but currently, buses dominate local transport.

### 3. Cycling
- **Summer**: Cycling is Oulu’s **primary mode of urban transport** for many residents. There are extensive, well-maintained bike lanes. Weather is favorable (long daylight hours, mild temperatures). Many people bike to work and school.
- **Winter**: Winter cycling declines sharply but is still practiced by enthusiasts. Conditions vary:
  - Clear, dry winters: Bike paths are cleared to gravel or asphalt.
  - Snowy winters: Paths may be plowed, but residual snow or ice makes riding hazardous.
  - Many cyclists switch to walking, public transport, or electric bikes with better traction.

### 4. Walking
- **Summer**:"
76,oulu,planning,Qwen 3.8 27B,Plan an inexpensive day in Oulu for a university student.,"Oulu is surprisingly student-friendly when it comes to budgeting, largely because there is a massive student population (almost half the city’s total population). Here is a curated, low-cost itinerary that focuses on free attractions, cheap eats, and the unique atmosphere of the ""Arctic"" region.

### **Budget Overview**
*   **Estimated Total Cost:** €10–€15 (excluding drinks/extra snacks)
*   **Key Free Activities:** Oulu Cathedral, Riverside Views, Old Town, Oulu Castle (ground level), Oulunka Park.
*   **Cheap Eats:** Student cafeteria, food court, or bakery.

---

### **Morning: Explore the Old Town & Architecture (Free)**

**8:30 AM – Start with a Free Breakfast**
*   **Option 1 (If you have a student ID):** Grab porridge or a bread roll from one of the university cafeterias (e.g., at OYAB/Aalto or Oulu University Library).
*   **Option 2 (Quick & Cheap):** Head to **Prisma Oulunkylä** or **Aleksis** (Aleksis is more tourist-oriented but has good pastries). Buy a slice of cake, a coffee, and pastries for ~€5.

**9:30 AM – Walk the Old Town (Pohjankatu & Street Market Area)**
*   Walk along **Pohjankatu**, Oulu’s main shopping street.
*   Visit the **Oulu Cathedral (Oulunka)** – It’s stunning, free to enter, and historically significant. It’s one of the most beautiful Neoclassical buildings in Finland.
*   Take photos at the **Town Hall Square (Kauppatori)**. On weekends, there’s a farmers' market here – great for fresh, cheap produce.

**10:30 AM – Oulu Castle (Oulun Linna) Ground Level**
*   While the interior museum might have a small entry fee (~€4–5), you can go around the outside for free.
*   The castle is built on the shore of the river Oulujoki. The views of the river and forest are picturesque.
*   **Tip:** If you’re a student, check if your university card gives you any discounts or if there are “open house” days.

---"
77,oulu,creative,Qwen 3.8 27B,Write a fictional conversation between two tourists visiting Oulu for the first time.,"**Setting:** *A bench outside the Oulu Cathedral (Oulunkirkko), located in the heart of central Oulu, Finland. It is late autumn. The light is fading quickly, and the air is crisp and cold. Two tourists, Emma (from London) and Leo (from Berlin), are wrapped in heavy layers, holding hot coffees in paper cups. Across the street, a large white sign reads: ""I am the world. The world is me.""*

**Emma:** *(Taking a long sip, spraying a bit of hot coffee)* Do you mind if I wear my hat inside the bakery? It’s 4 degrees. Or is that considered rude here? I feel like I’m performing a cold-weather ritual.

**Leo:** *(Laughing, hugging his own cup)* No, no one cares, Emma. In fact, if you take the hat off, you might actually freeze. The main rule in Finland is: don’t remove your outer layer completely until you are in a private space. We are still in the ""public bubble of cold.""

**Emma:** It’s all so much *white*. I mean, I know it’s autumn, not winter, but look at the sky. It’s not even dark yet, but the light is this... gray, silvery thing. My camera is struggling.

**Leo:** That’s the ""short day"" effect. We’re at 65 degrees north. Right now, the sun barely manages to clear the horizon. It’s a low, flat light. It’s beautiful, but it does turn every photo into a black-and-white film noir scene. Did you see the sign across the street?

**Emma:** The white one? ""I am the world. The world is me.""

**Leo:** Yeah. That’s exactly Oulu. It seems quietly confident. Or maybe slightly confused? I don’t know. It feels like a big, quiet city that’s waiting for winter to happen so it can start its real life.

**Emma:** Wait, is that what they mean? By ""real life""? I thought the winter was the nightmare. The dark. The -30 degrees.

**Leo:** *(Grinning)* Ah, you haven’t met the locals yet. Wait, do you hear that?

*(Distant, rhythmic drumming and the wail of a yoik echoes faintly from a nearby open square."
78,oulu,factual,Qwen 3.8 27B,What is the University of Oulu and what is it known for?,"The **University of Oulu** (Finnish: *Oulun yliopisto*, Swedish: *Umeå universitet*) is a comprehensive public research university located in Oulu, Finland. It is one of the largest and most important universities in Finland, established in 1958.

### Key Facts and Reputation

1. **Size and Structure**:
   - One of the **three largest universities in Finland** (along with the University of Helsinki and Aalto University).
   - Comprises eight schools/faculties.
   - Enrolls over **20,000 students**, with a strong international community (over 30% are international students).

2. **Academic Strengths and What It’s Known For**:
   The University of Oulu is internationally recognized for several disciplines, particularly in science, technology, and health:

   - **ICT and Electronics**:
     - A global leader in **mobile communications, signal processing, wireless systems, and semiconductor technology**.
     - Home to the **VTT Technical Research Centre of Finland** collaborations and strong ties to Nokia (founded in Oulu).
     - Known for research in 5G/6G technologies, IoT (Internet of Things), and embedded systems.

   - **Health Sciences and Medicine**:
     - Strong programs in **medicine, nursing, and biomedical sciences**.
     - Recognized for research in **obstetrics, neonatology, and metabolic diseases**.
     - Home to the **Oulu University Hospital**, a major regional medical center.

   - **Human Movement Science and Sports Medicine**:
     - Known for research related to **movement disorders, neurorehabilitation, and biomechanics**.
     - Links to the **Olympic Winter Games** (Oulu was a host city for the 1980 Winter Olympics).

   - **Arts and Humanities**:
     - Strong programs in **film, media studies, music, and visual arts**.
     - The Oulu Film Festival is one of the largest film events in the Nordic region.
     - Research in **Sámi culture and indigenous studies** (given Oulu’s proximity to northern Finland and Lappish/Sámi regions).

   - **Natural Sciences and Environment**:
     - Research in **cryosphere science, climate verification, and arctic environment studies**.
     - Collaboration with"
79,oulu,explanation,Qwen 3.8 27B,Why can Oulu be a good location for winter sports and outdoor recreation?,"Oulu, Finland, is widely considered an excellent location for winter sports and outdoor recreation due to a unique combination of reliable climate conditions, diverse natural landscapes, and modern infrastructure. Here’s a detailed breakdown of why:

### 1. Reliable Snow and Cold Climate
- **Snow Cover**: Oulu has a long snow season, typically from November/December to March/April, with a reliable snowpack that is ideal for skiing, snowboarding, and other snow-based activities.
- **Cold Temperatures**: Consistent sub-zero temperatures ensure that snow remains stable and packed, providing excellent conditions for cross-country skiing, sledding, and winter hiking.

### 2. Diverse Natural Landscapes
- **Finnish Landscape**: Oulu is situated in the Kainuu region, which features a mix of forests, lakes, and open fields. This provides varied terrain for:
  - **Cross-country skiing**: Well-groomed trails wind through forests and along lakes.
  - **Trail running and winter hiking**: Covered trails and scenic routes are available for all fitness levels.
  - **Sledding and snowmobiling**: Open areas and forest paths are perfect for these activities.
- **Lake Oulujärvi**: The large nearby lake offers ice skating, ice fishing, and scenic winter walks.

### 3. Well-Developed Infrastructure
- **Ski Resorts**: Oulu and its surrounding areas host several ski resorts with modern lifts, groomed slopes, and facilities for skiers, snowboarders, and families.
- **Winter Trails**: An extensive network of maintained cross-country ski trails and winter walking paths is available close to the city center and residential areas.
- **Access to Nordic Lights**: Oulu’s northern latitude (approx. 65°N) puts it close to the Arctic Circle, offering high chances of witnessing the **Northern Lights (Aurora Borealis)** during the winter months, enhancing the outdoor experience.

### 4. Cultural and Community Activities
- **Winter Festivals**: Oulu hosts winter festivals, ice sculpting events, and traditional Fennoscandian winter activities that promote community engagement and celebrate winter culture.
- **Health and Wellness Focus**: Finns have a strong culture of outdoor recreation (""everyman's rights"" or *jokamiehenoikeus*), encouraging year-round engagement with nature, including in winter.

"
80,oulu,comparison,Qwen 3.8 27B,Compare the climate of Oulu with the climate of a typical city in the southern United States.,"Comparing the climate of **Oulu, Finland**, with that of a **typical southern US city** (such as Atlanta, Dallas, or Miami) reveals stark contrasts across nearly every climatic parameter. Here’s a detailed breakdown:

### 1. **Temperature**
- **Oulu (Northern European/Continental Maritime Climate):**
  - **Winters:** Extremely cold and long. Average January temperatures range from **−7°C to −10°C** (19°F to 14°F). Temperatures can drop below −20°C (−4°F).
  - **Summers:** Cool to mild. Average July temperatures are around **17–18°C** (63–64°F). Heatwaves above 30°C (86°F) are rare and short-lived.
  - **Annual Range:** Very large temperature amplitude (often >25°C/45°F between summer and winter averages).

- **Southern US Warm-Humid/Subtropical Climate:**
  - **Winters:** Mild to cool (depending on city). For example, Atlanta winters average **0–10°C** (32–50°F); Miami winters average **20°C** (68°F). Freezes are occasional inland but rare near coasts.
  - **Summers:** Hot and humid. Average July temperatures are **28–32°C** (82–90°F), with frequent heat indices (felt temperature) exceeding 35°C (95°F).
  - **Annual Range:** Much smaller temperature amplitude, especially in coastal areas. Year-round warmth is common.

### 2. **Precipitation**
- **Oulu:**
  - **Type:** Moderate, evenly distributed throughout the year, with slight summer maximum.
  - **Annual Precipitation:** ~600–700 mm (24–28 inches).
  - **Pattern:** Snowfall is significant in winter months (October–April). Rain dominates in late spring, summer, and early autumn.

- **Southern US:**
  - **Type:** High precipitation, strongly seasonal.
  - **Annual Precipitation:** Varies widely—from **~1,200 mm** (48 inches) in inland areas (e.g., Dallas) to **>2,500 mm** ("
81,oulu,planning,Qwen 3.8 27B,Suggest what clothes a visitor should pack for a January trip to Oulu.,"Oulu in January is one of the coldest cities in continental Europe. Temperatures typically range between **-10°C and -20°C** (14°F to -4°F), dropping even lower during polar winter highs. The days are very short (daylight lasts only about 6–7 hours), often with overcast skies, and wind chill can make it feel significantly colder.

Here’s what to pack for a **strictly necessary** and **comfort-oriented** winter wardrobe:

### 🧥 **Outer Layer: The Critical Investment**
- **Insulated, Windproof, and Waterproof Winter Jacket**:  
  This is the most important item. It should be rated for extreme cold (look for down fill with 600+ fill power or high-quality synthetic insulation). A parka with a **fur-lined hood** (or at least a adjustable, deep hood) is ideal. The jacket should be long enough to cover your hips.
- **Insulated Gloves/Mittens**:  
  Pack **two pairs**:  
  1. *Thin inner gloves* (wool or thin fleece) for indoors or when you need dexterity.  
  2. *Thick, waterproof, insulated mittens* for outdoors. Mittens retain more heat than gloves. Consider ones with touchscreen capability for fingers.
- **Waterproof, Insulated Boots**:  
  Must have **thick soles** (for insulation from the ground) and be **waterproof/snowproof**. Felt-lined boots (like Sorel, Baffin, or local Finnish brands like Fikka or Polar) are excellent. Avoid thin-soled sneakers or non-insulated boots.
- **Thermal Socks**:  
  Pack multiple pairs of **wool or wool-blend thermal socks** (not cotton!). Two pairs per day if shoes get damp.

### 🧣 **Underlying Layers: The 3-Layer System**
- **Base Layer (Thermal Underwear)**:  
  Moisture-wicking materials are key. **Merino wool** or high-quality synthetic (polypropylene) long-sleeve tops and bottoms. Wear these next to your skin at all times.
- **Mid Layer (Insulating)**:  
  - **Fleece jacket** or **down vest** for added insulation.  
  - A **wool sweater** or **knit jersey** works"
82,oulu,creative,Qwen 3.8 27B,Describe what it feels like to walk through Oulu after a heavy snowfall.,"Walking through Oulu after a heavy snowfall is an experience that feels less like navigating a city and more like stepping into a hushed, surreal dreamscape. The profound silence is the first thing that hits you; the layers of fresh snow have muffled the usual rhythm of life, absorbing the sound of footsteps, distant traffic, and even the wind, creating an auditory vacuum that feels incredibly intimate.

Visually, the city is transformed into a monochrome study in whites and grays. The sharp, angular architecture of Oulu—where Nordic modernism meets functional Scandinavian design—softens under the thick blanket of snow. The famous wooden houses along the coastal streets lose their warm tones, turning into pale, ghostly silhouettes. The ice sculpture district, if it’s winter, might be obscured or integrated into the new snow, while the modern buildings of the university town and downtown area gleam with a clean, reflective crispness.

The air is biting but pure. Every breath is crisp, carrying the metallic taste of winter and the faint, clean scent of cold earth and pine. The cold is penetrating, forcing you to pull your coat tighter and appreciate the burn of heat returning to your cheeks after a deep breath.

There is a sense of isolation, but not loneliness. The streets, usually bustling during the day, are now empty canvases. The only marks on the pristine snow might be the footprints of earlier walkers, now half-filled again by the slow, steady accumulation. Walking through Oulu in such weather evokes a deep respect for nature’s power to reset the world overnight, turning a bustling northern port into a quiet, magnificent tableau of stillness. It feels both immense in its scale and intimately small, as if the entire city has held its breath."
83,oulu,factual,Qwen 3.8 27B,What role does the Gulf of Bothnia play in Oulu's geography?,"The Gulf of Bothnia plays a defining and multifaceted role in Oulu’s geography, serving as the city’s **primary interface with the wider world** and shaping its climate, economy, and urban layout.

Here’s a breakdown of its key roles:

### 1. **Coastal Capital & Maritime Access**
- Oulu is **Finland’s oldest coastal capital** and the **northernmost significant port city** in the Gulf of Bothnia.
- The Gulf provides **year-round sea access** (with seasonal ice management), enabling international trade, ferry connections (once historically common), and links to Sweden, Norway, and distant ports.
- The **Port of Oulu** is one of Finland’s most important ports, handling bulk cargo, containerized goods, and specialized loads. This maritime function is directly dependent on the Gulf.

### 2. **Economic Lifeline**
- **Shipping & Logistics**: The Gulf allows Oulu to serve as a hub for regional and international shipping, supporting industries like machinery, chemicals, and forestry.
- **Fisheries**: Though smaller today, fishing has historically been significant. The Gulf’s waters support marine biodiversity and continue to contribute to local food systems.
- **Tourism & Recreation**: The coastline offers opportunities for boating, sailing, fishing, and coastal tourism, which are key economic sectors in Oulu.

### 3. **Climate Moderation**
- The Gulf of Bothnia acts as a **large thermal reservoir**, moderating Oulu’s climate relative to inland areas in the same latitude.
- **Winter**: The Gulf slows the onset of ice and helps keep coastal waters from freezing solid for the entire winter (though ice does form, especially in February–March). This facilitates port operations and maritime activity during milder winter periods.
- **Summer**: The water cools the nearby land, preventing extreme heat and contributing to the local microclimate.

### 4. **Urban Layout & Vista**
- Oulu’s city center is built along the **southern shore of the Gulf**. The historic core, including the Catholic Church of St. Mary, the old town plan, and many cultural landmarks, faces the water.
- The Gulf provides **panoramic vistas** and defines the city’s skyline. The Oulu Cathedral and the city’s harbor promenade are key landmarks oriented toward the Gulf.
- New urban development continues to expand"
84,oulu,explanation,Qwen 3.8 27B,Explain why roads and bike paths in Oulu can remain usable during snowy winters.,"The ability of roads and bike paths in Oulu, Finland, to remain usable during snowy winters is the result of a combination of advanced municipal maintenance strategies, cultural norms, infrastructure design, and specific local conditions. Here’s a detailed explanation:

### 1. **Aggressive and Proactive Winter Maintenance**
   - **Priority Road Network**: Oulu’s municipal service, Hiekkasuutar (part of the city’s technical services), maintains a prioritized network. Major roads and bike lanes are plowed shortly after snow falls, often within a few hours, especially overnight and during peak traffic times.
   - **24/7 Operations**: Maintenance crews work around the clock during winter months. Snowplows are equipped with sensors and GPS to ensure efficient routes and full coverage.
   - **Bike Lines Plowed Separately**: Unlike many cities, Oulu actively plows dedicated bike paths. This is a statutory and practical commitment to ensure safe cycling year-round. Bike paths are often cleared even if adjacent pedestrian sidewalks are not immediately fully cleared.
   - **Use of Deicing Agents**: While rock salt is used sparingly due to environmental concerns (especially near water), it is strategically applied on bridges, underpasses, and steep grades where ice poses the greatest risk.

### 2. **Sustainable Weather & Microclimate**
   - **Milder Occasional Rains**: Oulu, located on the Gulf of Bothnia, can experience occasional mild air masses that bring rain during winter. Liquid rain is a natural de-icing agent, washing away snow and ice from surfaces, making them usable for hours or days afterward.
   - **Shorter Snow Seasons in Coastal Areas**: While Oulu has heavy winter snow, the coastal location moderates temperatures compared to inland areas. Temperatures hover around -5°C to -15°C on average, which is cold but not extreme enough to prevent regular plowing operations.

### 3. **Infrastructure Design for Winter Usability**
   - **Dedicated, Separated Bike Lanes**: Many of Oulu’s bike paths are physically separated from motor vehicle traffic. This separation allows them to be maintained independently. If a road is cleared for cars, the adjacent bike lane can be cleared simultaneously without interference.
   - **Good Drainage and Construction**: Well-built pavement with proper drainage prevents water accumulation that leads to black ice. Additionally, dark-colored asphalt absorbs more solar radiation,"
85,oulu,comparison,Qwen 3.8 27B,Compare student life in Oulu with student life in a large European capital.,"Comparing student life in **Oulu, Finland**, with that in a large European capital (such as **Paris, London, Berlin, or Madrid**) reveals a fascinating contrast between two distinct lifestyles: one defined by **Nordic simplicity, community, and nature**, and the other by **cosmopolitan energy, career ambition, and cultural diversity**.

Here’s a detailed comparison across key dimensions:

### 1. Scale, Community, and Social Dynamics

*   **Oulu (Approx. 220,000 residents ~ 20,000 students):**
    *   **Tight-Knit Community:** With a high student-to-population ratio, students are a visible part of the city’s fabric. You are more likely to know people from food halls, cafes, or shared housing.
    *   **International Hub:** Oulu is one of Finland’s most internationalizing cities. The University of Oulu and UTP (Uppsala Technopark) attract many exchange students, creating a strong Anglophone cluster among students.
    *   **Socializing:** Social life often revolves around **bars, pubs, and shared student housing (e.g., Ammakuun)**. Socializing is often low-key: board games in student residencies, beer gardens, or small-group outings.
    *   **Friendships:** Friendships can form quickly due to shared housing and university activities but may remain more surface-level if efforts aren’t made to go beyond the ""student bubble.""

*   **European Capital (e.g., Berlin, London, Paris):**
    *   **Anonymity and Choice:** In a city of millions, you can be completely anonymous. You have infinite choices for what to do, but also the risk of feeling isolated.
    *   **Cosmopolitan Mix:** The population is massively diverse. You’ll meet students, career professionals, artists, and tourists. Social circles are more heterogeneous.
    *   **Socializing:** Social life is **event-driven and external**: clubs, concerts, exhibitions, networking events, and themed bars. It requires more initiative to meet people.
    *   **Friendships:** Friendships are often formed in university or on the job and may be more compartmentalized (e.g., ""study friends"" vs. ""bar friends""). It can take longer to build deep connections due to busier lives.

### 2. Cost of Living"
86,oulu,planning,Qwen 3.8 27B,Plan an active outdoor weekend in the Oulu region.,"The Oulu region in Northern Finland is a fantastic choice for an active outdoor weekend. It offers a unique blend of urban accessibility, wild nature, and distinct Nordic activities that vary slightly depending on the season (though I’ll assume **late spring/summer/early autumn** for maximum diversity; notes for winter are included at the end).

Here’s a balanced, high-energy plan for **2 days / 1 night**, focusing on movement, scenery, and local culture.

---

### 🗓️ Day 1: Waterways, Forests & Urban Nature
**Theme:** Kayaking, Hiking, and City Greenery

#### **Morning: Kayak on the Oulujoki River**
- **Activity:** **Guided Kayak Tour or Self-Guided Paddle**
- **Where:** Lease kayaks near **Oulu Harbor** or **Koukkakallio** area.
- **Why:** The Oulujoki River is calm, wide, and surrounded by forests and urban green spaces. You’ll paddle past waterfalls (in summer), archipelago islands, and maybe spot herons or deer.
- **Tip:** If you’re new to kayaking, book a 2–3 hour guided tour with local operators like *Oulu Kayak* or *Nordic Adventures*. For experienced paddlers, rent for half a day and explore solo or in pairs.
- **Distance:** ~5–10 km depending on pace.

#### **Midday: Trail Walk in Oulunka Park**
- **Location:** **Oulunka** (30 min from Oulu center but stunningly beautiful).
- **Activity:** Hike along the **Oulunka Trail**.
- **Highlights:**
  - **Tunneli River Valley:** A narrow, lush gorge with small waterfalls in spring/summer.
  - **Pernjoki Bay:** Viewpoints with panoramic forest views.
  - **Lasse Vihreätalo:** A historic cottage you can visit.
- **Distance:** 4–8 km (easy to moderate).
- **Lunch:** Pack a picnic or stop at a local farm café if open (summer season).

#### **Afternoon: Bike the Oulu Cycle Network**
- **Location:** Oulu City & Oulunsalo.
- **Activity:** **Cycling Tour**"
87,oulu,creative,Qwen 3.8 27B,Imagine Oulu fifty years in the future and describe how the city might look.,"Oulu, the capital of Northern Finland, is uniquely positioned to lead the world in integrating Arctic innovation with sustainable living. In 2074, fifty years from now, the city would likely no longer be seen merely as ""the capital of Karelia"" or a university town, but as **Europe’s leading model for high-tech, climate-resilient Arctic urbanism**.

Here’s what Oulu might look like in 2074:

### 1. The ""Nordic Silicon Valley"" of the Arctic
Oulu’s strong ties to Nokia, the University of Oulu, and its 5G/6G research hub have matured into a full-scale **AI and Quantum Technology Cluster**.
- **Smart City Infrastructure**: The city is fully ""digitally twin,"" with real-time AI managing energy grids, traffic flow (mostly autonomous), and public health. Sensors embedded in buildings monitor air quality, carbon levels, and structural integrity.
- **6G/7G Connectivity**: Ultra-low latency communication enables widespread use of extended reality (XR) for work, education, and social interaction. Residents may spend significant parts of their day in collaborative virtual workspaces that overlay onto the physical Oulunka riverbank or park settings.

### 2. Climate-Adaptive Urban Design
Facing more volatile Arctic weather patterns, Oulu has evolved into a **climate-resilient city**.
- **Green Building Core**: By 2074, new construction is 100% carbon-negative. The famous **Oulu University Hospital** and older dorms have been retrofitted with living roofs, geothermal heating, and solar skins. The city’s iconic **Oulunka river** is a central cooling and flood-management corridor, lined with biophilic parks that absorb heat and stormwater.
- **Styksi Bridge as a Cultural & Tech Hub**: The bridge connecting the old town (Ylimäki) and new town (Oulunkylä) is no longer just for traffic. It features transparent pedestrian walkways with interactive displays, solar panels integrated into the railings, and serves as a central node for autonomous electric ferries and transport pods.

### 3. Transportation: The End of Private Cars
The dominance of private cars is over, replaced by a seamless, electric, and autonomous mobility network.
- **E-Mobility Everywhere**: Public transport consists of battery-electric"
88,oulu,reasoning,Qwen 3.8 27B,What advantages and disadvantages come with living in a northern city like Oulu?,"Living in Oulu, the second-largest city in Finland and the largest in Northern Finland, offers a unique blend of progressive urban amenities and dramatic Northern nature. It is famous for being the ""Nanocar"" city (a playful nickname) and a hub for technology and clean environments.

Here’s a detailed breakdown of the advantages and disadvantages:

### ✅ Advantages

#### 1. High Quality of Life and Safety
- **Safety:** Oulu is consistently ranked as one of the safest cities in the world. Crime rates are extremely low, and it is safe to walk around at night.
- **Cleanliness:** The city is exceptionally clean, with well-maintained public spaces, parks, and amenities.
- **Walkability:** The city center is compact and very walkable. Many residents live within cycling distance of work, shopping, and leisure activities.

#### 2. Nature and Outdoor Activities
- **Four Seasons Per Year:** Oulu offers distinct seasonal experiences:
  - **Winter:** Snow sports, cross-country skiing, snowshoeing, and winter swimming (especially popular in the sea).
  - **Summer:** Access to lakes, forests, and the archipelago just outside the city.
  - **Aurora Borealis:** Being at this latitude, you have a high probability of seeing the Northern Lights, especially from late September to late March.
- **Proximity to Wilderness:** Despite being a city, you can reach vast forests, lakes, and the Finnish Lapland with just a short car ride.

#### 3. Technology and Innovation Hub
- **Nokia’s Roots:** Oulu is home to Nokia’s R&D headquarters, making it a global center for telecommunications and 5G/6G research.
- **Start-up Ecosystem:** A vibrant start-up culture with tech incubators, university ties (especially with the University of Oulu), and a focus on digital solutions.

#### 4. Education and Research
- **University of Oulu:** A prestigious international university with strong programs in computer science, engineering, business, and health sciences.
- **Research Centers:** Hosts numerous research institutes (e.g., Arctic Research Center, ICT Industry Competence Centre).

#### 5. Cultural Scene
- **Oulu Film Festival:** One of the largest film festivals in Finland.
- **Oulu International Music Festival:** Features contemporary and classical music.
-"
89,oulu,explanation,Qwen 3.8 27B,Explain how extreme seasonal daylight differences could affect daily routines in Oulu.,"Oulu, Finland (located at approximately 65° N latitude), experiences some of the most dramatic seasonal daylight variations in the habitable world. This phenomenon, driven by the tilt of the Earth’s axis, creates two distinct ""modes"" of living: the **Midnight Sun** in summer and the **Polar Night** in winter.

Here’s how these extremes reshape daily routines:

### 1. Summer: The Midnight Sun (May–July)
**Light Conditions:**  
- **No true night.** Around the summer solstice (late June), the sun does not fully set. It dips below the horizon by only a few degrees, leaving a period of **civil twilight** that can last all night.
- Brightness drops slightly around midnight (2–3 AM) but remains significantly lighter than a typical dawn or dusk elsewhere.
- Days can last **18–22 hours** of meaningful light.

**Impact on Daily Routines:**
- **Sleep Compression & Adjustment:**  
  Many Oululais (residents) adapt their sleep schedules. Some sleep later and wake up later, while others split sleep into two shorter blocks to accommodate extra daylight hours.
- **Extended Work/Activity Hours:**  
  Businesses, parks, and recreational areas open with extended hours. People often work later, go for evening walks, bike rides, or outdoor activities at 10 PM or midnight as if it were 7 PM elsewhere.
- **Reduced Reliance on Artificial Light:**  
  Indoor lighting is turned off earlier in the evening and later in the morning. Energy consumption for lighting drops sharply.
- **Hydration & Temperature Awareness:**  
  Even without strong sunshine, UV exposure accumulates over longer periods. Hats and sunscreen remain common. Nights are warm but not hot, so air conditioning is rarely needed, but ventilation is important.
- **Travel & Tourism Surge:**  
  June–July peaks tourist activity. Local events, festivals, and outdoor markets are scheduled for late evenings and nights.

### 2. Winter: The Polar Night (November–January)
**Light Conditions:**  
- **True polar night** occurs around the winter solstice (late December). At the solstice, the sun does not rise at all in Oulu (slightly north of the Arctic Circle). For several days, there is **darkness from early morning to late evening**.
- During the rest of"
90,oulu,planning,Qwen 3.8 27B,Create a list of activities for someone spending one week in Oulu in February.,"February is a magical time to visit Oulu, Finland. The city is under the influence of the Arctic Circle, meaning you have a high probability of seeing the **Northern Lights (Aurora Borealis)**, experiencing the **Polar Night** (though by February, the sun does skim the horizon, offering ""hanging twilights""), and enjoying winter activities on a large scale.

Here is a 7-day itinerary tailored for a winter visitor, balancing culture, nature, food, and relaxation.

### **Key Preparation Tips**
*   **Clothing:** Layers are essential. You need insulated, waterproof hiking boots, thermal underwear, and a warm jacket.
*   **Light:** Carry a flashlight. Even in February, days are short and dark.
*   **Bookings:** Book the Aurora Experience and popular restaurants in advance.

---

### **Day 1: Arrival & The Heart of Oulu**
*   **Morning/Afternoon:** Arrive in Oulu (Flight or Train). Check into your accommodation.
*   **Lunch:** Try **Savukosken Kioski** or a nearby cafeteria for classic Finnish comfort food (puuro, tacos, or soup).
*   **Afternoon:** Explore **North Gate & Central Square**. Visit **Oulu Cathedral** (a striking white Neo-Gothic structure) and the **St. John’s Church**.
*   **Evening:** Walk to the **Castle Hill (Linnanmäki)** area. If you have energy, take the **Savonlinna Line** (old railway) for a short walk.
*   **Dinner:** **Ravintola Kastellan** (in the old castle district) or **Havaiji** for cozy, hearty fare.
*   **Night:** Head to a safe, well-lit area to wait for Northern Lights if the forecast is good (check *northernlights.space* or *metsahallitus.fi* for Kp-index).

### **Day 2: Culture & Museum Village**
*   **Morning:** **Jokioja Museum Village**. This open-air museum is located just north of the city center. In February, it’s beautifully snow-covered and quiet. Explore historic log buildings, the church, and traditional crafts.
*   **Lunch:** The museum has a small café, or drive back to town.
"
91,finland,factual,Qwen 3.8 27B,What is Finland best known for internationally?,"Finland is internationally recognized for a distinctive blend of cultural, natural, and social attributes. Here are the most prominent aspects that define its global reputation:

### 1. **Lagom Lifestyle and Hygge-like Wellness**
   - **Santai and Muutto Culture**: While not exclusively Finnish, the concept of *santai* (relaxation) is deeply embedded in Finnish life. Finns are known for their calm, unhurried approach to daily life.
   - **Work-Life Balance**: Finland consistently ranks as one of the best countries in the world for work-life balance, with strong emphasis on vacation time and flexible working hours.

### 2. **Education System**
   - **Top-Tier Public Education**: Finland’s education system is globally renowned for its equity, high test scores, and lack of standardized testing in primary school. It is often cited as a model for other countries.
   - **Universities and Research**: Top universities like the University of Helsinki, Aalto University, and Åbo Akademy are prestigious in fields such as technology, chemistry, and social sciences.

### 3. **Innovation and Technology**
   - **Mobile and Wireless Technology**: Finland was the home of **Nokia**, once the world’s largest mobile phone manufacturer, and remains a global leader in 5G, 6G research, and telecommunications infrastructure.
   - **Gaming**: A major hub for video game development, home to studios like **Supercell** (creators of *Clash of Clans*) and **Rovio** (makers of *Angry Birds*).
   - **Sustainable Tech**: A leader in green energy, electric vehicle adoption, and digital governance (e.g., e-residency program).

### 4. **Natural Environment and Outdoor Culture**
   - **Sauna Culture**: The sauna is a national symbol and a UNESCO-recognized intangible cultural heritage. Finns pride themselves on having more saunas than cars in the country.
   - **Lakes and Forests**: ""The Land of a Thousand Lakes"" features over 188,000 lakes and dense boreal forests, making it a prime destination for hiking, kayaking, and wildlife watching.
   - **Northern Lights (Aurora Borealis)**: Part of Finland (especially Lapland) lies within the Arctic Circle, offering some of the world’s"
92,finland,explanation,Qwen 3.8 27B,Explain Finnish sauna culture to someone from the United States.,"If you are from the United States, the first thing you need to map out in your mind is that a sauna is **not** a gym accessory, a spa add-on, or a place to socialize loudly. In Finland, the sauna is a staple of domestic life, comparable to the American outdoor grill or backyard barbecue, but with a significantly higher spiritual and hygiene component.

Here is a guide to understanding Finnish sauna culture, tailored for the American sensibility.

### 1. It’s Not a Business; It’s a Living Room
In the US, saunas are usually found at gyms, spas, or country clubs. In Finland, **most homes have a sauna.** It is as common as having a kitchen or a bathroom.
*   **Frequency:** Finns go to the sauna 1–4 times a week, not on special occasions.
*   **Ownership:** You don’t ""book"" a slot. If you have a house, you have your own private, smoke-free (usually electric or wood-fired) room with hot stones and a bucket of water (*löyly*).
*   **Guests:** When friends visit, you don’t invite them over for coffee first. You invite them into the sauna. The host prepares the stones, and the guests arrive, often shirtless, ready to sweat it out.

### 2. Nudity is Normal (and Required)
This is the biggest cultural hurdle for Americans.
*   **Standard Practice:** Everyone in a traditional Finnish sauna goes in **completely nude**. This includes men, women, children, and the elderly. Sights of grandparents, toddlers, and teenagers sharing steam together are entirely routine.
*   **Why?** It’s about equality and freedom. Clothes are considered unhygienic and restrictive. By removing clothes, you remove social barriers (wealth, status, fashion). It’s intimate but not sexual. It’s a state of being ""as you were born.""
*   **US Contrast:** In the US, mixed-gender nudity in public or shared spaces is seen as creepy or inappropriate. In Finland, it’s seen as pure and natural.

### 3. The Heat is Real (and Intentionally Harsh)
American spas often have ""saunas"" that are only 140–160°F (60–71°C). A traditional Finnish sauna is **180–2"
93,finland,comparison,Qwen 3.8 27B,Compare everyday life in Finland and the United States.,"Comparing everyday life in Finland and the United States reveals a fascinating contrast between two nations that share democratic values and high standards of living, but differ significantly in cultural priorities, social structures, and daily rhythms.

Here’s a breakdown of key aspects:

### 1. **Work-Life Balance & Productivity**
- **Finland**:
  - **8-hour workday is common**, with strong legal protections against overtime.
  - **Vacation**: 5 weeks of paid vacation annually, often taken in one block (summer holidays are sacred).
  - **Productivity culture**: Finns value efficiency and ""working hard"" less than ""working smart."" Long hours are not seen as a sign of dedication; in fact, staying late may be viewed as inefficient.
  - **Silence at work**: Workplaces are often quieter, with less small talk.
- **United States**:
  - **Variable work hours**: While many aim for 40 hours/week, overtime is common, especially in corporate, tech, and medical fields. ""Hustle culture"" is prevalent.
  - **Vacation**: No federal guarantee of paid time off. Average American takes only ~14 days of paid vacation, and many use only part of it.
  - **Entitlement & responsiveness**: Customers expect immediate service; checking a phone during a conversation is considered rude.

### 2. **Social Interaction & Friendship**
- **Finland**:
  - **Slow friendship**: Making close friends takes time. Initial interactions are reserved and formal.
  - **Honesty & directness**: Finns value sincerity over politeness. They’ll tell you if their food is bad or if you’re wrong, often bluntly.
  - **Independence**: People value personal space and don’t rely heavily on social networks for daily morale.
  - **Silence is comfortable**: Pauses in conversation are natural and not awkward.
- **United States**:
  - **Fast friendship**: People make acquaintances and friends quickly, especially in social or work settings.
  - **Politeness & small talk**: Chit-chat about weather, work, or families is expected and valued. Being overly direct can be seen as rude.
  - **High social density**: Life is more communal; neighbors, coworkers, and service workers often interact frequently.
  - **Optimism & positivity**: Convers"
94,finland,planning,Qwen 3.8 27B,Plan a one-week summer trip through Finland.,"Finland in summer (June, July, August) is magical. You get the **Midnight Sun** (especially in Lapland), incredible lakes, dense forests, and a culture centered on relaxation (*sisu* and *hygge*-like coziness), though Finns are famously reserved but very kind once you break the ice.

Here’s a balanced 7-day itinerary that captures the essence of Finland: **Nature, Culture, and the Finnish Bathing Culture**.

### 📍 Route Overview
- **Days 1–3:** Helsinki (Urban Culture, Beaches, Museums)
- **Days 4–5:** Helsinki → Naantali (Seaside Charm & Turku)
- **Days 6–7:** Turku or stay in Naantali (Relaxation, Forests, Saunas)

> **Alternative for Nature Lovers:** If you prefer wilderness over cities, replace Days 4–7 with **Lapland (Rovaniemi/Aanaar)** for Midnight Sun, reindeer, and wild lakes. But this itinerary focuses on the culturally rich south.

---

## 🗓️ Day 1: Arrive in Helsinki – City & Sea
**Theme:** Orientation & Coastal Vibes

- **Morning:** Arrive in Helsinki (HEL). Check into your hotel in the city center. Walk to **Satokatu** (Princess Market) to see local produce fresh from the boats.
- **Afternoon:** Visit **Kiasma Museum** (modern art) or the **Ateneum** (classical art). Stroll through **Kaivopuisto Park** for greenery right in the city.
- **Evening:** Walk to **Seurasaari Island** (ferry from Hakaniemi). It’s an outdoor museum of traditional Finnish architecture surrounded by nature. Relax on the beach – Finns love swimming year-round, so you might see locals in the sea!
- **Dinner:** Try *karitumppu* (mushroom soup) or a simple grilled fish at a riverside restaurant.

## 🛂 Day 2: Helsinki Culture & Sauna
**Theme:** Design, History & The Essential Sauna

- **Morning:** Explore the **Helsinki City Centre**. See the **Helsinki Cathedral** (white and green, iconic) and the nearby **Senate Square**.
- **Afternoon:**"
95,finland,creative,Qwen 3.8 27B,Write a short story set in the Finnish countryside during midsummer.,"The air in Saimaa hung thick and sweet, saturated with the scent of pine needles and the sharp, green tang of cut hay. Outside the low, red wooden cottage, the noon sun hung like a molten coin in a sky so white it blurred the horizon. It was *Juhannus*—Midsummer—and time had stopped.

Elina sat on the weathered porch, her bare feet dangling over the edge. Below, the glassy surface of the lake was so still it looked like a sheet of polished steel, reflecting the dense border of spruce trees that surrounded their secluded plot. No traffic noise reached here; the closest road was a gravel track winding through birch forests for three kilometers.

Inside, the air was cooler, smelling of floor wax and dried lavender. Her grandmother, Aino, moved silently through the kitchen, a ritual that had been repeated for sixty years. The table was already set, not with a feast, but with wildness: baskets of *sinimuskottia* (blueberries) plucked that morning, a wedge of sharp *lehmäjuusto* (feta-like cheese), rye bread so dark it was almost black, and small pots of cream.

""Did you light the birch branches?"" Aino asked, her voice rough but gentle, as she placed a clay bowl of *hiidelmä* (feta curds) in front of Elina.

Elina nodded, looking out the lattice windows. In the garden, the *neste* (birch tree) had been sheared of its lower branches the night before, its trunk wrapped in a crown of woven leaves. It stood stark and tall against the sky, waiting for the fire.

""It’s quiet,"" Elina said.

""Quiet is the point,"" Aino replied, sitting down and tearing a piece of bread. ""We don’t come here to talk. We come here to listen.""

To listen to what? Elina wondered. To the wind? To the lake? Or to the silence that felt heavier than sound?

A tiny breeze stirred, shifting the shadows of the birch leaves on the porch floor. For a moment, the world seemed to hold its breath. Then, the distant hum of a single cicada—seemingly impossible in Finland, yet there it was, a piercing, glassy note that stretched and faded.

Elina picked up a"
96,finland,factual,Qwen 3.8 27B,Describe Finland's geography and climate.,"Finland, located in Northern Europe, is a country defined by its vast natural landscapes, numerous water bodies, and distinct climatic zones influenced by its high latitude.

### Geography

**1. General Topography**
Finland’s landscape is predominantly **flat to gently rolling**, with no major mountain ranges. The highest point is **Halvaråsen** (606 m / 1,988 ft) in Finnish Lapland, which is modest by global standards. The terrain features:
- **Boreal forests** covering about 70% of the country, dominated by spruce, pine, birch, and aspen.
- **Numerous lakes and islands**: Finland has over **188,000 lakes**, earning it the nickname “Land of a Thousand Lakes” (though the number is greatly understated). Lake Saimaa is the largest internal lake, and Lake Päijänne is the second-largest in Europe by area.
- Coastal archipelagos: The southwestern coast along the Gulf of Finland and the Gulf of Bothnia is dotted with thousands of islands, creating a complex maritime landscape.

**2. Regions**
- **Southwestern Finland**: The most densely populated area, featuring fertile farmland, coastal plains, and the capital, Helsinki.
- **South-Central and Eastern Finland**: Characterized by lake districts, dense forests, and smaller lakes.
- **Northern Finland (Lapland)**: Rugged terrain, remote wilderness, and the northernmost settlements. This region lies within the **Arctic Circle**, where the sun does not rise for about 40 days in winter (polar night) and does not set for about 60 days in summer (midnight sun).

**3. Borders**
- **Sweden** to the west
- **Norway** to the north
- **Russia** to the east
- **Estonia** to the southwest (across the Gulf of Finland)

**4. Hydrology**
Finland has an extensive network of rivers and streams, many of which flow northward into the Baltic Sea or southward into Lakedaime. The country is highly fragmented by water, with many islands in the archipelagos and inland lakes.

---

### Climate

Finland’s climate is classified as a **humid continental climate** (Köppen *Dfb*), with a strong **mar"
97,finland,explanation,Qwen 3.8 27B,Why are saunas so common in Finland?,"Saunas are arguably the most iconic cultural institution in Finland, often described as the country’s ""third place"" after home and work (or sometimes replacing work in importance). The prevalence of saunas in Finland is not accidental; it stems from a combination of historical necessity, climatic conditions, social norms, and deep religious roots.

Here are the key reasons why saunas are so common in Finland:

### 1. Climate and Practical Necessity
- **Cold Winters**: Finland has long, harsh winters. Traditionally, bathing in cold water or snow was not viable for most of the year. The sauna was the primary way to clean the body in winter.
- **Hygiene Before Modern Plumbing**: Before indoor plumbing and hot running water became widespread, the sauna was the main sanitation facility for households. It solved both heating and bathing needs.

### 2. Historical and Religious Roots
- **Ancient Finnish Customs**: Saunas have been used in the Finnish region for thousands of years, long before Christianity arrived. They were part of pre-Christian pagan rituals.
- **Christian Adoption**: Unlike many European countries where bathing was discouraged by medieval Christian doctrine, Finland integrated the sauna into its Christian practices. The sauna became a place of purification, similar to baptism. This religious acceptance helped sustain the tradition unlike in parts of Catholic Europe where public bathing fell out of fashion.

### 3. Social and Cultural Function
- **Equalizer**: The sauna is traditionally **nude**. With clothes off, social status, wealth, and hierarchy are stripped away. A CEO and a janitor are treated equally in the sauna, promoting a sense of egalitarianism.
- **Social Bonding**: Saunas are places for conversation, relaxation, and bonding. It’s common for men to discuss personal or serious matters in the sauna, where the ritual bath is seen as a time for honesty and connection.
- **Nature Connection**: Many Finnish homes have saunas next to or above the dwelling, often with a nearby lake or river. After heating the body in the sauna, Finns traditionally splash themselves with cold water or jump into a freezing lake. This contrast is central to the experience and connects people to the natural environment.

### 4. Integration into Daily Life and Infrastructure
- **Nearly Every Home Has One**: It’s estimated that **90–99% of Finnish homes** have a sauna. Many new apartments come with a small built-in"
98,finland,comparison,Qwen 3.8 27B,Compare the Finnish education system with the American education system.,"The Finnish and American education systems are often cited as polar opposites in global discussions about pedagogy. While the US system is known for its competitive, standardized, and highly structured nature, the Finnish system is renowned for its equity-focused, trust-based, and unconventional approach.

Here is a detailed comparison across key dimensions:

### 1. Core Philosophy
- **United States**: Emphasizes **achievement, competition, and individual excellence**. The system is designed to identify high performers and offer pathways to higher education. There is a strong focus on ""more time = more learning"" and rigorous skill acquisition.
- **Finland**: Emphasizes **equity, well-being, and lifelong learning**. The goal is not to create elite elites but to ensure every child, regardless of background, reaches a high level of competence while maintaining mental health and social harmony. The motto is often: *""We don’t burn out teachers, so they can burn out students.""*

### 2. Structure and Accountability
| Feature | United States | Finland |
| :--- | :--- | :--- |
| **Standardized Testing** | Heavy reliance on high-stakes testing (e.g., state tests, SAT/ACT). Results determine school funding and teacher evaluations. | **No national standardized tests** until the end of secondary school (and even then, they are low-stakes for most). Teachers design their own assessments. |
| **Teacher Selection** | Varies by state; often lower barriers to entry. Teachers compete for positions. | Extremely selective. Only the **top 10%** of university applicants are accepted into teacher training programs. Teaching is considered one of the most prestigious professions. |
| **Autonomy** | Teachers follow detailed curriculum standards, scripted lessons, and are monitored through classroom observations. | Teachers have **high professional autonomy**. Trained educators decide what, when, and how to teach. |
| **Accountability** | External pressures: parents, politicians, media, and corporate interests influence education policy. | Internal trust: Teachers are trusted experts. The government’s role is to support, not control. |

### 3. Early Childhood and Elementary Education
- **USA**:
  - Formal education often begins at age 5–6 (Kindergarten).
  - Focus on basic literacy and numeracy early on.
  - Little-to-no mandatory pre-K. Access to quality early childhood education is inconsistent and often"
99,finland,planning,Qwen 3.8 27B,Suggest activities for a tourist visiting Finland for the first time.,"Finland is a fascinating country in the summer and winter that offers a perfect blend of natural beauty, unique cultural experiences, and cozy ""hygge"" (or in Finnish, *hygge*-like atmosphere, often referred to as *sisu* or simply a deep sense of well-being).

Here are top activities for a first-time tourist, categorized by experience type:

### 1. Experience the Sauna (A Must-Do)
You cannot visit Finland without trying a sauna. It’s more than just heat; it’s a ritual.
*   **Try a forest sauna:** Boats or huts in the middle of the woods, where you can jump into a cold lake right after steaming.
*   **Urban saunas:** In Helsinki, you can try modern, design-focused saunas like *Saunax* or the iconic *Kallio Sauna*, which features a sunset view over the archipelago.
*   **Private vs. Public:** Consider renting a private sauna in your accommodation or visiting public bathhouses.

### 2. Nature & Outdoors
*   **National Parks:** Visit **Oulanka** for dramatic cliffs and waterfalls, **Nuuksio** (just outside Helsinki) for easy hiking and lakes, or **Kilpisjärvi** for a glimpse of the borderlands.
*   **Lake Activities:** In summer, rent a boat or kayak on one of the 188,000 lakes. **Lake Saimaa** is famous for its rare Saimaa ringed seals.
*   **Archipelago Cruises:** Take a boat through the Helsinki archipelago to see the classic Finnish archipelago scenery (rocks, islands, lighthouses).

### 3. Aurora Borealis (Northern Lights) (Winter Only)
*   **Best Spot:** Lapland, especially around **Rovaniemi**, **Ivalo**, or **Levi**.
*   **What to Expect:** The lights are unpredictable, but staying in a glass igloo or a sauna cabin with aurora viewing is magical. Many tour operators offer small-group hunts to find the best spot when activity is high.
*   **Note:** The lights are only visible from September to March, with peak months being December–February.

### 4. Visit Santa Claus Village
*   Located in **Rovaniemi**, on the Arctic"
100,finland,creative,Qwen 3.8 27B,Describe a winter morning in Finland from the perspective of someone seeing snow for the first time.,"The first thing I noticed was the silence. It wasn’t just the absence of noise; it was a physical weight, a thick, white quiet that pressed against my eardrums. Back home, the world always hummed—the rustle of leaves, the distant drone of traffic, the wind tearing through branches. Here, in this village on the Gulf of Bothnia, the air itself seemed suspended.

I stepped off the porch, my breath escaping in a sharp, visible plume that crystallized instantly in the frigid air. The temperature was somewhere below minus ten, a number that felt less like data and more like a warning from the universe. The cold didn’t just touch my skin; it bit. It was a clean, sharp pain that made me feel astonishingly awake.

And then there was the snow.

I had seen it in movies, in photos, in the artificial drifts of ski resorts I’d visited as a child for one afternoon. But standing amidst it, untouched and sprawling, was an entirely different experience. It wasn’t white, not really. It was a spectrum of grays and blues, of shadows and light. The snowflakes on the branch of a single birch tree beside me looked less like precipitation and more like intricate, frozen lace, each one a unique, six-pointed sculpture hanging in the air.

I reached out a gloved hand to touch the ground. The surface was soft yet firm, resisting my weight just enough to show that this was a solid thing, a landscape, not just a weather event. The moment my glove made contact, I heard a faint *crack*—a sound so delicate it seemed to belong to another dimension. I dropped my hand. The indentation remained, a perfect sphere of displaced powder, holding the shape of my grip long after I pulled away.

The sky above was a pale, milky blue, washed out by the sheer brightness of the white below. The sun was barely visible, hidden behind low-hanging clouds or perhaps just too diffused by the snow cover to shine directly. Yet, it still lit the world. The snow acted as a mirror, reflecting light from every angle, so that even in the shadow of the wooden house, there was a soft, ambient glow. Shadows were not dark; they were blue, cool, and strange, stretching long across the ground like ink stains on paper.

I walked toward the edge of the cleared path,"
101,finland,factual,Qwen 3.8 27B,What languages are commonly spoken in Finland?,"Finland has two official state languages: **Finnish** and **Swedish**. This bilingual status is legally protected and reflects the country's historical and cultural ties.

Here’s a breakdown of the most commonly spoken languages in Finland:

1. **Finnish**  
   - The majority language, spoken by approximately **87%** of the population as a first language.
   - It is a Uralic language, unrelated to most other European languages (e.g., not a Germanic, Romance, or Slavic language).

2. **Swedish**  
   - Spoken by about **5.2%** of the population as a first language.
   - Historically tied to Finland’s past under Swedish rule (1155–1809) and its subsequent period as an autonomous Grand Duchy within the Russian Empire.
   - Swedish-speaking Finns are concentrated along the western and southern coasts, as well as in the capital, Helsinki.

3. **Other Languages**  
   - Due to immigration, many other languages are spoken in Finland, including Russian, Arabic, Estonian, Somali, Kurdish, and Chinese.
   - **Russian** is notably one of the most prevalent third languages, spoken by a significant number of immigrants and some ethnically Finnish residents with ties to Russia.

4. **Sámi Languages**  
   - Recognized officially under the UN Declaration on the Rights of Indigenous Peoples.
   - Spoken by the indigenous Sámi people, primarily in northern Finland (Lapland region).
   - Three main varieties: Northern Sámi, Inari Sámi, and Skolt Sámi.

5. **Romani and Sign Languages**  
   - **Finland Romani** is a dialect of Romani used by the Roma community in Finland.
   - **Finnish Sign Language** is the official sign language for the Deaf community.

In daily life, especially in urban areas like Helsinki, **English** is widely understood and used, particularly among younger generations, in business, and in international contexts. However, Finnish remains the primary public language, and Swedish is widely used in official domains, media, and education in Swedish-speaking regions."
102,finland,explanation,Qwen 3.8 27B,Explain the concept of sisu and how it is used in Finnish culture.,"**Sisu** is a uniquely Finnish concept that is difficult to translate directly into other languages. While it is often loosely defined as ""stoicism"" or ""courage,"" it carries a much deeper and more specific emotional weight. At its core, **sisu is the ability to summon superhuman strength, grit, determination, and effort in the face of extreme adversity, danger, or apparent hopelessness.**

It differs from ordinary courage or bravery. Courage can be a choice made when the odds are roughly equal; sisu is ignited when you are underpowered, outmatched, or facing a situation that should logically be too much to handle.

### Key Characteristics of Sisu

1.  **Last-Resort Reliance**: Sisu is not used for everyday challenges. It is reserved for moments of extreme difficulty—whether physical, emotional, or mental. It is the ""emergency fuel"" of the Finnish spirit.
2.  **Stoic Endurance**: It involves enduring pain, suffering, or hardship without complaining. There is a sense of stoic acceptance that ""I must do this, even if it hurts.""
3.  **Resilience Against Hopelessness**: Sisu often kicks in when giving up seems like the only logical option. It is the force that says, ""I will continue, even though I shouldn't be able to.""
4.  **Non-Forceful**: Unlike brute strength or aggression, sisu is often quiet. It is a steady, unyielding will rather than an explosive outburst.

### Historical and Cultural Roots

- **Winter Survival**: Finland’s harsh climate, where winters can last months with temperatures well below -40°C (-40°F), historically required immense endurance. Sisu was essential for survival in a landscape that was often unforgiving.
- **The Winter War (1939–1940)**: This conflict became iconic for demonstrating sisu. Despite being vastly outnumbered and outgunned by the Soviet Union, the Finnish army fought with extraordinary resilience, using guerrilla tactics and refusing to surrender. The image of Finnish soldiers continuing to fight in freezing conditions became anational symbol of sisu.
- **Housing and Daily Life**: Building homes in frozen ground, chopping wood for heating, and maintaining a livelihood in remote areas all require a degree of sisu in Finnish culture. It is embedded in the daily grind of hard work and self-re"
103,finland,comparison,Qwen 3.8 27B,Compare Finnish summers with Finnish winters.,"Finnish summers and winters are polar opposites, offering distinct experiences in terms of light, temperature, activities, and culture. Here's a detailed comparison:

### 1. **Daylight**
- **Summer:** 
  - **Midsummer (June–July):** In northern Finland, the sun never sets (midnight sun). In southern Finland, days are extremely long, with sunrise around 3–4 AM and sunset after 10–11 PM.
  - **Feeling:** Endless daylight, vibrant energy, open-air living.
- **Winter:** 
  - **Midwinter (December–January):** In northern Finland, the sun may not rise at all (polar night). In southern Finland, daylight lasts only 6–7 hours, with sunrise around 9 AM and sunset around 3:30 PM.
  - **Feeling:** Darkness, coziness, reliance on indoor lighting and indoor activities.

### 2. **Temperature**
- **Summer:**
  - Average highs: 15°C–25°C (59°F–77°F), sometimes hotter in inland areas.
  - Mornings/evenings can be cool, especially near water.
  - Rarely feels like a scorching heatwave; humidity is low, so heat is mild.
- **Winter:**
  - Average lows: 0°C to -10°C (32°F to 14°F) in the south; -10°C to -30°C (14°F to -22°F) in the north.
  - Snow cover is typical, though milder winters can bring occasional rain.
  - Cold is often dry, which feels ""refreshing"" but requires proper clothing.

### 3. **Landscape & Nature**
- **Summer:**
  - Lush green forests, blooming flowers, long days of outdoor life.
  - Numerous lakes are warm enough for swimming.
  - Nature feels alive: birds singing, insects buzzing, plants growing rapidly.
- **Winter:**
  - Snow-covered forests, frost-covered trees, serene and quiet.
  - Lakes freeze over; ice fishing and cross-country skiing become possible.
  - Nature is dormant but beautiful in its stark, white simplicity.

### 4. **Typical Activities**
- **Summer:**
 "
104,finland,planning,Qwen 3.8 27B,Create a three-day itinerary for someone visiting Helsinki.,"Helsinki is a compact, walkable city that seamlessly blends Nordic minimalism with Russian imperial grandeur. Here is a balanced 3-day itinerary that covers the classics, the culture, and the local flavor.

### **Day 1: The Heart of Helsinki – Old Town & Market Square**
*Focus: Architecture, history, and local food culture.*

*   **Morning: Helsinki Cathedral & Senate Square**
    *   Start at **Helsinki Cathedral** (Helsingin tuomiokirkko). Its white facade and golden boy angels make it the most iconic symbol of the city.
    *   Stroll across **Senate Square** and visit the **Government Palace** (currently under renovation, but impressive to see) and the **University of Helsinki**.
*   **Late Morning: Old Town (Kalamarii)**
    *   Wander the cobbled streets of **Old Town**. Look for the **Submarine Vainio** (a Soviet submarine from the Cold War era) displayed on land near the harbor.
    *   Visit the **St. Catherine’s Priory** for a quiet, serene contrast to the bustling square.
*   **Lunch: At or near Helsinki Market Square (Kauppatori)**
    *   Head to **Market Square** for lunch. You can eat at one of the stalls (try matkari-porridge or fresh seafood) or grab a quick lunch at a nearby restaurant.
    *   *Tip:* If it’s summer, this is the best place to buy fresh berries (blueberries, lingonberries) and smoke fish.
*   **Afternoon: Finlandia/Ateneum or National Museum**
    *   Choose one major institution. The **Ateneum** is Finland’s premier art museum with excellent Nordic design and art. The **National Museum** provides deep insight into Finnish history and culture.
*   **Evening: Dinner in Esplanadi**
    *   Wander **Esplanadi** (the main pedestrian street). It’s lined with shops and cafes.
    *   Dinner suggestion: *Helsinki Rooftop* (view of the cathedral), *Café 45* (luxurious classic), or *Savoy* (if you want to splurge on breakfast tomorrow).

### **Day 2: Modern Design, Sauna & Sights**
*Focus: Finnish design,"
105,finland,creative,Qwen 3.8 27B,Write a fictional conversation between a Finnish person and an American experiencing a sauna for the first time.,"**Setting:** *A rustic, wood-paneled sauna in the countryside of Ostrobothnia. The air is thick with humidity. **Lasse**, 40s, Finnish, sits statically on the lower bench, staring at his phone. **Jack**, 30s, American, sits on the upper bench, sweating profusely, holding a small wooden ladle (kauhu) like a holy relic.*

**Jack:** *(Sweating visibly, fanning himself with the ladle)* Lasse, buddy. I need to check something. In the States, we have a rule: if you stop breathing, you stop living. In here, I feel like I’m skipping the ""breathing"" part and going straight to ""living."" Is this normal? Do I crack?

**Lasse:** *(Doesn’t look up from his phone, typing a text)* You will not crack. You will breathe. Only less. Sit still. You move too much. You create turbulence. The heat becomes uneven.

**Jack:** I’m moving because my skin is trying to leave my body! I’ve read that Finns just... sort of melt. Is there a spot where I can just slump off the bench and become a puddle for a few minutes? I feel like I’m becoming a puddle.

**Lasse:** You are sitting on the wrong level if you want to slump. This is the *liiterheikki* level. High heat. You ascend only when you are prepared. Are you prepared?

**Jack:** I was prepared for a sauna, Lasse. Not for a kiln. I brought a towel. Should I... wrap it around my face? Or is that considered deeply unusual? Like, if my grandmother saw me, would she disown me?

**Lasse:** *(Finally looks up, mildly confused)* You cover your mouth and nose? No. That is for sleeping. Or if you are sick. You breathe the air. The air is clean. It is steam and wood and silence. Why would you block it?

**Jack:** Because it smells like the inside of an old book that got left in the sun! In a good way! It’s... nostalgic. But also, I’m terrified I’m inhaling particles of your wood.

**Lasse:** That is the aroma. It is good for the lungs. You Americans spend too much time in air"
106,finland,factual,Qwen 3.8 27B,What are some popular sports in Finland?,"Finland has a rich sporting culture, and while many sports are popular worldwide, a few stand out distinctly in Finnish society. Here are some of the most popular sports in Finland:

### 1. **Ice Hockey**
- **The #1 Sport**: Ice hockey is undoubtedly the most popular and followed sport in Finland. It is often called the ""national sport.""
- **Liiga**: The top professional league (formerly SM-liiga) is extremely popular, with passionate fan bases.
- **Jääkiekko (Ice Hockey)**: The Finnish national team is one of the top teams in the world, often competing for medals at the IIHF World Championship and the Olympics.
- **Youth Participation**: Many children start playing hockey at a very young age, and it is deeply embedded in community life.

### 2. **Rugby**
- Unlike most of Europe, where soccer dominates, rugby has a surprisingly strong presence in Finland.
- **Rugby Union**: Finland has a highly successful women’s national team that regularly competes in the top tier of international rugby.
- **Rugby League & Union**: Both codes have dedicated communities, and rugby matches can draw significant crowds, especially at the national level.

### 3. **Football (Soccer)**
- **Second Most Popular**: While not as dominant as hockey, soccer is very widespread, especially among youth and in women’s football.
- **Veikkausliiga**: The top professional league has grown in popularity in recent years.
- **Women’s Football**: The Finnish women’s national team (Naismaajoukkue) is one of the better teams in Europe.

### 4. **Cross-Country Skiing and Biathlon**
- Given Finland’s climate and geography, winter sports are hugely popular.
- **Matti Nykänen Legacy**: Finland has a rich history in ski jumping and cross-country skiing, with legend Matti Nykänen being a national hero.
- **Biathlon**: Finland has produced many top biathletes, and the sport is widely practiced in both recreational and competitive settings.
- **Community Events**: Local cross-country skiing events are common social activities during winter.

### 5. **Weightlifting and Powerlifting**
- Finland has a strong tradition of strength sports.
- **Weightlifting**: Finnish weightlifters have historically been successful at the Olympics and"
107,finland,explanation,Qwen 3.8 27B,Why are forests and lakes important to Finnish culture?,"Forests and lakes are not just landscapes in Finland; they are the **generative elements of Finnish identity**. Finland is often called *Maa, jossa metsä on kaupunki* (""The land where the forest is the city"") and is home to about 188,000 lakes.

Their importance to Finnish culture can be understood through several interconnected lenses:

### 1. **Saunas and Water: The Core of Finnish Ritual**
The most iconic Finnish ritual, **sauna**, is an inseparable blend of forest and water.
- **Building with Wood:** Traditional saunas are built from logs harvested from local forests. The act of chopping wood, building the sauna, and heating it is a fundamental connection to the forest.
- **Plunge Pools:** In summer, saunas are almost always built beside a lake or river. The contrast between the boiling hot air and the icy cold lake water is considered essential for health and spiritual rejuvenation.
- **Symbolism:** Water in Finnish culture is a purifier. Sauna, combined with a lake dive, is seen as a modern form of baptism or cleansing, both physically and spiritually.

### 2. **The ""Secret Forest"" (Salainen Metsä)**
Finns believe that every person has a **secret forest** or a private spot in nature they know well.
- **Personal Space:** In the city, Finns may feel crowded, but in the forest, they find solitude and silence. This need for solitude is culturally distinct; jumping into a lake alone is a common way to decompress.
- **Connection to Nature:** This concept reflects a deep respect for nature as a personal sanctuary.

### 3. **Economic and Historical Roots**
- **Logging Industry:** The forest has been Finland’s primary industry for centuries. Wood is used for everything: homes, saunas, paper, pulp, and fuel. The phrase *""Wood is our wealth""* is common.
- **Homesteading:** Historically, Finnish families owned a piece of forest land. This land was crucial for survival, providing fuel, building materials, food, and quiet space.

### 4. **Language and Literature**
- **Lyric of the Rain/Green World:** The Finnish language is rich with words related to nature. For example, there are many words for snow, ice, fish, and trees.
- **Finnish Literature"
108,finland,comparison,Qwen 3.8 27B,Compare Finnish food culture with American food culture.,"Finnish and American food cultures represent two distinct ends of the spectrum regarding philosophy, ingredients, and dining habits. While both are hearty and rooted in their respective climates, they approach food with vastly different mindsets: **Finnish culture prioritizes simplicity, quality, and local tradition**, whereas **American culture emphasizes abundance, diversity, convenience, and innovation**.

Here’s a detailed comparison across key dimensions:

### 1. Core Philosophy
- **Finland: “Simplicity and Quality”**
  - Finnish food culture is built on the concept of *sade* (seasonal eating) and minimalism. The goal is to highlight the natural taste of high-quality ingredients.
  - There’s a strong reverence for tradition and local identity. Food is seen as a comfort and a cultural anchor, not just fuel.
  - ""Less is more"" – dishes are rarely over-processed or heavily spiced.

- **USA: “Abundance and Diversity”**
  - American food culture is defined by its melting-pot nature, incorporating influences from virtually every corner of the world (Italian, Chinese, Mexican, Japanese, etc.).
  - Emphasis on large portions, variety, and convenience. Food is often fast, affordable, and accessible.
  - Innovation and fusion are celebrated. There’s a ""giant plate"" mentality, where bigger is often seen as better or more welcoming.

### 2. Key Ingredients and Staples
- **Finland:**
  - **Carries the land:** Potatoes, cabbages, various berries (bilberries, lingonberries, cloudberries), game meats (moose, elk, reindeer), and fish (salmon, perch, pike).
  - **Dairy:** A staple, including cheese (*leipäjuusto*), sour cream (*smetana* or *happamajola*), and butter.
  - **Rye Bread:** The national bread, dense, dark, and hearty.
  - **Alcohol:** Vodka and beer are popular, but wine is more recent. *Viini* (wine) has grown, but *maitojuoma* (milk drinks) are also part of daily life.

- **USA:**
  - **Carries the world:** Corn, wheat, beef, pork, chicken, dairy, and a vast array of imported produce.
  - **Con"
109,finland,planning,Qwen 3.8 27B,Plan a winter vacation in Finland for someone who enjoys outdoor activities.,"Planning a winter vacation in Finland for an outdoor enthusiast is an excellent choice. Finland offers some of the best natural winter experiences in the world, from aurora hunting to snowmobiling.

Here is a **10-day itinerary** focused on active outdoor adventures, balanced with authentic Finnish cultural experiences.

### **Best Time to Go**
*   **Late January to Early March:** Peak snow reliability in Lapland.
*   **December:** Likely to see the Northern Lights (shorter days but festive holiday atmosphere).

---

### **Key Regions to Visit**
1.  **Lapland (North):** For snow-based activities, Northern Lights, and reindeer.
2.  **Häme Region (South):** For historical charm, ice hotels, and milder winter activities.

---

### **Day-by-Day Itinerary**

#### **Day 1: Arrival in Helsinki & Warm Up**
*   **Morning/Afternoon:** Arrive in Helsinki. Check into a city-center hotel.
*   **Activity:** Take a guided **Finnish sauna & swimming tour** around the city. This is the quintessential Finnish outdoor experience: sauna → plunge in the icy Baltic Sea → relax on the snowy shore.
*   **Evening:** Explore the design district and enjoy a buffet dinner.

#### **Day 2: Travel North to Lapland**
*   **Morning:** Fly from Helsinki to **Rovaniemi** (36-hour Arctic Circle). Flight time: ~1h 30m.
*   **Afternoon:** Check into an **Aurora Glass Igloo Dome** or a log cabin. These provide unparalleled views for outdoor stargazing.
*   **Activity:** Go for a gentle **snowshoe walk** in the woods to learn basic safety tips and enjoy the silence.
*   **Evening:** Watch the Northern Lights from your dome (if visible).

#### **Day 3: Active Snow Sports in Rovaniemi**
*   **Morning:** **Cross-country skiing** on one of Lapland’s well-maintained trails. Rental is available; guided tours help with technique.
*   **Afternoon:** **Snowmobiling** excursion. Choose a guided tour through snowy forests or open plains. Most tours include safety training and warm suits.
*   **Evening:** Visit **Koskikoski**, a family"
110,finland,creative,Qwen 3.8 27B,Write a short description of a summer cottage beside a Finnish lake.,"The cedar-clad cottage sits quietly on the edge of the frozen-to-clear water, its peeling blue paint whispering of decades of quiet summers. Tall pines lean over the terrace, framing a view of the infinite gray-blue lake that stretches out to the distant, tree-lined shore. A weathered rowboat rests on the grass nearby, its hull dry and waiting for the first warm day, while the only sound is the gentle lapping of the water against the wooden dock and the distant call of a cormorant. The air smells of pine resin, drying moss, and cool, clean earth, capturing the serene, timeless stillness of the Finnish bush."
111,finland,factual,Qwen 3.8 27B,What is Finland's relationship with the Baltic Sea?,"Finland has a deep and multifaceted relationship with the Baltic Sea, one that is defined by its geography, history, economy, security, and environmental challenges.

Here are the key aspects of Finland’s relationship with the Baltic Sea:

### 1. Geographic Dominance
- **Coastline**: Finland has the second-longest coastline in the Baltic region (~1,250 km of mainland coast and ~565 km of island coast), making the Baltic Sea an integral part of its national identity.
- **Inland Waters**: The sea extends into Finland, forming archipelagos (like the Helsinki archipelago), bays (such as the Gulf of Finland), and border waters with Sweden, Estonia, and Russia.
- **Lakes and Sea Connections**: Many of Finland’s large lakes are connected to the Baltic Sea via rivers, influencing domestic water management.

### 2. Historical and Cultural Significance
- **“Baltiam” Identity**: Historically, Finland was contested between Sweden and Russia. The Baltic Sea was a vital route for trade, cultural exchange, and military conflict.
- **Archipelago Culture**: Island communities around the Baltic have unique cultural traditions, dialects, and lifestyles (e.g., sauna culture, fishing).
- **WWII Impact**: The Baltic Sea was a major theater in World War II, particularly during the Winter War and Continuation War, with Finland defending its coastal approaches against the Soviet Navy.

### 3. Economic Importance
- **Shipping and Ports**:
  - **Helsinki, Turku, and Kotka** are among the busiest ports in the Baltic Sea.
  - Finland is a major hub for transshipment of goods between the EU and Russia (pre-2022) and other global markets.
- **Marine Industry**:
  - Shipbuilding and repair (e.g., Rauma, Turku).
  - Fisheries: Though reduced in recent decades, seafood (especially herring, sprat, and cod) remains part of national cuisine and culture.
- **Renewable Energy**:
  - Offshore wind energy development is accelerating, particularly in the Finland–Sweden border area.
  - Aquaculture (fish farming) is growing along the coast.

### 4. Security and Geopolitics
- **NATO Membership**: In 2023, Finland joined NATO, significantly altering its security"
112,finland,explanation,Qwen 3.8 27B,Explain why ice hockey is popular in Finland.,"The popularity of ice hockey in Finland is not just a matter of athletic preference; it is deeply woven into the **national identity, culture, and everyday life** of the country. Often referred to as *""The Ice Hockey Country,""* Finland’s devotion to the sport stems from a combination of geographical, historical, social, and psychological factors.

Here’s a detailed breakdown of why ice hockey is so popular in Finland:

### 1. Geographical and Climatic Suitability
- **Winter Climate:** Finland has long, cold winters, which provide a natural and free venue for outdoor hockey (ice rinks or backyards). This made it accessible even before indoor arenas were widespread.
- **Flat Terrain:** Much of Finland’s landscape is flat and open, ideal for building rinks and playing.
- **Snow and Ice:** The abundance of snow and ice allows for frequent street hockey, which serves as the entry point for most children.

### 2. Cultural Identity and National Pride
- **National Symbol:** Ice hockey is often seen as the closest thing Finland has to a **national religion**. It is a core part of what it means to be Finnish.
- **Post-War Resilience:** After World War II and the difficult post-war period, hockey became a source of national unity and pride. Success on the international stage (especially in the 1990s and 2000s) boosted national morale and identity.
- **""Finlandia"" in Hockey:** The team’s nickname is *MaaPaketti* (Country Pack) or *Finlandia*, emphasizing collective effort over individual stardom. This aligns with Finnish cultural values of equality and community.

### 3. Grassroots Access and Infrastructure
- **Widespread Availability:** Almost every town and village in Finland has at least one ice rink. Many schools in northern and central Finland have hockey programs integrated into their curriculum.
- **Low-Beginner Barriers:** Equipment costs have decreased, and many communities subsidize costs for children. Street hockey (ice-less hockey) is played on frozen ponds, backyards, and even basketball courts, making the basics learnable anywhere.
- **Early Specialization:** Many Finnish children start playing organized hockey between ages 5–7, leading to a deep talent pool.

### 4. Social Fabric and Community
- **Team Bonding:** Hockey is played throughout life, from"
113,finland,comparison,Qwen 3.8 27B,Compare Helsinki with a smaller Finnish city.,"To compare Helsinki with a smaller Finnish city, a great choice is **Turku**, widely considered Finland’s second most significant city and historically its capital. While Helsinki is the modern political and economic hub, Turku offers a distinct vibe rooted in history, student life, and a more relaxed rhythm.

Here’s a detailed comparison across key dimensions:

### 1. **City Profile & History**
- **Helsinki**: The capital since 1812, Helsinki was built on marshlands according to a neoclassical grid by Carl Luken. It’s youthful (in national terms), cosmopolitan, and forward-looking. The city center feels polished, international, and fast-paced.
- **Turku**: Finland’s capital from 1557 to 1812. It has a medieval feel, with cobblestone streets, wooden row houses, and the iconic **Turku Cathedral** dominating the skyline. It feels more historic, layered, and “lived-in.”

### 2. **Vibe & Pace of Life**
- **Helsinki**: 
  - **Fast and efficient**: Highly organized, punctual, and intense.
  - **International flair**: More multilingual (English, Russian, Asian languages), with a larger expat community.
  - **Nightlife**: Vibrant, with a strong club scene, event culture, and celebrity sightings.
- **Turku**: 
  - **Relaxed and student-driven**: As a major university city (25% of the population is students), life revolves around campuses, cafes, and academic institutions.
  - **Local feel**: Stronger regional identity; residents are often more insular or rural-oriented compared to Helsinki’s global citizens.
  - **Nightlife**: Casual and social. Bars are for chatting and drinking, not dancing. Less spectacle, more community.

### 3. **Cultural & Educational Hub**
- **Helsinki**: Hosts Finland’s largest universities (University of Helsinki, Aalto University, Helsinki University of Technology) but also top international businesses (Nokia, Kone, Wärtsilä). The art scene is bold, contemporary, and international.
- **Turku**: Home to the **University of Turku** (one of Europe’s oldest) and a strong research culture. It’s known for literature, philosophy, and academic debate. Cultural venues like the **Sjundal"
114,finland,planning,Qwen 3.8 27B,Suggest a route for seeing both northern and southern Finland during one trip.,"This is an exciting goal. Finland is vertically long but relatively narrow, allowing for a satisfying ""top-to-bottom"" journey that captures the essence of the country. Most of the classic routes lie along the eastern side near the border with Sweden (the Helsinki–Tampere–Jyväskylä–Kuopio–Oulu corridor).

Here is a recommended **10–12 Day Route** that balances driving, scenery, and key experiences. This route is best done in **late summer to early spring (May–September)** for accessible weather and lighting.

### 🗺️ The Route Overview: **The ""Finland Top-to-Bottom"" Drive**
**Start:** Oulu (North)  
**End:** Helsinki (South)  
**Distance:** ~1,000–1,200 km (drivable)  
**Best For:** Nature, culture, food, and iconic Finnish landscapes.

---

### 📅 Day-by-Day Itinerary

#### **Part 1: The North (Lapland & Oulu)**
*Focus: Wild nature, midnight sun (if summer), or northern lights (if winter), and subarctic culture.*

**Day 1: Arrive in Oulu**
- Fly into **Oulu Airport (OUL)**.
- Pick up your rental car.
- Explore Oulu’s modern city center, the Oulu Cathedral, and the **Arctic Research Center**.
- *Stay:* Oulu.

**Day 2: Oulu to Rovaniemi (Optional Detour) or Continue South**
- *Option A (Scenic):* Drive north to **Rovaniemi** (Arctic Circle) if you have extra time. Visit Santa Village and the Arctic Circle.
- *Option B (Efficient):* Drive west to **Kemi** for lunch, then continue south to **Kajaani**.
- *Stay:* Kajaani or continue driving to Kuopio.

#### **Part 2: The Boreal Forest & Central Finland**
*Focus: Lake districts, national parks, and hearty Finnish cuisine.*

**Day 3: Kajaani > Valkeakoski (via Tampere)**
- Drive south through the beautiful **Savolaxia** region.
- Stop in **Kuopio** for lunch: Try local dishes like *karitsapörri"
115,finland,creative,Qwen 3.8 27B,Imagine spending a full day in Finland without using a car. Describe the day.,"The day begins before sunrise, when the thin, pale light of a Finnish autumn just barely grazes the rim of the world. I am in Helsinki, specifically the Katajamäki neighborhood on Laukkovaara, one of the city’s forested hills. I have no car. I have only a heavy wool coat, sturdy shoes, and a sense of anticipation.

**07:30 – The Forest Silence**
I step onto the forest path. There is no engine noise, no tire hum on asphalt. Just the crunch of gravel underfoot and the distant call of a red throated rose (chickadee). The air is crisp, carrying the scent of pine needles and damp earth. I walk toward the city center, not via the main roads, but along the green corridors that slice through the urban fabric. Within twenty minutes, I am standing on a wooden observation deck, looking down over the sea. The harbor is alive, but from up here, it feels still.

**08:15 – The Bus Network**
I hop on a ""green network"" bus – Helsinki’s reliable, frequent public transport. I don’t need to check a schedule; the bus arrives within minutes. I stand near the door, watching the city roll by. Unlike many cities where you navigate around traffic, here, you move *through* it smoothly. I pass by the Senate Square, where students are walking briskly, and the Swedish Theatre, its red facade glowing in the low morning light.

**10:00 – Fintech & Coffee in Kauppatori**
I disembark at Raatihuone (Market Square). The central market is bustling. I buy fresh Norwegian salmon from a stall, rye bread (ruisleipä), and a jar of lingonberry jam from a local producer. I sit on a bench by the harbor, sandwich in hand. Around me, locals are chatting in Finnish, their speech a musical mix of vowels and consonants. A seagull lands nearby, audacious and confident. There is a tangible absence of urgency. No one is honking; no one is rushing to be late. The pace is purposeful but calm.

**12:30 – Biking to Temppeliaukio**
I rent a city bike from a dock near the square. Cycling in Helsinki is not a leisure activity; it’s infrastructure. I join a gentle flow"
116,finland,reasoning,Qwen 3.8 27B,What factors contribute to Finland's reputation for a high quality of life?,"Finland has consistently topped the **UN World Happiness Report** and various global indices for quality of life. Its reputation is built on a combination of social, economic, educational, and environmental factors that work together to create a stable, trusting, and equitable society.

Here are the key factors contributing to Finland’s high quality of life:

### 1. **Strong Social Safety Net**
Finland has one of the most comprehensive welfare systems in the world. Key elements include:
- **Free healthcare**: Basic medical care is free or heavily subsidized, and specialists are accessible with a nominal fee.
- **Free education**: From early childhood care through university, education is publicly funded.
- **Generous parental leave**: Including paid leave for both parents, supporting work-life balance.
- **Unemployment benefits**: Robust support systems help individuals during job transitions.
These safety nets reduce existential anxiety, allowing citizens to take risks (e.g., starting a business) without fear of total ruin.

### 2. **High Levels of Trust and Low Corruption**
Finland is often ranked as the **least corrupt country** in the world by Transparency International.
- **Institutional trust**: Citizens broadly trust the government, media, and judiciary.
- **Low bribery**: Public officials are highly accountable, and corruption is rare.
- **Social cohesion**: This trust reduces social friction and fosters cooperation.

### 3. **Work-Life Balance**
Finnish society prioritizes time for family and personal well-being.
- **Shorter working hours**: Standard workweeks are shorter than in many other developed nations.
- **Parental leave**: Long, paid leave for both parents (one of the longest in the OECD).
- **No dress codes**: Many workplaces have casual norms, reducing stress.
- **Right to disconnect**: Technically and culturally supported, helping prevent burnout.

### 4. **High-Quality Natural Environment**
Nature is deeply integrated into daily life and policy.
- **Abundant natural resources**: Sapwood, clean air, and untouched wilderness (over 75% of Finland is forested).
- **Clean energy**: Significant investment in renewable energy and sustainable practices.
- **Recreation**: Easy access to hiking, fishing, skiing, and “sauna” culture, which is tied to health and social bonding.

### 5. **Gender Equality**
"
117,finland,explanation,Qwen 3.8 27B,Explain how long winter nights and long summer days occur in Finland.,"The phenomenon of extremely long winter nights and long summer days in Finland is primarily caused by the **tilt of the Earth's axis** relative to its orbit around the Sun, combined with Finland's **high latitude** (between approximately 60° and 70° North).

Here’s a step-by-step explanation:

### 1. The Tilt of the Earth’s Axis
- The Earth’s axis is tilted at about **23.5 degrees**.
- This tilt means that as the Earth orbits the Sun, different parts of the planet receive varying amounts of sunlight throughout the year.

### 2. High Latitude Location
- Finland lies in the **Northern Hemisphere**, far from the equator.
- The higher the latitude (closer to the North Pole), the more extreme the variation in day length between summer and winter.
- In the equatorial region, day and night are always nearly equal (12 hours each). But in high-latitude places like Finland, the effects of the axial tilt are magnified.

### 3. Summer: Tilted Toward the Sun
- Around the **summer solstice** (June 20–21), the North Pole is tilted **toward** the Sun.
- This causes the Northern Hemisphere to receive maximum sunlight.
- In Finland:
  - The Sun rises late in the morning and sets very late at night.
  - In northern regions (e.g., Lapland), the Sun **does not set at all** for several weeks — this is called the **Midnight Sun**.
  - Even in southern Finland (e.g., Helsinki), daylight can last over **18 hours** per day.
  - The Sun’s path across the sky is high and long, resulting in extended periods of daylight.

### 4. Winter: Tilted Away from the Sun
- Around the **winter solstice** (December 21–22), the North Pole is tilted **away** from the Sun.
- This causes the Northern Hemisphere to receive minimum sunlight.
- In Finland:
  - The Sun rises late in the morning and sets early in the evening.
  - In northern Finland, the Sun **does not rise at all** for several days or weeks — this is called **Polar Night**.
  - Even in the south, daylight can be as short as **6–7"
118,finland,comparison,Qwen 3.8 27B,Compare Finnish communication styles with typical American communication styles.,"Finnish and American communication styles are often described as polar opposites. These differences stem largely from their respective cultural, historical, and geographic contexts. While both cultures value respect and clarity, they approach conversation, conflict, and social interaction in fundamentally different ways.

Here’s a detailed comparison across key dimensions:

### 1. **Context: High-Context vs. Low-Context**
While both are generally considered *low-context* cultures (meaning people say what they mean), Finland is often seen as **more direct and literal** than the U.S., while the U.S. is **more indirect and socially lubricated**.

- **Finland (Ultra-Explicit Directness):**
  - ""No"" means ""no."" If a Finn says ""maybe,"" it usually means ""no."" If they don’t respond, it means ""no.""
  - Avoids small talk. Getting straight to the point is seen as efficient and respectful.
  - Transparency is valued; vague language is often viewed with suspicion or as inefficient.
  - **Example:** In a meeting, a Finn will say, “This idea won’t work because of X,” rather than softening the blow.

- **United States (Polite Indirectness):**
  - ""No"" is often softened to ""maybe,"" ""I’ll look into it,"" or ""that’s interesting.""
  - Small talk is a crucial social lubricant in business and social settings (e.g., discussing weather, families, or weekend plans before business).
  - Face-saving is important. Direct criticism can be perceived as rude or aggressive.
  - **Example:** In a meeting, an American might say, “This idea has some challenges, but let’s see if we can tweak it,” to avoid sounding harsh.

---

### 2. **Silence**
This is one of the most striking differences.

- **Finland:**
  - Silence is comfortable, frequent, and often meaningful.
  - Finns are not afraid of pauses. They may remain silent for extended periods while thinking or during social gatherings (e.g., sauna culture, commuting, or one-on-one conversations).
  - Silence is not empty; it’s a space for reflection. Interrupting someone to fill silence is considered rude.
  - **Common misconception:** Tourists think Finns are unfriendly because they don’t chat on buses or in lines. In reality"
119,finland,planning,Qwen 3.8 27B,Create a packing list for a first-time visitor to Finland in December.,"Welcome to Finland! Visiting the ""Land of a Thousand Lakes"" in December is a magical experience, characterized by deep snow, the silent beauty of the northern winter, and the dark, crisp air. However, the cold is no joke; temperatures can easily drop between **-10°C and -20°C** (14°F to -4°F), and wind chill can make it feel much colder.

Here is a comprehensive packing list tailored for a **first-time visitor** in December, prioritizing warmth, functionality, and style.

### ❄️ 1. The Outerwear (Your Life Jacket)
*   **Insulated Winter Parka:** This is non-negotiable. Look for a **long coat** that reaches mid-thigh or knees.
    *   *Key features:* Windproof, water-resistant, and filled with down (800+ fill power) or high-quality synthetic insulation. A hood is essential.
    *   *Tip:* Avoid fashion-first coats with thin lining. You need serious insulation.
*   **Water-Proof Snow Pants (Bib Overalls):** Regular jeans or trousers will become wet and heavy if it snows or if you sit on the snow.
    *   *Why:* They are easy on/off (just lift your parka and slide into the bibs) and keep your legs dry and warm. They can be worn with a thermal base layer and nothing else underneath–they are bulky but effective.
*   **Gloves/Mittens (Two Pairs):**
    *   *Outer:* Heavy-duty, insulated mittens (mittens are warmer than gloves because fingers share heat). Leather or waterproof shell.
    *   *Inner:* Thin, warm touch-screen compatible gloves (for phones, shopping, food halls).
*   **Warm Helmet or Knit Hat:** A hat that covers your ears. If it’s windy, a fleece-lined bike helmet inside a knit hat can add extra insulation.

### 🧦 2. Base Layers & Mid Layers
*   **Thermal Base Layers (Merino Wool or Synthetic):**
    *   *Top:* 1–2 long-sleeve thermal shirts. Merino wool is ideal because it wicks sweat and retains warmth even when damp.
    *   *Bottom:* Thermal leggings/skivvies. Wear these under your snow pants.
*   **Mid Layers"
120,finland,reasoning,Qwen 3.8 27B,What are some advantages and challenges of living in Finland?,"Living in Finland offers a unique blend of high quality of life and specific environmental and social challenges. Here’s a balanced overview of the advantages and challenges:

### **Advantages**

1. **High Quality of Life and Safety**
   - **Safety:** Finland consistently ranks among the safest countries in the world, with very low rates of violent crime.
   - **Healthcare & Education:** Access to free or heavily subsidized public healthcare and education for citizens and residents. The education system is highly respected globally.
   - **Work-Life Balance:** Strong labor laws protect workers, with limited working hours, generous parental leave, and a culture that respects personal time.

2. **Nature and Outdoor Living**
   - **Finnish Sauna Culture:** Saunas are central to social life and relaxation, with thousands of saunas across the country (many in private apartments).
   - **Unspoiled Nature:** Over 70% of Finland is covered in forest, lakes, and wetlands. There are numerous national parks, archipelagos, and wilderness areas for hiking, swimming, skiing, and foraging.
   - **Clean Air and Water:** Excellent environmental standards ensure pristine air and drinkable water from taps.

3. **Social Trust and Equality**
   - **Low Corruption:** Finland frequently ranks #1 or #2 in the World Economic Forum’s Corruption Perceptions Index.
   - **Social Equality:** Minimal income inequality, strong social safety nets, and a society that values equality and anonymity (you’re rarely judged by your background or status).
   - **English Proficiency:** Finns speak excellent English, making it easier for expats to integrate daily, even without speaking Finnish.

4. **Digital Accessibility**
   - **Public Wi-Fi:** Free public Wi-Fi is widely available in parks, cafes, and public spaces.
   - **e-Government & Services:** Highly digitized services, from banking to healthcare appointments, make life convenient.

5. **Unique Natural Phenomena**
   - **Aurora Borealis:** In Lapland, you can witness the northern lights in winter.
   - **Midnight Sun & Polar Night:** In northern regions, continuous daylight in summer and darkness in winter offer unique seasonal experiences.

---

### **Challenges**

1. **Climate and Light Conditions**
   - **Long, Harsh Winters:** Winters can last"
121,academic,math,Qwen 3.8 27B,Solve 3x + 7 = 25 and explain each step.,"To solve the equation $3x + 7 = 25$, we need to isolate the variable $x$ on one side of the equation. Here is the step-by-step explanation:

### Step 1: Isolate the term with the variable
The variable $x$ is multiplied by 3 and then 7 is added to it. To reverse the addition of 7, we subtract 7 from both sides of the equation.

$$
3x + 7 - 7 = 25 - 7
$$

Simplifying both sides:

$$
3x = 18
$$

**Reasoning:** By subtracting 7 from both sides, we keep the equation balanced while removing the constant term from the left side.

### Step 2: Solve for $x$
Now, $x$ is multiplied by 3. To reverse this multiplication, we divide both sides of the equation by 3.

$$
\frac{3x}{3} = \frac{18}{3}
$$

Simplifying both sides:

$$
x = 6
$$

**Reasoning:** Dividing by 3 isolates $x$ completely.

### Step 3: Verify the solution
Substitute $x = 6$ back into the original equation to ensure it holds true.

Original equation: $3x + 7 = 25$

Substitute $6$ for $x$:
$$
3(6) + 7 = 18 + 7 = 25
$$

Since $25 = 25$, the solution is correct.

### Final Answer
$$
x = 6
$$"
122,academic,math,Qwen 3.8 27B,A rectangle has a length of 12 meters and a width of 7 meters. Find its area and perimeter.,"Here is the step-by-step calculation to find the area and perimeter of the rectangle.

**1. Identify the Dimensions**
*   Length ($L$) = $12$ meters
*   Width ($W$) = $7$ meters

**2. Calculate the Area**
The formula for the area of a rectangle is:
$$ \text{Area} = \text{Length} \times \text{Width} $$

Substituting the given values:
$$ \text{Area} = 12 \times 7 $$
$$ \text{Area} = 84 \text{ m}^2 $$

**3. Calculate the Perimeter**
The formula for the perimeter of a rectangle is:
$$ \text{Perimeter} = 2 \times (\text{Length} + \text{Width}) $$

Substituting the given values:
$$ \text{Perimeter} = 2 \times (12 + 7) $$
$$ \text{Perimeter} = 2 \times 19 $$
$$ \text{Perimeter} = 38 \text{ meters} $$

***

**Final Answer:**
*   **Area:** $84 \text{ m}^2$
*   **Perimeter:** $38 \text{ m}$"
123,academic,math,Qwen 3.8 27B,Explain the difference between a derivative and an integral in simple terms.,"To understand the difference between a **derivative** and an **integral**, it helps to look at them as two sides of the same coin in calculus. They are inverse operations, meaning one undoes the other.

Here is a simple breakdown using the **speed/position** analogy, which is the most intuitive way to grasp them.

### 1. The Derivative: ""How Fast Things are Changing""
A derivative measures the **rate of change** at a specific point.

*   **Real-world example:** Imagine you are driving a car.
    *   Your **position** (total distance traveled) changes over time.
    *   Your **speed** (how fast you are going right now) is the derivative of your position.
*   **Visualizing it:** If you look at a graph showing your total distance over time, the derivative at any specific point is the **slope** of that curve at that exact moment.
    *   If the slope is steep, you are going fast.
    *   If the slope is flat (zero), you are stopped.
*   **Key Concept:** Derivatives tell you about **instantaneous rates**. They answer questions like: ""How fast am I accelerating right now?"" or ""What is the slope of this curve at this point?""

### 2. The Integral: ""The Total Accumulation""
An integral calculates the **total area** under a curve, or in simple terms, it **adds up** small changes to find a total.

*   **Real-world example:** Continue with the car analogy.
    *   If you know your **speed** at every single second of the trip, you can use an integral to find your **total distance** traveled.
    *   You aren’t just looking at one moment; you are adding up all the tiny distances you covered second by second.
*   **Visualizing it:** If you look at a graph showing your speed over time, the integral is the **area** under the curve.
    *   Tall bars (high speed) add up to more area (more distance).
    *   Short bars (low speed) add up to less area.
*   **Key Concept:** Integrals tell you about **totals**. They answer questions like: ""How much total distance did I travel?"" or ""How much total water has filled this tank?""

---

### The"
124,academic,math,Qwen 3.8 27B,A car travels 180 miles in 3 hours. Calculate its average speed.,"To calculate the average speed of the car, we use the fundamental formula:

$$ \text{Average Speed} = \frac{\text{Total Distance}}{\text{Total Time}} $$

**1. Identify the given values:**
*   **Total Distance:** 180 miles
*   **Total Time:** 3 hours

**2. Substitute the values into the formula:**
$$ \text{Average Speed} = \frac{180 \text{ miles}}{3 \text{ hours}} $$

**3. Perform the division:**
$$ 180 \div 3 = 60 $$

**Conclusion:**
The average speed of the car is **60 miles per hour (mph)**."
125,academic,math,Qwen 3.8 27B,Explain why dividing by zero is undefined.,"To explain why dividing by zero is undefined, we must look at division not as a separate operation, but as the inverse of multiplication.

### 1. The Definition of Division

In mathematics, division is defined by its relationship to multiplication. The expression:

$$ \frac{a}{b} = c $$

is equivalent to asking: **""What number $c$, when multiplied by $b$, results in $a$?""**

The equation works in reverse like this:
$$ c \times b = a $$

If we can find a unique number $c$ that satisfies this equation, then $\frac{a}{b}$ is defined. If we cannot find such a number, or if we find infinite numbers that satisfy it, then the operation is problematic.

---

### 2. Analyzing the Case where the Divisor is Zero

Let us attempt to divide a number $a$ by $0$.
$$ \frac{a}{0} = c $$

This translates to the equation:
$$ c \times 0 = a $$

We must now analyze this equation based on two scenarios: when $a$ is not zero, and when $a$ is zero.

#### Scenario A: Non-zero Dividend ($a \neq 0$)
Let's say we want to find $\frac{5}{0}$.
$$ c \times 0 = 5 $$

**The Mathematical Fact:** Any real number multiplied by 0 always equals 0.
$$ 1 \times 0 = 0 $$
$$ 100 \times 0 = 0 $$
$$ 10^{100} \times 0 = 0 $$

**The Deduction:**
No number multiplied by 0 can ever equal 5. Therefore, there is **no solution** that satisfies the equation $c \times 0 = 5$.
**Result:** This leads to a **contradiction**. Therefore, $\frac{5}{0}$ is undefined.

#### Scenario B: Zero Dividend ($a = 0$)
Now consider $\frac{0}{0}$.
$$ c \times 0 = 0 $$

**The Mathematical Fact:** Every real number multiplied by 0 equals 0.
$$ 1 \times 0 = 0 $$
$$ 5 \times 0 = 0 $$
$$"
126,academic,logic,Qwen 3.8 27B,"If all roses are flowers and some flowers fade quickly, can we conclude that some roses fade quickly? Explain.","No, we **cannot** conclude that some roses fade quickly.

Here is the step-by-step logical deduction:

### 1. Symbolic Representation
Let's define the sets involved:
*   Let $R$ be the set of **Roses**.
*   Let $F$ be the set of **Flowers**.
*   Let $Q$ be the set of things that **Fade Quickly**.

The premises are:
1.  **All roses are flowers:** $R \subseteq F$ (Every element in set $R$ is also in set $F$).
2.  **Some flowers fade quickly:** $F \cap Q \neq \emptyset$ (There is at least one element that is in both set $F$ and set $Q$).

The conclusion to test is:
*   **Some roses fade quickly:** $R \cap Q \neq \emptyset$.

### 2. Logical Analysis
To determine if the conclusion is valid, we must check if it is **necessarily true** based *only* on the premises. If we can find a scenario where the premises are true but the conclusion is false, then the conclusion is invalid.

#### Scenario Check:
*   **Premise 1 is true:** Imagine a world with 10 Roses and 100 other Flowers (e.g., Tulips, Daisies). All Roses are indeed Flowers.
*   **Premise 2 is true:** Imagine that the 10 Tulips fade quickly, but none of the Roses fade quickly. In this case, ""some flowers"" (the Tulips) fade quickly, so the premise holds.
*   **Conclusion:** Is it true that ""some roses fade quickly""? In this scenario, **no** rose fades quickly. Therefore, the statement ""some roses fade quickly"" is **false**.

### 3. The Logical Fallacy
This error is known as the **Fallacy of the Undistributed Middle** or a general error in syllogistic logic regarding ""some.""

*   Knowing that all $R$ are inside $F$ tells us the location of the Roses within the larger group of Flowers.
*   Knowing that *some* $F$ are $Q$ tells us that a portion of the Flower group overlaps with the ""Fade Quickly"" group.
*   However, the premise ""some"
127,academic,logic,Qwen 3.8 27B,A farmer has 17 sheep and all but 9 run away. How many sheep remain? Explain your reasoning.,"**Answer:** 9 sheep remain the farmer.

**Step-by-Step Reasoning:**

1.  **Analyze the Phrase:** The key to this problem is the phrase ""all but 9."" This is a common linguistic trap. It does not mean ""run away all, except for 9 that are left and don't run,"" which is actually the correct interpretation, but it is often mistakenly read as ""subtracted from the total.""
2.  **Grammatical Interpretation:**
    *   ""All but 9"" is equivalent to saying ""everyone except 9.""
    *   Therefore, if *all* the sheep *but* (except) 9 ran away, it means that 9 sheep stayed behind.
3.  **Verification:**
    *   Total sheep = 17.
    *   Sheeps that ran away = $17 - 9 = 8$.
    *   Sheeps that remained = $17 - 8 = 9$.
4.  **Conclusion:** The question asks how many sheep remain. The statement explicitly states that 9 did *not* run away, implying they remained.

Therefore, **9** sheep remain."
128,academic,science,Qwen 3.8 27B,Explain Newton's third law using an everyday example.,"### Newton's Third Law: ""For every action, there is an equal and opposite reaction.""

Newton's Third Law states that forces always exist in pairs. If Object A exerts a force on Object B, then Object B simultaneously exerts a force of equal magnitude and opposite direction on Object A.

#### Everyday Example: Walking

The most common way humans experience this law is simply by **walking**. Here is how the physics plays out while you step forward:

1.  **The Action**: When you walk, your foot moves behind you and pushes firmly **backward** against the ground.
2.  **The Reaction**: In response, the ground pushes **forward** against your foot with exactly the same amount of force.
3.  **The Result**: It is this forward force (reaction) from the ground that actually propels your body forward. You are not moving yourself; the ground is pushing you.

#### A Critical Distinction
A common misconception is that these forces cancel each other out, resulting in no movement. This is incorrect because the forces are applied to **different objects**:
*   The action force is applied to the **ground** (by your foot).
*   The reaction force is applied to **you** (by the ground).

Because the reaction force acts on *you*, it overcomes your mass and accelerates you forward.

#### Alternative Example: Jumping
Similarly, when you jump vertically:
1.  **Action**: Your legs push **down** hard on the floor.
2.  **Reaction**: The floor pushes **up** on you with an equal upward force, launching you into the air."
129,academic,science,Qwen 3.8 27B,Why does ice float on liquid water?,"The reason ice floats on liquid water is due to the unique structural properties of the water molecule ($H_2O$) and how these molecules interact with one another when they change state. This is, in fact, an anomaly; for most chemicals, the solid form (crystal) is denser than the liquid form.

Here is the step-by-step analysis of why this occurs:

### 1. Molecular Shape and Polarity
Water is a polar molecule consisting of one oxygen atom and two hydrogen atoms. The oxygen atom is highly electronegative, meaning it attracts the shared electrons towards itself. This creates a **dipole**: the side of the molecule with the oxygen atom carries a partial negative charge ($\delta-$), while the sides with the hydrogen atoms carry a partial positive charge ($\delta+$).

### 2. Hydrogen Bonding
Because of this polarity, the negative oxygen of one water molecule is strongly attracted to the positive hydrogen of a neighboring molecule. This electrostatic force is called a **hydrogen bond**.

*   **In Liquid Water:** The molecules are packed closely together. Because the molecules have kinetic energy (heat), they are jiggling and breaking these hydrogen bonds constantly, slipping into the gaps between other molecules. The average distance between molecules is relatively small.
*   **In Ice:** As the water cools, the kinetic energy decreases, allowing the molecules to lock into a stable, rigid structure to satisfy the hydrogen bonds.

### 3. Crystal Structure (The Hexagonal Lattice)
To form the strongest and most stable hydrogen bonds, the water molecules in ice arrange themselves into a rigid, open framework called a **hexagonal crystal lattice**.
*   Each water molecule forms hydrogen bonds with four other neighboring molecules.
*   Crucially, this geometric arrangement requires the molecules to stand at specific angles. This ""locking"" action creates voids or empty spaces between the molecules.

### 4. Density Differences
This structural change results in a difference in density:
*   **Solid Ice:** Because of the rigid hexagonal lattice, the molecules in ice are spaced further apart than they are in the liquid phase. This means a specific volume of ice contains less mass (fewer actual water molecules) than the same volume of liquid water.
*   **Liquid Water:** The water molecules are packed more closely together, sliding into the spaces, resulting in a higher mass per unit volume."
130,academic,science,Qwen 3.8 27B,Explain photosynthesis to a middle school student.,"Hey there! Have you ever wondered how a tiny seed turns into a giant, green tree, or how a plant gets big enough to support a squirrel? That all happens thanks to a magical process called **photosynthesis**.

Think of photosynthesis as the way plants **make their own food**. Unlike you and me, plants can’t go to the grocery store or eat a sandwich, so they have to cook up their own meals right inside their leaves.

Here is the simple recipe for photosynthesis:

### The Ingredients
Plants need four main things to make fuel:
1.  **Sunlight** ☀️ (The energy source)
2.  **Water** 💧 (Soaked up from the soil by the roots)
3.  **Carbon Dioxide** 🌬️ (The gas you and I breathe out; plants take it in through tiny pores in their leaves)
4.  **Chlorophyll** 🌿 (The green pigment in leaves that acts like a solar panel, capturing the sunlight)

### The Process: How It Works
Imagine a plant’s leaf as a tiny kitchen.

1.  **Capture the Sun**: The green chlorophyll in the leaf catches sunlight. Think of it like a solar panel charging a battery.
2.  **Mix the Ingredients**: The plant uses that sun energy to split water (H₂O) and combine it with carbon dioxide (CO₂).
3.  **Cook Up Glucose**: This chemical reaction creates **glucose** (sugar). Glucose is the plant’s energy source — it’s like the food the plant eats to grow.
4.  **Give Off Oxygen**: Because of a cool twist in the chemistry, the leftover part of the water molecules becomes **oxygen** (O₂), which the plant releases back into the air. **Boom — that’s the oxygen you’re breathing right now!**

### The Simple Equation
If you wanted to write photosynthesis like a math problem, it would look like this:

> **Carbon Dioxide + Water + Sunlight → Glucose (Sugar) + Oxygen**

Or in symbols:
6CO₂ + 6H₂O + Light Energy → C₆H₁₂O₆ (Glucose) + 6O₂

### Why Should You Care?
Photosynthesis isn’t just important for plants — it’s important for **every"
131,academic,weather,Qwen 3.8 27B,Explain the difference between weather and climate.,"To explain the difference between **weather** and **climate**, we must look at two distinct but related concepts in atmospheric science: the **time scale** of observation and the **statistical nature** of the phenomena.

Here is the step-by-step logical deduction of the differences between the two.

### 1. Definition of Weather
**Weather** refers to the specific atmospheric conditions at a particular **place** and at a particular **time**.

*   **Time Scale:** It is a snapshot of the atmosphere. It represents a very short duration, ranging from seconds (a lightning strike) to weeks (a heatwave).
*   **Variability:** Weather is chaotic and irregular. It changes rapidly, often from hour to hour or day to day.
*   **Measurement:** Meteorologists (weather forecasters) measure weather to provide immediate forecasts for the near future (e.g., ""It will be 22°C and rainy today at 3:00 PM"").

### 2. Definition of Climate
**Climate** refers to the **average** atmospheric conditions over a long period of time at a particular region or place.

*   **Time Scale:** It is the long-term trend. According to the World Meteorological Organization (WMO), climate is defined by averages taken over a period of **30 years** or more.
*   **Stability:** While climate changes, it does so very slowly compared to weather. It provides a ""state of affairs"" for a location.
*   **Statistics:** Climate is determined by analyzing the patterns of weather over decades. It helps us understand what is ""normal"" for a region (e.g., ""The average annual temperature in London is 11°C, and it rains in 115 days a year"").

### 3. Functional Comparison
To visualize the difference, we can look at the difference between **short-term events** and **long-term patterns**.

*   **Weather (The Event):** ""It is currently snowing in Phoenix, Arizona."" (This is a specific weather event).
*   **Climate (The Trend):** ""Phoenix, Arizona, is a desert climate with average annual rainfall of 8 inches."" (This is the climate).

While snowing in Phoenix is *possible* due to specific weather conditions, it is *unlikely* because the broader climate of the region does not support frequent snow.

### 4. The Anal"
132,academic,weather,Qwen 3.8 27B,Why does warm air generally rise above cold air?,"Based on the principles of physics and fluid dynamics, the phenomenon where warm air general rises above cold air is due to the interplay between **thermal expansion** and **buoyancy** in a gravitational field.

Here is the step-by-step logical deduction of this process.

### 1. Thermal Expansion and Density Change
According to the **Ideal Gas Law** (specifically the relationship between temperature, volume, and density), the behavior of air molecules changes with temperature:

*   **Kinetic Energy:** Temperature is a measure of the average kinetic energy of molecules. When air is heated, its molecules move faster and possess more kinetic energy.
*   **Expansion:** As molecules move faster, they collide with one another more frequently and with greater force. These collisions push neighboring molecules further apart. Consequently, a given volume of air expands.
*   **Density Reduction:** Since density is defined as mass per unit volume ($\rho = \frac{mass}{volume}$), if the mass of air remains constant but the volume increases due to expansion, the **density decreases**.

**Deduction:** Warm air is less dense than cold air.

### 2. Buoyancy and Archimedes' Principle
To understand why this density difference causes vertical movement, we must apply **Archimedes' Principle**. This principle states that any object immersed in a fluid is buoyed up by a force equal to the weight of the fluid displaced by the object.

*   **Comparing Weights:** Imagine a specific ""parcel"" of warm air sitting within a column of surrounding cold air.
*   **Displacement:** The warm air parcel occupies a certain volume, displacing an equal volume of the colder, denser air around it.
*   **The Force:** The surrounding cold air is heavier (has a greater mass) than the warm air parcel of the same size. The ""weight"" of the displaced cold air is greater than the ""weight"" of the warm air itself.
*   **Net Force:** This creates a net upward force (buoyancy) acting on the warm air. This is analogous to how a helium balloon rises in the atmosphere because the helium is lighter than the air it displaces.

**Deduction:** The higher density of cold air creates a pressure differential that exerts an upward force on the lower-density warm air.

### 3. Gravitational Stability
In a stable atmosphere, gravity"
133,academic,weather,Qwen 3.8 27B,Explain how thunderstorms form.,"Thunderstorms are the result of a complex interaction between rising air, water vapor, and atmospheric instability. To fully understand how they form, we can break the process down into three main phases: the **trigger**, the **development** (growth), and the **charge separation** (which creates the lightning and thunder).

### 1. The Prerequisites: Instability and Moisture
Before a storm can form, the atmosphere must have two key ingredients:
*   **Moisture:** The air near the ground must be warm and humid.
*   **Instability:** The atmosphere must be ""unstable,"" meaning that as air rises, it remains warmer than the surrounding air. This allows the air to keep rising.

### 2. Formation: The Convective Cycle
The actual formation of the storm follows a specific sequence of physical processes:

#### A. The Triggering Mechanism
Air at the ground level is usually stagnant. A convective updraft (a pillar of rising air) needs a ""trigger"" to start. Common triggers include:
*   **Solar Heating:** The sun heats the ground, which heats the air immediately above it. This warm, light air expands and rises.
*   **Fronts:** A cold front pushing into warm air forces the warm, moist air upward (orographic lifting).
*   **Terrain:** Wind forced up a mountainside (orographic lift).
*   **Outflow Boundaries:** Cold air blowing out of a previous storm can force new warm air to rise.

#### B. The Condensation and ""Bubble"" Phase
As the triggered air rises, it expands due to the drop in atmospheric pressure. This expansion causes the air to cool (adiabatic cooling).
*   **Dew Point:** Once the rising parcel of air cools to its dew point, the water vapor in the air becomes saturated and begins to condense into tiny water droplets.
*   **Latent Heat:** When water vapor turns into liquid water, it releases energy (latent heat). This heat warms the air parcel slightly, making it even lighter and pushing it upward even faster. This is the fuel for a thunderstorm.
*   **The ""Bubble"":** Early on, the cloud may not reach the top of the unstable layer and may dissipate or float. However, if it is strong enough, it grows into a ""tower.""

#### C. The M"
134,academic,weather,Qwen 3.8 27B,Why can coastal areas have milder temperatures than inland areas?,"The phenomenon of coastal areas having milder temperatures than inland areas at the same latitude is a result of **maritime influence**, which is driven by the distinct physical properties of water compared to land (specifically, the difference in their **specific heat capacities**) and the dynamic movement of winds and ocean currents.

Here is the step-by-step logical deduction of this process:

### 1. Specific Heat Capacity
The fundamental reason lies in the physical properties of the materials on Earth.
*   **Water** has a very high specific heat capacity, meaning it requires a large amount of energy to change its temperature. Consequently, it heats up much more slowly and cools down much more slowly than land.
*   **Land** (soil, rock, concrete) has a low specific heat capacity. It heats up rapidly when the sun shines on it and loses that heat just as quickly as soon as the sun sets.

**Logical Consequence:**
*   **Inland (Continental):** Because the land reacts quickly to solar radiation, temperatures swing drastically between day and night, and between summer and winter.
*   **Coastal (Maritime):** The adjacent ocean acts as a massive thermal buffer, resisting drastic temperature changes.

### 2. Seasonal Temperature Moderation
This thermal inertia creates distinct effects during different seasons:

*   **During Summer:**
    *   **Inland:** The wind blowing from the land is very hot because the ground has warmed up significantly under the sun.
    *   **Coastal:** The prevailing winds often blow **from the ocean to the land** (sea breeze). Since the water in the ocean is still relatively cool compared to the heated land, the air arriving at the coast is cooler. Thus, summer on the coast is usually cooler than summer inland.

*   **During Winter:**
    *   **Inland:** The cold winds blowing from the land are starkly cold because the ground has been radiating heat away rapidly.
    *   **Coastal:** The winds often blow **from the ocean to the land** (land breeze during the day). Because the ocean releases the heat it absorbed slowly during the year, the air over the water is relatively warm compared to the frozen land. Thus, winter on the coast is milder than winter inland.

### 3. Daily Temperature Range
The same principle applies on a daily scale:
*   **Day"
135,academic,weather,Qwen 3.8 27B,Explain how meteorologists use air pressure to help predict weather.,"Meteorologists use air pressure as a primary indicator for weather prediction because air pressure is directly related to the gravitational pull of the atmosphere and the movement of air masses. The relationship between air pressure and weather conditions is governed by the principles of thermodynamics and fluid dynamics.

Here is a step-by-step explanation of how meteorologists use air pressure to predict weather.

### 1. The Basic Principle: High vs. Low Pressure
Meteorologists map air pressure at sea level (removed from the elevation of the land) to identify large-scale systems. There are two main classifications:

*   **High-Pressure Systems (Anticyclones):**
    *   **Creation:** This occurs when air near the surface radiates heat to the ground, cools down, becomes denser, and sinks.
    *   **Movement:** As this dense air sinks, it starts to spread outward (diverge) along the ground.
    *   **Result:** Because air is moving horizontally away from the center, there is no mechanism to force air upward. Without rising air, clouds cannot form. Therefore, high pressure usually predicts **clear skies, calm winds, and stable weather**.

*   **Low-Pressure Systems (Cyclones/Depressions):**
    *   **Creation:** This occurs when air is heated from below, becomes less dense, and rises. This often happens where warm air collides with cold air (fronts).
    *   **Movement:** Air from the surrounding high-pressure areas rushes in horizontally to replace the rising air, causing convergence at the surface.
    *   **Result:** As this replaced air rises, it cools and condenses into water vapor. This leads to cloud formation and precipitation. Therefore, low pressure usually predicts **cloudy skies, rain or snow, and high winds**.

### 2. Gradients: The Speed of Change
Meteorologists do not just look at the absolute value of the pressure (e.g., 1013 hPa); they look at the **pressure gradient**, or how rapidly pressure changes over a short period.

*   **Rising Pressure (Barometric Rise):** If the barometer indicates that pressure is rising, it usually means the front of a low-pressure system has passed, and a high-pressure ridge is approaching. Predicted weather represents an improvement: clouds clearing and winds calming.
*   **Falling Pressure (Barometric Fall):** If pressure is dropping"
136,academic,math,Qwen 3.8 27B,What is the probability of rolling a six on a fair six-sided die twice in a row? Explain.,"### Logical Deduction

To determine the probability of rolling a six on a fair six-sided die twice in a row, we must look at the nature of the events involved.

**1. Determine the probability of a single event**
A fair six-sided die has the numbers 1 through 6. There is only one ""6"" on the die. Therefore, the probability ($P$) of rolling a six on a single roll is equal to the number of favorable outcomes divided by the total number of possible outcomes:
$$P(\text{Rolling a 6}) = \frac{1}{6}$$

**2. Establish the relationship between events**
When you roll a die, the result of the first roll does not influence the result of the second roll. In statistics, these are known as **independent events**. Because the events are independent, the probability of both events occurring (rolling a 6, *and* then rolling a 6) is the product of their individual probabilities.

**3. Calculate the combined probability**
Multiplying the probabilities of the two independent rolls:
$$P(\text{Two 6s}) = P(\text{First 6}) \times P(\text{Second 6})$$
$$P(\text{Two 6s}) = \frac{1}{6} \times \frac{1}{6}$$
$$P(\text{Two 6s}) = \frac{1}{36}$$

### Conclusion

The probability of rolling a six on a fair six-sided die twice in a row is **$\frac{1}{36}$** (or approximately **2.78%**)."
137,academic,math,Qwen 3.8 27B,"Calculate the mean of 4, 8, 10, 12, and 16 and explain the calculation.","To calculate the mean (arithmetic average the sum of all values divided by the count of values).

### Step-by-Step Calculation

**1. Sum the values:**
Add all the numbers together:
$$4 + 8 + 10 + 12 + 16 = 50$$

**2. Count the values:**
Count how many numbers are in the dataset:
There are **5** numbers (4, 8, 10, 12, 16).

**3. Divide the sum by the count:**
$$\text{Mean} = \frac{\text{Sum}}{\text{Count}} = \frac{50}{5}$$
$$\text{Mean} = 10$$

### Final Answer
The mean of 4, 8, 10, 12, and 16 is **10**."
138,academic,math,Qwen 3.8 27B,Explain the Pythagorean theorem and give a numerical example.,"## The Pythagorean Theorem

### 1. Definition and Formula

The Pythagorean theorem is a fundamental relation in Euclidean geometry concerning right-angled triangles. It states that:

**The square of the length of the hypotenuse (the side opposite the right angle) is equal to the sum of the squares of the lengths of the other two sides.**

If a right-angled triangle has:
*   Legs (shorter sides) of length $a$ and $b$
*   Hypotenuse (longest side) of length $c$

Then the theorem is expressed algebraically as:

$$ a^2 + b^2 = c^2 $$

### 2. Logical Deduction of a Numeric Example

To demonstrate this theorem, we will use a standard **3-4-5 triangle**, which is the simplest set of integer lengths that satisfy the equation (known as a Pythagorean triple).

**Step 1: Identify the sides**
Let the lengths of the two legs be:
*   $a = 3$
*   $b = 4$

We need to find the length of the hypotenuse, $c$.

**Step 2: Apply the formula**
Substitute the known values into the Pythagorean equation:
$$ 3^2 + 4^2 = c^2 $$

**Step 3: Calculate the squares**
*   $3^2 = 9$
*   $4^2 = 16$

So the equation becomes:
$$ 9 + 16 = c^2 $$

**Step 4: Solve for $c$**
First, add the numbers on the left side:
$$ 25 = c^2 $$

Next, take the square root of both sides to find $c$:
$$ \sqrt{25} = \sqrt{c^2} $$
$$ 5 = c $$

### 3. Final Conclusion

In a right-angled triangle with leg lengths of 3 and 4, the hypotenuse is **5**.

Verification:
$$ 3^2 + 4^2 = 9 + 16 = 25 $$
$$ 5^2 = 25 $$
Since $25 = 25$, the theorem holds true."
139,academic,logic,Qwen 3.8 27B,"You have three boxes labeled apples, oranges, and mixed, but every label is wrong. Explain how you could correctly label all three boxes by taking one fruit from one box.","To solve this logic puzzle, we must rely on the critical constraint: **every label is incorrect**. This means:
1. The box labeled ""Apples"" does **not** contain only apples.
2. The box labeled ""Oranges"" does **not** contain only oranges.
3. The box labeled ""Mixed"" does **not** contain a mixture.

Here is the step-by-step logical deduction to determine the correct labels using just one fruit draw:

### Step 1: Choose the Box Labeled ""Mixed""
You must pick a fruit from the box labeled **""Mixed""**.

**Reasoning:**
Since all labels are wrong, the box labeled ""Mixed"" cannot contain a mix. Therefore, it must contain either **only Apples** or **only Oranges**. Drawing one fruit from this box will immediately tell you exactly what is in this specific box.

### Step 2: Determine the Contents of the ""Mixed"" Box
Draw one fruit from the box labeled ""Mixed.""

*   **Scenario A:** You pull out an **Apple**.
*   **Scenario B:** You pull out an **Orange**.

Let us assume you pulled out an **Apple** (the logic for an Orange is identical).

Since the box cannot be ""Mixed,"" and you found an Apple, the box labeled ""Mixed"" actually contains **only Apples**.

### Step 3: Deduce the Other Two Boxes
Now we know:
*   Box labeled ""Mixed"" = **Apples**
*   Box labeled ""Apples"" = **NOT Apples** (label is wrong)
*   Box labeled ""Oranges"" = **NOT Oranges** (label is wrong)

Look at the box labeled **""Apples""**:
*   It cannot contain Apples (because the label is wrong).
*   It cannot contain only Apples (already used in the ""Mixed"" box).
*   It cannot contain only Oranges (because the label ""Oranges"" is on a different box, and that label is also wrong, but more importantly, let's look at the remaining options).

Let's look at the box labeled **""Oranges""**:
*   It cannot contain only Oranges (because the label is wrong).
*   The remaining possibilities for the two unlabeled statuses (since ""Mixed"" is Apples) are: One box is Oranges, one"
140,academic,science,Qwen 3.8 27B,Explain why astronauts appear weightless while orbiting Earth.,"To explain why astronauts appear weightless, we must distinguish between two concepts often confused in everyday language: **gravitational force** and **weight**.

Here is the step-by-step logical deduction explaining this phenomenon.

### 1. Misconception: Lack of Gravity
The most common assumption is that astronauts are weightless because they are too far away from Earth for gravity to reach them. However, this is incorrect.
*   **Fact:** Gravity at the altitude of the International Space Station (approx. 400 km) is still about **90% as strong** as gravity at the surface of Earth.
*   **Conclusion:** Since gravity is still pulling the astronauts with significant force, the state of ""weightlessness"" is not caused by a lack of gravity.

### 2. The Physics of Orbiting
First, let us define the motion of an orbit. To orbit a planet, an object must balance two things:
1.  **Forward Velocity (Inertia):** The tendency of the object to move in a straight line.
2.  **Gravitational Pull:** The force pulling the object toward the planet's center.

An orbit is essentially a case of **continuous free fall**. An orbiting object is falling toward the Earth, but it is moving forward so fast that it constantly ""misses"" the Earth.

### 3. The Equivalence Principle
We can determine why astronauts feel weightless by observing their state relative to the spacecraft.
*   Both the spacecraft and the astronaut are subject to the exact same gravitational force per unit of mass.
*   Therefore, both are falling toward Earth at the exact same rate.
*   Because they are falling at the same rate, the astronaut does not accelerate away from the floor of the spacecraft, and the floor does not accelerate toward the astronaut. There is no physical contact force (normal force) pushing against the astronaut's feet.

### 4. Difference Between Force and ""Weight""
*   **Weight ($W = ma$):** In everyday terms, ""weight"" is the force you feel when the ground prevents you from falling. It is the contact force (Normal Force) pushing back against your feet.
*   **Microgravity Environment:** On a space station, the floor is not pushing back against the astronaut because they are falling together.

### 5. The Elevator Analogy
To visualize this, consider an observer riding"
141,academic,science,Qwen 3.8 27B,Describe the difference between speed and velocity.,"To describe the difference between **speed** and **velocity**, we must look at the fundamental nature of physical quantity: the distinction between **scalars** and **vectors**.

Here is the step-by-step logical deduction of their differences.

### 1. Fundamental Definitions

*   **Speed** is a measure of the rate at which an object covers distance. It tells us **how fast** something is moving.
*   **Velocity** is a measure of the rate at which an object changes its position. It tells us **how fast** and **in what direction** an object is moving.

### 2. Scalar vs. Vector (The Core Distinction)

The most critical difference lies in how they are classified in physics:

*   **Scalar Quantity (Speed):** A scalar has **magnitude** (size/value) only. It does not have a direction.
    *   *Example:* $50 \text{ km/h}$
*   **Vector Quantity (Velocity):** A vector has both **magnitude** and **direction**.
    *   *Example:* $50 \text{ km/h North}$

### 3. Distance vs. Displacement

The calculation for each relies on different concepts of movement:

*   **Speed** is calculated using **Total Distance**. Distance is a scalar representing the total path length traveled. If you walk 10 meters forward and 10 meters backward, your total distance is $20 \text{ meters}$.
*   **Velocity** uses **Displacement**. Displacement is a vector representing the net change in position from the starting point to the ending point. In the previous example, if you ended up where you started, your displacement is $0 \text{ meters}$.

**Formulas:**

$$Average\ Speed = \frac{\text{Total Distance}}{\text{Time Taken}}$$

$$Average\ Velocity = \frac{\text{Displacement}}{\text{Time Taken}}$$

### 4. Numerical Differences

Because distance is always greater than or equal to the magnitude of displacement (unless the object moves in a perfect straight line in one direction), speed is generally numerically equal to or greater than the magnitude of velocity.

*   If you run in a straight line away from a start line:
    *   $\text{Speed} = \text{Magnitude of Velocity}$
*   If you run in"
142,academic,weather,Qwen 3.8 27B,Why does snow sometimes fall when the surface temperature is slightly above freezing?,"### Logical Deduction and Analysis

To understand why snow can fall when the ground temperature is above $0^\circ\text{C}$ ($32^\circ\text{F}$), it is necessary to look at the physics of atmospheric column thermodynamics and phase transitions.

**1. The Vertical Temperature Column**
Temperature in the atmosphere decreases as altitude increases. Meteorologists estimate a standard lapse rate of approximately **6.5°C per 1 km**. This means that even if the ground is warm, the air higher up in the atmosphere can be significantly colder.
*   **The Source of Snow:** Snow forms at the top of the cloud (in the sub-freezing stratosphere, often several kilometres up). For snow to fall to the ground, the path to the ground must not be filled with a layer of warm air that is deep and strong enough to melt the flakes completely.

**2. The Concept of Sublimation (Evaporative Cooling)**
The primary mechanism for snow falling onto a surface above freezing is a process known as **sublimation**, specifically **wet snow falling into a colder boundary layer**.
*   **The Process:** When snowflakes fall, they pass through layers of air. If there is a strong ""Cold Pool"" right at the surface (a few feet or meters above the ground), the snowflakes do not melt. Instead, as they hit the cold, dry air, the water sublimates (changes from solid to gas/vapor) very rapidly.
*   **The Cooling Effect:** Sublimation requires energy. The snowflake takes that energy from the air immediately around it. This lowers the air temperature locally but simultaneously **cools the snowflake down** significantly.
*   **The Result:** The ""skin"" of the snowflake freezes or hardens around its liquid core. By the time the snowflake hits the ground, the surface temperature can read above $0^\circ\text{C}$, but the core of the snowflake is essentially frozen.

**3. Surface Energy Balance**
Snow is a white, highly reflective material. It acts as a natural cooling system.
*   **Albedo Effect:** On a sunny day, clouds might do a bad job of blocking the sun (allowing ground to warm), but once the snow makes contact with the ground, its high albedo reflects solar radiation back out to space.
*   **Phase"
143,academic,weather,Qwen 3.8 27B,Explain why wind occurs.,"**Wind** is the movement of air (specifically, the Earth's atmosphere) relative to the surface of the Earth. Its occurrence is primarily driven by three distinct physical processes: the uneven heating of the Earth's surface, the rotation of the Earth, and the friction of the surface.

Here is the step-by-step logical deduction of why wind occurs:

### 1. The Primary Driver: Uneven Heating (Pressure Gradient Force)
The root cause of wind is **thermal energy**. The Earth does not heat up evenly due to several factors, including the Earth's spherical shape, its axial tilt, and the varying reflectivity (albedo) of land, water, and ice.

*   **Heating the Air:** When sunlight strikes the Earth's surface, the air immediately above it warms up by conduction and convection.
*   **Expansion and Rise:** As warm air expands, it becomes less dense (lighter) and rises vertically. This creates a column of air with **lower pressure** at the surface directly below the heated area.
*   **Cooling and Sinking:** In cooler regions, the air is denser (heavier) and sinks or stays lower. This creates a column of air with **higher pressure** at the surface.

### 2. The Movement: Air Flow (Motion from High to Low)
Nature seeks equilibrium. Atmospheric pressure acts on the air in all directions.
*   In a region of **High Pressure**, the air molecules are pushed outward in all directions.
*   In a region of **Low Pressure**, the air is being sucked or pulled inward from all directions.
*   **Result:** There is a net force (called the **Pressure Gradient Force**) that pushes air from areas of High Pressure to areas of Low Pressure to equalize the difference. **This flow of air is what we perceive as wind.**

### 3. The Deflection: The Coriolis Effect
If the Earth were a perfectly still flat plane, air would move in a straight line directly from High to Low pressure. However, the Earth is spinning.
*   **Rotation:** As the air moves from High to Low, the Earth rotates underneath it.
*   **Deflection:** Because of this rotation, moving objects are deflected.
    *   In the **Northern Hemisphere**, winds are deflected to the **right**.
    *   In the **Southern Hemisphere"
144,academic,math,Qwen 3.8 27B,"A student scores 80, 90, and 70 on three exams. What score is needed on a fourth exam to have an average of 85?","To find the required score on the fourth exam, we can use the formula for the arithmetic mean (average).

### Step-by-Step Deduction

1.  **Identify the known values:**
    *   Score 1 ($x_1$) = 80
    *   Score 2 ($x_2$) = 90
    *   Score 3 ($x_3$) = 70
    *   Target Average ($\bar{x}$) = 85
    *   Number of exams ($n$) = 4

2.  **Set up the average equation:**
    The formula for the average is the sum of all scores divided by the number of exams:
    $$ \frac{x_1 + x_2 + x_3 + x_4}{n} = \bar{x} $$

3.  **Substitute the known values into the equation:**
    $$ \frac{80 + 90 + 70 + x_4}{4} = 85 $$

4.  **Solve for $x_4$ (the unknown score):**

    *   First, multiply both sides by 4 to isolate the sum of the scores:
        $$ 80 + 90 + 70 + x_4 = 85 \times 4 $$

    *   Calculate the product on the right side:
        $$ 85 \times 4 = 340 $$

    *   So, the equation becomes:
        $$ 80 + 90 + 70 + x_4 = 340 $$

    *   Sum the known scores on the left side:
        $$ 80 + 90 + 70 = 240 $$

    *   Now the equation is:
        $$ 240 + x_4 = 340 $$

    *   Subtract 240 from both sides to find $x_4$:
        $$ x_4 = 340 - 240 $$
        $$ x_4 = 100 $$

### Final Conclusion

The student needs to score **100** on the fourth exam to have an average of 85."
145,academic,logic,Qwen 3.8 27B,"If today is Tuesday, what day of the week will it be 100 days from today? Explain how you determine the answer.","To determine what day of the week it will be 100 days from today, we can use the concept of **modular arithmetic** based on the 7-day cycle of the week.

### Step 1: Understand the Cycle
The days of the week repeat in a cycle of 7 days:
1. Monday
2. Tuesday
3. Wednesday
4. Thursday
5. Friday
6. Saturday
7. Sunday (or 0/7)

Every 7 days, the day of the week resets to the same name. Therefore, to find the future day, we need to determine how many full weeks are in 100 days and what the remainder is.

### Step 2: Calculate the Remainder
We divide the total number of days (100) by the number of days in a week (7):

$$ 100 \div 7 = 14 \text{ with a remainder of } 2 $$

**Verification:**
$$ 14 \times 7 = 98 $$
$$ 100 - 98 = 2 $$

This means 100 days from today is equivalent to **14 full weeks plus 2 additional days**.

### Step 3: Apply the Remainder
Since the 14 full weeks (98 days) will land us on the same day of the week as today (Tuesday), we only need to count forward 2 days from Tuesday.

1. **Day 1 (99 days from today):** Wednesday
2. **Day 2 (100 days from today):** Thursday

### Conclusion
100 days from today will be **Thursday**."
146,academic,science,Qwen 3.8 27B,Explain the difference between mass and weight.,"The distinction between **mass** and **weight** is a fundamental concept in physics, rooted in how these two properties interact with gravity. Although they are often used interchangeably in everyday conversation, they represent different physical quantities with different units and behaviors.

### 1. Mass (The Quantity of Matter)

**Mass** refers to the amount of matter an object contains. It is a measure of the object's inertia (its resistance to acceleration).

*   **Intrinsic Property:** Mass is an intrinsic characteristic of an object. It does not change based on where the object is located in the universe.
*   **Scalar Quantity:** Mass is a scalar quantity, meaning it has magnitude but no direction.
*   **Unit of Measurement:** The standard International System of Units (SI) unit for mass is the **kilogram (kg)**.
*   **Measurement Tool:** It is typically measured using a balance or a scale calibrated for mass (not weight).

> **Example:** If a 70 kg person travels to the Moon, their mass remains exactly 70 kg. The amount of matter making up their body has not changed.

---

### 2. Weight (The Force of Gravity)

**Weight** is the measure of the force of gravitational attraction between an object and a celestial body (like the Earth or the Moon). It is a vector quantity because it has both magnitude and direction (towards the center of the attracting body).

*   **Extrinsic Property:** Weight depends on the local gravitational field. Therefore, it changes based on location.
*   **Vector Quantity:** Weight pulls an object toward the center of mass of the gravitating body.
*   **Unit of Measurement:** Since it is a force, the SI unit for weight is the **Newton (N)**.
*   **Measurement Tool:** It is typically measured using a spring scale.

> **Formula:** Weight is calculated using the formula:
> $$W = m \times g$$
> Where:
> *   $W$ = Weight (Newtons)
> *   $m$ = Mass (kilograms)
> *   $g$ = Acceleration due to gravity ($\approx 9.8 \, \text{m/s}^2$ on Earth)

> **Example:** That same 70 kg person on the Moon (where gravity is roughly 1/6th of Earth's)"
147,academic,weather,Qwen 3.8 27B,Explain why humidity can make a hot day feel hotter.,"To understand why humidity makes a hot day feel hotter, we must first look at how the human body regulates its temperature.

### 1. The Body's Cooling Mechanism: Evaporation
The human body maintains a core temperature of approximately $37^\circ\text{C}$ ($98.6^\circ\text{F}$). When the external environment becomes hotter than the body, the body releases heat through the skin.

*   In cool or dry weather, heat is lost through **convection** (warm air moving away from the body) and **radiation**.
*   In very hot weather (above body temperature), radiation and convection stop working effectively because heat flows from the hotter environment *into* the body.
*   Therefore, the body relies almost entirely on **sweating**.

Sweating works through **evaporative cooling**. When liquid sweat (water) evaporates from the skin into the air, it undergoes a phase change from liquid to gas. This requires energy, known as the *latent heat of vaporization*. The body provides this energy, which sucks heat away from the skin, lowering the skin temperature.

### 2. The Role of Humidity
**Humidity** refers to the amount of water vapor (moisture) currently present in the air, usually measured as relative humidity (percentage).

*   **Low Humidity (Dry Air):** The air has low moisture content, meaning it has a high capacity to absorb more water. When you sweat, the sweat evaporates rapidly. This rapid evaporation removes heat from the body efficiently, making the air feel ""dry"" and cooler than the actual temperature suggests.
*   **High Humidity (Damp Air):** The air is already saturated with water vapor (approaching $100\%$ relative humidity). According to the laws of thermodynamics, saturated air cannot absorb much more water.

### 3. Reduced Heat Loss
On a hot, humid day:
1.  Because the air already contains plenty of moisture, the evaporation of sweat from your skin is slowed down or nearly halted.
2.  If sweat cannot evaporate, the latent heat of vaporization phase change does not occur.
3.  Consequently, the heat from your body is not removed via evaporation.
4.  The sweat remains on the skin as a liquid rather than turning into a gas, leaving you"
148,academic,math,Qwen 3.8 27B,A $50 item is discounted by 20 percent and then taxed at 6 percent. Calculate the final price.,"We are given:

- Original price: **$50**
- Discount: **20%**
- Tax: **6%** (applied **after** the discount)

### Step 1: Apply the 20% discount
A 20% discount means the customer pays **80%** of the original price.

\[
\text{Discounted price} = 50 \times (1 - 0.20) = 50 \times 0.80 = \$40
\]

### Step 2: Apply 6% tax to the discounted price
Tax is applied to the **post-discount** price:

\[
\text{Final price} = 40 \times (1 + 0.06) = 40 \times 1.06 = \$42.40
\]

### ✅ Final Answer:
**$42.40**"
149,academic,logic,Qwen 3.8 27B,A train leaves at 2:15 PM and travels for 2 hours and 47 minutes. What time does it arrive?,"To determine the arrival time, we need to add the travel duration to the departure time.

**1. Identify the given times:**
*   Departure Time: $2:15 \text{ PM}$
*   Travel Duration: $2 \text{ hours and } 47 \text{ minutes}$

**2. Add the hours:**
$$2 \text{ hours} + 2 \text{ hours} = 4 \text{ hours}$$
Current intermediate time: $2:15 \text{ PM} + 2 \text{ hours} = 4:15 \text{ PM}$

**3. Add the minutes:**
$$15 \text{ minutes (from departure)} + 47 \text{ minutes (travel time)} = 62 \text{ minutes}$$

**4. Convert excess minutes to hours:**
Since there are only 60 minutes in an hour, we convert the 62 minutes:
$$62 - 60 = 2 \text{ minutes}$$
We carry over 1 hour.

**5. Final Calculation:**
*   Base time after adding hours: $4:15 \text{ PM}$
*   Add remaining minutes: $4:15 \text{ PM} + 1 \text{ hour and } 2 \text{ minutes}$
*   Hours: $4 + 1 = 5$
*   Minutes: $2$

**Conclusion:**
The train arrives at **5:17 PM**."
150,academic,science,Qwen 3.8 27B,Explain why the seasons occur on Earth.,"### Logical Deduction

To explain why seasons occur on Earth, we must analyze the geometry of the Earth's position in space and its movement relative to the Sun, while simultaneously addressing common misconceptions.

#### 1. The Geometric Factor: Axial Tilt
The primary cause of the seasons is the **axial tilt** of the Earth. The Earth rotates on its axis, which is not perpendicular to its orbital plane (the path it takes around the Sun). Instead, the Earth's axis is tilted by approximately **23.5 degrees**.

*   If the Earth had **no tilt** (0 degrees), the Sun would always be directly overhead at the equator year-round. Every location on Earth would receive roughly the same amount of sunlight and have the same temperature every day of the year. There would be no seasons, only a gradient of temperature from the equator (hot) to the poles (cold).
*   Because of the **23.5° tilt**, the tilt changes the orientation of different parts of the Earth relative to the Sun as the planet revolves.

#### 2. The Mechanism: Solar Intensity and Day Length
As the Earth orbits the Sun, this fixed tilt means that different hemispheres lean *toward* or *away* from the Sun during different parts of the orbit. This results in two main effects:

**A. Angle of Incidence (Intensity of Insolation)**
*   **Summer (Tilted Toward Sun):** When a hemisphere is tilted toward the Sun, sunlight strikes that region at a steeper angle (closer to 90° direct overhead). The energy is concentrated into a smaller surface area, heating it up more efficiently.
*   **Winter (Tilted Away):** When a hemisphere is tilted away, sunlight arrives at a shallower, horizontal angle. The same amount of energy is spread out (distributed) over a larger surface area, resulting in less heating. Additionally, shallow light has to pass through a thicker layer of the atmosphere to reach the ground, which scatters and absorbs more energy.

**B. Length of the Day**
*   **Summer:** The part of the Earth facing the Sun appears to spend more hours in the ""day"" light as a full 24-hour rotation occurs. Longer days provide more time for the surface to absorb heat and cool off slowly at night.
*   **Winter:** Shorter"
